time_since_TG_s,397_magnetic_lat_deg,397_magnetic_lon_deg,398_magnetic_lat_deg,398_magnetic_lon_deg
0.000000,,,,
0.050000,,,,
0.100000,,,,
0.150000,,,,
0.200000,,,,
0.250000,,,,
0.300000,,,,
0.350000,,,,
0.400000,,,,
0.450000,,,,
0.500000,,,,
0.550000,,,,
0.600000,65.24304962,-90.75701141,,
0.650000,65.24305725,-90.75701141,,
0.700000,65.24306488,-90.75701141,,
0.750000,65.24307251,-90.75701904,,
0.800000,65.24308014,-90.75701904,,
0.850000,65.24308777,-90.75701904,,
0.900000,65.24309540,-90.75701904,,
0.950000,65.24310303,-90.75701904,,
1.000000,65.24311066,-90.75701904,,
1.050000,65.24312592,-90.75702667,,
1.100000,65.24313354,-90.75702667,,
1.150000,65.24314880,-90.75702667,,
1.200000,65.24316406,-90.75702667,,
1.250000,65.24317932,-90.75702667,,
1.300000,65.24319458,-90.75703430,,
1.350000,65.24320984,-90.75703430,,
1.400000,65.24322510,-90.75704193,,
1.450000,65.24324799,-90.75704193,,
1.500000,65.24327087,-90.75704193,,
1.550000,65.24328613,-90.75704956,,
1.600000,65.24330902,-90.75704956,,
1.650000,65.24333191,-90.75705719,,
1.700000,65.24335480,-90.75705719,,
1.750000,65.24337769,-90.75705719,,
1.800000,65.24340820,-90.75706482,,
1.850000,65.24343109,-90.75707245,,
1.900000,65.24346161,-90.75707245,,
1.950000,65.24349213,-90.75708008,,
2.000000,65.24352264,-90.75708008,,
2.050000,65.24355316,-90.75708771,,
2.100000,65.24358368,-90.75709534,,
2.150000,65.24361420,-90.75709534,,
2.200000,65.24365234,-90.75710297,,
2.250000,65.24369049,-90.75711060,,
2.300000,65.24372864,-90.75711823,,
2.350000,65.24376678,-90.75712585,,
2.400000,65.24380493,-90.75713348,,
2.450000,65.24384308,-90.75714111,,
2.500000,65.24388885,-90.75714111,,
2.550000,65.24392700,-90.75714874,,
2.600000,65.24397278,-90.75715637,,
2.650000,65.24402618,-90.75716400,,
2.700000,65.24407196,-90.75717163,,
2.750000,65.24412537,-90.75718689,,
2.800000,65.24417114,-90.75719452,,
2.850000,65.24422455,-90.75720215,,
2.900000,65.24427032,-90.75720978,,
2.950000,65.24433136,-90.75721741,,
3.000000,65.24438477,-90.75722504,,
3.050000,65.24443817,-90.75723267,,
3.100000,65.24449921,-90.75724792,,
3.150000,65.24455261,-90.75725555,,
3.200000,65.24461365,-90.75726318,,
3.250000,65.24468231,-90.75727081,,
3.300000,65.24474335,-90.75727844,,
3.350000,65.24481201,-90.75729370,,
3.400000,65.24487305,-90.75730133,,
3.450000,65.24494171,-90.75730896,,
3.500000,65.24501801,-90.75731659,,
3.550000,65.24508667,-90.75732422,,
3.600000,65.24516296,-90.75733948,,
3.650000,65.24523163,-90.75734711,,
3.700000,65.24530792,-90.75735474,,
3.750000,65.24538422,-90.75736237,,
3.800000,65.24546814,-90.75737762,,
3.850000,65.24554443,-90.75738525,,
3.900000,65.24562836,-90.75739288,,
3.950000,65.24571228,-90.75740051,,
4.000000,65.24579620,-90.75741577,,
4.050000,65.24588776,-90.75742340,,
4.100000,65.24597168,-90.75743103,,
4.150000,65.24606323,-90.75743866,,
4.200000,65.24614716,-90.75745392,,
4.250000,65.24624634,-90.75746155,,
4.300000,65.24633789,-90.75746918,,
4.350000,65.24642944,-90.75747681,,
4.400000,65.24652100,-90.75748444,,
4.450000,65.24662018,-90.75749207,,
4.500000,65.24671936,-90.75750732,,
4.550000,65.24681854,-90.75751495,,
4.600000,65.24691772,-90.75752258,,
4.650000,65.24702454,-90.75753021,,
4.700000,65.24712372,-90.75753784,,
4.750000,65.24723053,-90.75754547,,
4.800000,65.24733734,-90.75756073,,
4.850000,65.24744415,-90.75756836,,
4.900000,65.24755096,-90.75757599,,
4.950000,65.24765778,-90.75758362,,
5.000000,65.24777222,-90.75759888,,
5.050000,65.24788666,-90.75760651,,
5.100000,65.24800110,-90.75761414,,
5.150000,65.24811554,-90.75762939,,
5.200000,65.24822998,-90.75763702,,
5.250000,65.24834442,-90.75764465,,
5.300000,65.24846649,-90.75765991,,
5.350000,65.24858093,-90.75766754,,
5.400000,65.24870300,-90.75767517,,
5.450000,65.24882507,-90.75768280,,
5.500000,65.24894714,-90.75769806,,
5.550000,65.24907684,-90.75770569,,
5.600000,65.24919891,-90.75771332,,
5.650000,65.24932861,-90.75772858,,
5.700000,65.24945831,-90.75773621,,
5.750000,65.24958801,-90.75774384,,
5.800000,65.24971771,-90.75775146,,
5.850000,65.24984741,-90.75776672,,
5.900000,65.24997711,-90.75777435,,
5.950000,65.25011444,-90.75778961,,
6.000000,65.25025177,-90.75779724,,
6.050000,65.25038910,-90.75780487,,
6.100000,65.25052643,-90.75782013,,
6.150000,65.25066376,-90.75783539,,
6.200000,65.25080109,-90.75784302,,
6.250000,65.25094604,-90.75785828,,
6.300000,65.25108337,-90.75786591,,
6.350000,65.25122070,-90.75788116,,
6.400000,65.25135803,-90.75788879,,
6.450000,65.25149536,-90.75790405,,
6.500000,65.25164032,-90.75791168,,
6.550000,65.25177765,-90.75791931,,
6.600000,65.25191498,-90.75793457,,
6.650000,65.25205231,-90.75794220,,
6.700000,65.25218964,-90.75795746,,
6.750000,65.25232697,-90.75796509,,
6.800000,65.25246429,-90.75797272,,
6.850000,65.25259399,-90.75798798,,
6.900000,65.25273132,-90.75799561,,
6.950000,65.25286865,-90.75801086,,
7.000000,65.25300598,-90.75801849,,
7.050000,65.25314331,-90.75803375,,
7.100000,65.25328064,-90.75804138,,
7.150000,65.25341034,-90.75804901,,
7.200000,65.25354767,-90.75806427,,
7.250000,65.25368500,-90.75807953,,
7.300000,65.25382233,-90.75808716,,
7.350000,65.25395203,-90.75809479,,
7.400000,65.25408936,-90.75811005,,
7.450000,65.25421906,-90.75811768,,
7.500000,65.25435638,-90.75813293,,
7.550000,65.25448608,-90.75814056,,
7.600000,65.25462341,-90.75814819,,
7.650000,65.25475311,-90.75816345,,
7.700000,65.25488281,-90.75817108,,
7.750000,65.25502014,-90.75817871,,
7.800000,65.25514984,-90.75819397,,
7.850000,65.25527954,-90.75820160,,
7.900000,65.25541687,-90.75821686,,
7.950000,65.25554657,-90.75822449,,
8.000000,65.25567627,-90.75823212,,
8.050000,65.25580597,-90.75824738,,
8.100000,65.25593567,-90.75825500,,
8.150000,65.25606537,-90.75826263,,
8.200000,65.25619507,-90.75827789,,
8.250000,65.25632477,-90.75828552,,
8.300000,65.25645447,-90.75829315,,
8.350000,65.25659180,-90.75830841,,
8.400000,65.25672150,-90.75831604,,
8.450000,65.25685120,-90.75833130,,
8.500000,65.25698090,-90.75833893,,
8.550000,65.25710297,-90.75834656,,
8.600000,65.25723267,-90.75836182,,
8.650000,65.25736237,-90.75836945,,
8.700000,65.25749207,-90.75837708,,
8.750000,65.25762177,-90.75839233,,
8.800000,65.25774384,-90.75839996,,
8.850000,65.25787354,-90.75840759,,
8.900000,65.25800323,-90.75842285,,
8.950000,65.25812531,-90.75843048,,
9.000000,65.25825500,-90.75843811,,
9.050000,65.25838470,-90.75845337,,
9.100000,65.25850677,-90.75846100,,
9.150000,65.25863647,-90.75846863,,
9.200000,65.25875854,-90.75847626,,
9.250000,65.25888824,-90.75849152,,
9.300000,65.25901031,-90.75849915,,
9.350000,65.25914001,-90.75850677,,
9.400000,65.25926208,-90.75852203,,
9.450000,65.25939178,-90.75852966,,
9.500000,65.25951385,-90.75853729,,
9.550000,65.25964355,-90.75855255,,
9.600000,65.25976562,-90.75856018,,
9.650000,65.25989532,-90.75856781,,
9.700000,65.26002502,-90.75858307,,
9.750000,65.26015472,-90.75859070,,
9.800000,65.26027679,-90.75859833,,
9.850000,65.26040649,-90.75861359,,
9.900000,65.26053619,-90.75862122,,
9.950000,65.26066589,-90.75863647,,
10.000000,65.26079559,-90.75864410,,
10.050000,65.26092529,-90.75865936,,
10.100000,65.26106262,-90.75866699,,
10.150000,65.26119232,-90.75867462,,
10.200000,65.26132202,-90.75868988,,
10.250000,65.26145935,-90.75869751,,
10.300000,65.26158905,-90.75871277,,
10.350000,65.26172638,-90.75872803,,
10.400000,65.26185608,-90.75873566,,
10.450000,65.26199341,-90.75875092,,
10.500000,65.26213074,-90.75875854,,
10.550000,65.26226807,-90.75877380,,
10.600000,65.26239777,-90.75878906,,
10.650000,65.26253510,-90.75879669,,
10.700000,65.26267242,-90.75881195,,
10.750000,65.26280975,-90.75882721,,
10.800000,65.26294708,-90.75883484,,
10.850000,65.26308441,-90.75885010,,
10.900000,65.26322174,-90.75886536,,
10.950000,65.26336670,-90.75887299,,
11.000000,65.26350403,-90.75888824,,
11.050000,65.26364136,-90.75890350,,
11.100000,65.26378632,-90.75891113,,
11.150000,65.26392365,-90.75892639,,
11.200000,65.26406860,-90.75894165,,
11.250000,65.26420593,-90.75895691,,
11.300000,65.26435089,-90.75897217,,
11.350000,65.26449585,-90.75897980,,
11.400000,65.26464081,-90.75899506,,
11.450000,65.26477814,-90.75901031,,
11.500000,65.26492310,-90.75902557,,
11.550000,65.26506805,-90.75904083,,
11.600000,65.26521301,-90.75905609,,
11.650000,65.26536560,-90.75907135,,
11.700000,65.26551056,-90.75908661,,
11.750000,65.26565552,-90.75910187,,
11.800000,65.26580048,-90.75911713,,
11.850000,65.26595306,-90.75913239,,
11.900000,65.26609802,-90.75914764,,
11.950000,65.26624298,-90.75916290,,
12.000000,65.26639557,-90.75917816,,
12.050000,65.26654816,-90.75920105,,
12.100000,65.26669312,-90.75921631,,
12.150000,65.26684570,-90.75923157,,
12.200000,65.26699829,-90.75924683,,
12.250000,65.26715088,-90.75926208,,
12.300000,65.26729584,-90.75927734,,
12.350000,65.26744843,-90.75930023,,
12.400000,65.26760864,-90.75931549,,
12.450000,65.26776123,-90.75933075,,
12.500000,65.26791382,-90.75935364,,
12.550000,65.26806641,-90.75936890,,
12.600000,65.26821899,-90.75938416,,
12.650000,65.26837921,-90.75940704,,
12.700000,65.26853180,-90.75942230,,
12.750000,65.26869202,-90.75944519,,
12.800000,65.26885223,-90.75946045,,
12.850000,65.26900482,-90.75947571,,
12.900000,65.26916504,-90.75949860,,
12.950000,65.26932526,-90.75951385,,
13.000000,65.26948547,-90.75953674,,
13.050000,65.26964569,-90.75955963,,
13.100000,65.26980591,-90.75957489,,
13.150000,65.26996613,-90.75959778,,
13.200000,65.27012634,-90.75961304,,
13.250000,65.27028656,-90.75963593,,
13.300000,65.27044678,-90.75965881,,
13.350000,65.27061462,-90.75967407,,
13.400000,65.27077484,-90.75969696,,
13.450000,65.27093506,-90.75971985,,
13.500000,65.27110291,-90.75974274,,
13.550000,65.27127075,-90.75975800,,
13.600000,65.27143097,-90.75978088,,
13.650000,65.27159882,-90.75980377,,
13.700000,65.27176666,-90.75982666,,
13.750000,65.27193451,-90.75984955,,
13.800000,65.27210236,-90.75987244,,
13.850000,65.27227783,-90.75989532,,
13.900000,65.27244568,-90.75991821,,
13.950000,65.27261353,-90.75994110,,
14.000000,65.27278137,-90.75996399,,
14.050000,65.27295685,-90.75998688,,
14.100000,65.27312469,-90.76001740,,
14.150000,65.27330017,-90.76004028,,
14.200000,65.27347565,-90.76006317,,
14.250000,65.27364349,-90.76008606,,
14.300000,65.27381897,-90.76010895,,
14.350000,65.27399445,-90.76013947,,
14.400000,65.27416992,-90.76016235,,
14.450000,65.27434540,-90.76019287,,
14.500000,65.27452087,-90.76021576,,
14.550000,65.27470398,-90.76023865,,
14.600000,65.27487946,-90.76026917,,
14.650000,65.27505493,-90.76029205,,
14.700000,65.27523804,-90.76032257,,
14.750000,65.27542114,-90.76034546,,
14.800000,65.27559662,-90.76037598,,
14.850000,65.27577972,-90.76040649,,
14.900000,65.27596283,-90.76042938,,
14.950000,65.27614594,-90.76045990,,
15.000000,65.27632904,-90.76049042,,
15.050000,65.27651215,-90.76052094,,
15.100000,65.27670288,-90.76055145,,
15.150000,65.27688599,-90.76057434,,
15.200000,65.27706909,-90.76060486,,
15.250000,65.27725983,-90.76063538,,
15.300000,65.27744293,-90.76066589,,
15.350000,65.27763367,-90.76069641,,
15.400000,65.27782440,-90.76073456,,
15.450000,65.27801514,-90.76076508,,
15.500000,65.27820587,-90.76079559,,
15.550000,65.27839661,-90.76082611,,
15.600000,65.27858734,-90.76085663,,
15.650000,65.27877808,-90.76088715,,
15.700000,65.27897644,-90.76092529,,
15.750000,65.27916718,-90.76095581,,
15.800000,65.27936554,-90.76099396,,
15.850000,65.27955627,-90.76102448,,
15.900000,65.27975464,-90.76106262,,
15.950000,65.27995300,-90.76109314,,
16.000000,65.28015137,-90.76113129,,
16.050000,65.28034973,-90.76116943,,
16.100000,65.28054810,-90.76119995,,
16.150000,65.28074646,-90.76123810,,
16.200000,65.28094482,-90.76127625,,
16.250000,65.28115082,-90.76131439,,
16.300000,65.28134918,-90.76134491,,
16.350000,65.28155518,-90.76138306,,
16.400000,65.28176117,-90.76142120,,
16.450000,65.28195953,-90.76145935,,
16.500000,65.28216553,-90.76149750,,
16.550000,65.28237152,-90.76153564,,
16.600000,65.28257751,-90.76158142,,
16.650000,65.28278351,-90.76161957,,
16.700000,65.28298950,-90.76165771,,
16.750000,65.28320312,-90.76169586,,
16.800000,65.28340912,-90.76174164,,
16.850000,65.28362274,-90.76177979,,
16.900000,65.28382874,-90.76181793,,
16.950000,65.28404236,-90.76186371,,
17.000000,65.28425598,-90.76190186,,
17.050000,65.28446960,-90.76194763,,
17.100000,65.28468323,-90.76199341,,
17.150000,65.28489685,-90.76203156,,
17.200000,65.28511047,-90.76207733,,
17.250000,65.28532410,-90.76212311,,
17.300000,65.28554535,-90.76216125,,
17.350000,65.28575897,-90.76220703,,
17.400000,65.28598022,-90.76225281,,
17.450000,65.28619385,-90.76229858,,
17.500000,65.28641510,-90.76234436,,
17.550000,65.28663635,-90.76239014,,
17.600000,65.28685760,-90.76243591,,
17.650000,65.28707886,-90.76248169,,
17.700000,65.28730011,-90.76252747,,
17.750000,65.28752136,-90.76257324,,
17.800000,65.28775024,-90.76261902,,
17.850000,65.28797150,-90.76266479,,
17.900000,65.28820038,-90.76271057,,
17.950000,65.28842163,-90.76276398,,
18.000000,65.28865051,-90.76280975,,
18.050000,65.28887939,-90.76285553,,
18.100000,65.28910828,-90.76290894,,
18.150000,65.28933716,-90.76295471,,
18.200000,65.28957367,-90.76300812,,
18.250000,65.28980255,-90.76305389,,
18.300000,65.29003143,-90.76310730,,
18.350000,65.29026794,-90.76315308,,
18.400000,65.29049683,-90.76320648,,
18.450000,65.29073334,-90.76325989,,
18.500000,65.29096985,-90.76330566,,
18.550000,65.29119873,-90.76335907,,
18.600000,65.29143524,-90.76341248,,
18.650000,65.29167938,-90.76346588,,
18.700000,65.29191589,-90.76351166,,
18.750000,65.29215240,-90.76356506,,
18.800000,65.29238892,-90.76361847,,
18.850000,65.29263306,-90.76367188,,
18.900000,65.29287720,-90.76372528,,
18.950000,65.29311371,-90.76377869,,
19.000000,65.29335785,-90.76383209,,
19.050000,65.29360199,-90.76388550,,
19.100000,65.29384613,-90.76393890,,
19.150000,65.29409027,-90.76399994,,
19.200000,65.29434204,-90.76405334,,
19.250000,65.29458618,-90.76410675,,
19.300000,65.29483795,-90.76416779,,
19.350000,65.29508209,-90.76422119,,
19.400000,65.29533386,-90.76427460,,
19.450000,65.29558563,-90.76433563,,
19.500000,65.29583740,-90.76438904,,
19.550000,65.29608917,-90.76445007,,
19.600000,65.29634094,-90.76450348,,
19.650000,65.29659271,-90.76456451,,
19.700000,65.29684448,-90.76461792,,
19.750000,65.29710388,-90.76467896,,
19.800000,65.29736328,-90.76473999,,
19.850000,65.29761505,-90.76480103,,
19.900000,65.29787445,-90.76485443,,
19.950000,65.29813385,-90.76491547,,
20.000000,65.29839325,-90.76497650,,
20.050000,65.29865265,-90.76503754,,
20.100000,65.29891205,-90.76509857,,
20.150000,65.29917908,-90.76515961,,
20.200000,65.29943848,-90.76522064,,
20.250000,65.29970551,-90.76528168,,
20.300000,65.29997253,-90.76534271,,
20.350000,65.30023956,-90.76540375,,
20.400000,65.30050659,-90.76546478,,
20.450000,65.30077362,-90.76553345,,
20.500000,65.30104065,-90.76559448,,
20.550000,65.30130768,-90.76565552,,
20.600000,65.30158234,-90.76571655,,
20.650000,65.30184937,-90.76578522,,
20.700000,65.30212402,-90.76584625,,
20.750000,65.30239868,-90.76591492,,
20.800000,65.30266571,-90.76597595,,
20.850000,65.30294037,-90.76604462,,
20.900000,65.30322266,-90.76610565,,
20.950000,65.30349731,-90.76617432,,
21.000000,65.30377197,-90.76623535,,
21.050000,65.30405426,-90.76630402,,
21.100000,65.30432892,-90.76637268,,
21.150000,65.30461121,-90.76644135,,
21.200000,65.30489349,-90.76650238,,
21.250000,65.30517578,-90.76657104,,
21.300000,65.30545807,-90.76663971,,
21.350000,65.30574036,-90.76670837,,
21.400000,65.30603027,-90.76677704,,
21.450000,65.30631256,-90.76684570,,
21.500000,65.30660248,-90.76691437,,
21.550000,65.30689240,-90.76698303,,
21.600000,65.30717468,-90.76705170,,
21.650000,65.30746460,-90.76712799,,
21.700000,65.30775452,-90.76719666,,
21.750000,65.30805206,-90.76726532,,
21.800000,65.30834198,-90.76733398,,
21.850000,65.30863953,-90.76741028,,
21.900000,65.30892944,-90.76747894,,
21.950000,65.30922699,-90.76755524,,
22.000000,65.30952454,-90.76762390,,
22.050000,65.30982208,-90.76770020,,
22.100000,65.31011963,-90.76776886,,
22.150000,65.31041718,-90.76784515,,
22.200000,65.31071472,-90.76791382,,
22.250000,65.31101990,-90.76799011,,
22.300000,65.31132507,-90.76806641,,
22.350000,65.31162262,-90.76814270,,
22.400000,65.31192780,-90.76821136,,
22.450000,65.31223297,-90.76828766,,
22.500000,65.31254578,-90.76836395,,
22.550000,65.31285095,-90.76844025,,
22.600000,65.31315613,-90.76851654,,
22.650000,65.31346893,-90.76859283,,
22.700000,65.31378174,-90.76866913,,
22.750000,65.31409454,-90.76874542,,
22.800000,65.31439972,-90.76882172,,
22.850000,65.31472015,-90.76890564,,
22.900000,65.31503296,-90.76898193,,
22.950000,65.31534576,-90.76905823,,
23.000000,65.31566620,-90.76913452,,
23.050000,65.31597900,-90.76921844,,
23.100000,65.31629944,-90.76929474,,
23.150000,65.31661987,-90.76937866,,
23.200000,65.31694031,-90.76945496,,
23.250000,65.31726074,-90.76953888,,
23.300000,65.31758881,-90.76961517,,
23.350000,65.31790924,-90.76969910,,
23.400000,65.31823730,-90.76978302,,
23.450000,65.31855774,-90.76985931,,
23.500000,65.31888580,-90.76994324,,
23.550000,65.31921387,-90.77002716,,
23.600000,65.31954193,-90.77011108,,
23.650000,65.31987762,-90.77019501,,
23.700000,65.32020569,-90.77027893,,
23.750000,65.32054138,-90.77036285,,
23.800000,65.32087708,-90.77044678,,
23.850000,65.32120514,-90.77053070,,
23.900000,65.32154083,-90.77061462,,
23.950000,65.32188416,-90.77069855,,
24.000000,65.32221985,-90.77078247,,
24.050000,65.32255554,-90.77086639,,
24.100000,65.32289886,-90.77095795,,
24.150000,65.32324219,-90.77104187,,
24.200000,65.32358551,-90.77112579,,
24.250000,65.32392883,-90.77121735,,
24.300000,65.32427216,-90.77130127,,
24.350000,65.32461548,-90.77139282,,
24.400000,65.32496643,-90.77147675,,
24.450000,65.32530975,-90.77156830,,
24.500000,65.32566071,-90.77165222,,
24.550000,65.32601166,-90.77174377,,
24.600000,65.32636261,-90.77183533,,
24.650000,65.32671356,-90.77192688,,
24.700000,65.32707214,-90.77201843,,
24.750000,65.32742310,-90.77210236,,
24.800000,65.32778168,-90.77219391,,
24.850000,65.32814026,-90.77228546,,
24.900000,65.32849884,-90.77237701,,
24.950000,65.32885742,-90.77246857,,
25.000000,65.32921600,-90.77256775,,
25.050000,65.32957458,-90.77265930,,
25.100000,65.32994080,-90.77275085,,
25.150000,65.33030701,-90.77284241,,
25.200000,65.33067322,-90.77293396,,
25.250000,65.33103943,-90.77303314,,
25.300000,65.33140564,-90.77312469,,
25.350000,65.33177185,-90.77322388,,
25.400000,65.33214569,-90.77331543,,
25.450000,65.33251190,-90.77341461,,
25.500000,65.33288574,-90.77350616,,
25.550000,65.33325958,-90.77360535,,
25.600000,65.33363342,-90.77369690,,
25.650000,65.33400726,-90.77379608,,
25.700000,65.33438873,-90.77389526,,
25.750000,65.33477020,-90.77399445,,
25.800000,65.33514404,-90.77408600,,
25.850000,65.33552551,-90.77418518,,
25.900000,65.33590698,-90.77428436,,
25.950000,65.33629608,-90.77438354,,
26.000000,65.33667755,-90.77448273,,
26.050000,65.33705902,-90.77458191,,
26.100000,65.33744812,-90.77468109,,
26.150000,65.33783722,-90.77478790,,
26.200000,65.33822632,-90.77488708,,
26.250000,65.33861542,-90.77498627,,
26.300000,65.33901215,-90.77508545,,
26.350000,65.33940125,-90.77519226,,
26.400000,65.33979797,-90.77529144,,
26.450000,65.34019470,-90.77539825,,
26.500000,65.34059143,-90.77549744,,
26.550000,65.34098816,-90.77560425,,
26.600000,65.34138489,-90.77570343,,
26.650000,65.34178925,-90.77581024,,
26.700000,65.34218597,-90.77591705,,
26.750000,65.34259033,-90.77601624,,
26.800000,65.34299469,-90.77612305,,
26.850000,65.34340668,-90.77622986,,
26.900000,65.34381104,-90.77633667,,
26.950000,65.34421539,-90.77644348,,
27.000000,65.34462738,-90.77655029,,
27.050000,65.34503937,-90.77665710,,
27.100000,65.34545135,-90.77676392,,
27.150000,65.34586334,-90.77687073,,
27.200000,65.34627533,-90.77697754,,
27.250000,65.34669495,-90.77708435,,
27.300000,65.34710693,-90.77719879,,
27.350000,65.34752655,-90.77730560,,
27.400000,65.34794617,-90.77741241,,
27.450000,65.34837341,-90.77752686,,
27.500000,65.34879303,-90.77763367,,
27.550000,65.34921265,-90.77774811,,
27.600000,65.34963989,-90.77786255,,
27.650000,65.35006714,-90.77796936,,
27.700000,65.35049438,-90.77808380,,
27.750000,65.35092163,-90.77819824,,
27.800000,65.35135651,-90.77830505,,
27.850000,65.35178375,-90.77841949,,
27.900000,65.35221863,-90.77853394,,
27.950000,65.35265350,-90.77864838,,
28.000000,65.35308838,-90.77876282,,
28.050000,65.35352325,-90.77887726,,
28.100000,65.35395813,-90.77899170,,
28.150000,65.35440063,-90.77910614,,
28.200000,65.35484314,-90.77922058,,
28.250000,65.35528564,-90.77934265,,
28.300000,65.35572815,-90.77945709,,
28.350000,65.35617065,-90.77957153,,
28.400000,65.35662079,-90.77969360,,
28.450000,65.35706329,-90.77980804,,
28.500000,65.35751343,-90.77993011,,
28.550000,65.35796356,-90.78004456,,
28.600000,65.35841370,-90.78016663,,
28.650000,65.35887146,-90.78028870,,
28.700000,65.35932159,-90.78040314,,
28.750000,65.35977936,-90.78052521,,
28.800000,65.36023712,-90.78064728,,
28.850000,65.36069489,-90.78076935,,
28.900000,65.36115265,-90.78089142,,
28.950000,65.36161804,-90.78101349,,
29.000000,65.36207581,-90.78113556,,
29.050000,65.36254120,-90.78125763,,
29.100000,65.36300659,-90.78137970,,
29.150000,65.36347198,-90.78150177,,
29.200000,65.36394501,-90.78163147,,
29.250000,65.36441040,-90.78175354,,
29.300000,65.36488342,-90.78187561,,
29.350000,65.36535645,-90.78200531,,
29.400000,65.36582947,-90.78212738,,
29.450000,65.36631012,-90.78225708,,
29.500000,65.36678314,-90.78237915,,
29.550000,65.36726379,-90.78250885,,
29.600000,65.36773682,-90.78263855,,
29.650000,65.36821747,-90.78276062,,
29.700000,65.36870575,-90.78289032,,
29.750000,65.36918640,-90.78302002,,
29.800000,65.36967468,-90.78314972,,
29.850000,65.37016296,-90.78327942,,
29.900000,65.37065125,-90.78340912,,
29.950000,65.37113953,-90.78353882,,
30.000000,65.37162781,-90.78366852,,
30.050000,65.37212372,-90.78379822,,
30.100000,65.37261200,-90.78393555,,
30.150000,65.37311554,-90.78406525,,
30.200000,65.37361145,-90.78420258,,
30.250000,65.37410736,-90.78433228,,
30.300000,65.37461090,-90.78446960,,
30.350000,65.37511444,-90.78459930,,
30.400000,65.37561798,-90.78473663,,
30.450000,65.37612152,-90.78486633,,
30.500000,65.37662506,-90.78500366,,
30.550000,65.37713623,-90.78514099,,
30.600000,65.37763977,-90.78527832,,
30.650000,65.37815094,-90.78540802,,
30.700000,65.37866974,-90.78554535,,
30.750000,65.37918091,-90.78568268,,
30.800000,65.37969208,-90.78582001,,
30.850000,65.38021088,-90.78595734,,
30.900000,65.38072968,-90.78610229,65.24389648,-90.75489044
30.950000,65.38124847,-90.78623962,65.24390411,-90.75489044
31.000000,65.38177490,-90.78637695,65.24391174,-90.75489044
31.050000,65.38229370,-90.78651428,65.24392700,-90.75489044
31.100000,65.38282013,-90.78665924,65.24393463,-90.75489044
31.150000,65.38334656,-90.78679657,65.24394989,-90.75489044
31.200000,65.38387299,-90.78694153,65.24396515,-90.75488281
31.250000,65.38440704,-90.78708649,65.24398041,-90.75488281
31.300000,65.38493347,-90.78722382,65.24399567,-90.75488281
31.350000,65.38546753,-90.78736877,65.24401093,-90.75488281
31.400000,65.38600159,-90.78751373,65.24402618,-90.75488281
31.450000,65.38653564,-90.78765869,65.24404907,-90.75487518
31.500000,65.38707733,-90.78780365,65.24406433,-90.75487518
31.550000,65.38761139,-90.78794098,65.24408722,-90.75487518
31.600000,65.38815308,-90.78808594,65.24411011,-90.75486755
31.650000,65.38869476,-90.78823853,65.24413300,-90.75486755
31.700000,65.38923645,-90.78838348,65.24415588,-90.75486755
31.750000,65.38978577,-90.78852844,65.24417877,-90.75485992
31.800000,65.39033508,-90.78867340,65.24420929,-90.75485992
31.850000,65.39088440,-90.78881836,65.24423218,-90.75485992
31.900000,65.39143372,-90.78897095,65.24426270,-90.75485229
31.950000,65.39198303,-90.78911591,65.24429321,-90.75485229
32.000000,65.39253998,-90.78926849,65.24432373,-90.75484467
32.050000,65.39308929,-90.78941345,65.24435425,-90.75484467
32.100000,65.39364624,-90.78956604,65.24439240,-90.75483704
32.150000,65.39421082,-90.78971863,65.24442291,-90.75483704
32.200000,65.39476776,-90.78986359,65.24446106,-90.75482941
32.250000,65.39533234,-90.79001617,65.24449921,-90.75482941
32.300000,65.39588928,-90.79016876,65.24453735,-90.75482178
32.350000,65.39645386,-90.79032135,65.24458313,-90.75482178
32.400000,65.39702606,-90.79047394,65.24462128,-90.75481415
32.450000,65.39759064,-90.79062653,65.24466705,-90.75481415
32.500000,65.39816284,-90.79077911,65.24470520,-90.75480652
32.550000,65.39873505,-90.79093170,65.24475098,-90.75479889
32.600000,65.39930725,-90.79108429,65.24479675,-90.75479889
32.650000,65.39987946,-90.79124451,65.24485016,-90.75479126
32.700000,65.40045166,-90.79139709,65.24489594,-90.75478363
32.750000,65.40103149,-90.79155731,65.24494934,-90.75477600
32.800000,65.40161133,-90.79170990,65.24500275,-90.75477600
32.850000,65.40219116,-90.79187012,65.24505615,-90.75476837
32.900000,65.40277100,-90.79202271,65.24510956,-90.75476074
32.950000,65.40335846,-90.79218292,65.24517059,-90.75475311
33.000000,65.40394592,-90.79234314,65.24522400,-90.75474548
33.050000,65.40452576,-90.79249573,65.24528503,-90.75473785
33.100000,65.40512085,-90.79265594,65.24534607,-90.75473022
33.150000,65.40570831,-90.79281616,65.24541473,-90.75472260
33.200000,65.40629578,-90.79297638,65.24547577,-90.75471497
33.250000,65.40689087,-90.79313660,65.24554443,-90.75470734
33.300000,65.40748596,-90.79329681,65.24561310,-90.75469971
33.350000,65.40808105,-90.79345703,65.24568176,-90.75468445
33.400000,65.40867615,-90.79362488,65.24575043,-90.75467682
33.450000,65.40927124,-90.79378510,65.24582672,-90.75466919
33.500000,65.40987396,-90.79394531,65.24589539,-90.75465393
33.550000,65.41047668,-90.79411316,65.24597168,-90.75464630
33.600000,65.41107941,-90.79427338,65.24604797,-90.75463104
33.650000,65.41168213,-90.79443359,65.24613190,-90.75462341
33.700000,65.41229248,-90.79460144,65.24620819,-90.75460815
33.750000,65.41289520,-90.79476929,65.24629211,-90.75459290
33.800000,65.41350555,-90.79492950,65.24637604,-90.75458527
33.850000,65.41411591,-90.79509735,65.24645996,-90.75457001
33.900000,65.41472626,-90.79525757,65.24655151,-90.75455475
33.950000,65.41533661,-90.79542542,65.24663544,-90.75453949
34.000000,65.41595459,-90.79559326,65.24672699,-90.75452423
34.050000,65.41656494,-90.79576111,65.24681854,-90.75450897
34.100000,65.41718292,-90.79592896,65.24691010,-90.75449371
34.150000,65.41780090,-90.79609680,65.24700165,-90.75447845
34.200000,65.41841888,-90.79626465,65.24710083,-90.75446320
34.250000,65.41903687,-90.79643250,65.24720001,-90.75444794
34.300000,65.41966248,-90.79660034,65.24729919,-90.75442505
34.350000,65.42028046,-90.79676819,65.24739838,-90.75440979
34.400000,65.42090607,-90.79693604,65.24749756,-90.75439453
34.450000,65.42153168,-90.79711151,65.24760437,-90.75437164
34.500000,65.42215729,-90.79727936,65.24771118,-90.75435638
34.550000,65.42278290,-90.79744720,65.24781799,-90.75433350
34.600000,65.42341614,-90.79762268,65.24792480,-90.75431824
34.650000,65.42404175,-90.79779053,65.24803162,-90.75429535
34.700000,65.42467499,-90.79796600,65.24813843,-90.75427246
34.750000,65.42530060,-90.79813385,65.24825287,-90.75424957
34.800000,65.42593384,-90.79830933,65.24836731,-90.75423431
34.850000,65.42656708,-90.79847717,65.24848175,-90.75421143
34.900000,65.42720032,-90.79865265,65.24859619,-90.75418854
34.950000,65.42783356,-90.79882050,65.24871826,-90.75416565
35.000000,65.42846680,-90.79899597,65.24883270,-90.75414276
35.050000,65.42910767,-90.79917145,65.24895477,-90.75411987
35.100000,65.42974091,-90.79934692,65.24907684,-90.75409698
35.150000,65.43038177,-90.79951477,65.24919891,-90.75407410
35.200000,65.43102264,-90.79969025,65.24932098,-90.75405121
35.250000,65.43165588,-90.79986572,65.24945068,-90.75402069
35.300000,65.43229675,-90.80004120,65.24958038,-90.75399780
35.350000,65.43293762,-90.80021667,65.24971008,-90.75397491
35.400000,65.43357849,-90.80039215,65.24983978,-90.75394440
35.450000,65.43421936,-90.80056763,65.24996948,-90.75392151
35.500000,65.43486023,-90.80074310,65.25010681,-90.75389862
35.550000,65.43550110,-90.80091858,65.25023651,-90.75386810
35.600000,65.43614197,-90.80109406,65.25037384,-90.75384521
35.650000,65.43678284,-90.80126953,65.25051117,-90.75381470
35.700000,65.43742371,-90.80144501,65.25064850,-90.75379181
35.750000,65.43806458,-90.80162048,65.25079346,-90.75376129
35.800000,65.43870544,-90.80179596,65.25093079,-90.75373077
35.850000,65.43934631,-90.80197144,65.25107574,-90.75370789
35.900000,65.43998718,-90.80214691,65.25121307,-90.75367737
35.950000,65.44062805,-90.80232239,65.25135803,-90.75364685
36.000000,65.44126892,-90.80249786,65.25150299,-90.75361633
36.050000,65.44190979,-90.80267334,65.25164795,-90.75359344
36.100000,65.44255066,-90.80284882,65.25179291,-90.75356293
36.150000,65.44319153,-90.80302429,65.25193787,-90.75353241
36.200000,65.44383240,-90.80319977,65.25208282,-90.75350189
36.250000,65.44447327,-90.80337524,65.25222778,-90.75347900
36.300000,65.44511414,-90.80355072,65.25237274,-90.75344849
36.350000,65.44575500,-90.80372620,65.25251770,-90.75341797
36.400000,65.44639587,-90.80390167,65.25266266,-90.75338745
36.450000,65.44703674,-90.80407715,65.25280762,-90.75335693
36.500000,65.44767761,-90.80425262,65.25295258,-90.75333405
36.550000,65.44831848,-90.80443573,65.25309753,-90.75330353
36.600000,65.44895172,-90.80460358,65.25324249,-90.75328064
36.650000,65.44959259,-90.80478668,65.25338745,-90.75325012
36.700000,65.45023346,-90.80496216,65.25352478,-90.75321960
36.750000,65.45087433,-90.80513763,65.25366974,-90.75319672
36.800000,65.45151520,-90.80531311,65.25381470,-90.75316620
36.850000,65.45215607,-90.80548859,65.25395203,-90.75313568
36.900000,65.45278931,-90.80566406,65.25409698,-90.75310516
36.950000,65.45343018,-90.80583954,65.25424194,-90.75308228
37.000000,65.45407104,-90.80601501,65.25437927,-90.75305176
37.050000,65.45471191,-90.80619049,65.25452423,-90.75302124
37.100000,65.45534515,-90.80636597,65.25466156,-90.75299072
37.150000,65.45598602,-90.80654144,65.25479889,-90.75296783
37.200000,65.45662689,-90.80671692,65.25494385,-90.75293732
37.250000,65.45726776,-90.80689240,65.25508118,-90.75290680
37.300000,65.45790100,-90.80706787,65.25521851,-90.75288391
37.350000,65.45854187,-90.80724335,65.25536346,-90.75285339
37.400000,65.45918274,-90.80741882,65.25550079,-90.75282288
37.450000,65.45981598,-90.80759430,65.25563812,-90.75279999
37.500000,65.46045685,-90.80776978,65.25578308,-90.75276947
37.550000,65.46109009,-90.80794525,65.25592041,-90.75273895
37.600000,65.46173096,-90.80812073,65.25605774,-90.75271606
37.650000,65.46237183,-90.80829620,65.25619507,-90.75269318
37.700000,65.46300507,-90.80847168,65.25633240,-90.75266266
37.750000,65.46364594,-90.80864716,65.25646973,-90.75263214
37.800000,65.46427917,-90.80882263,65.25661469,-90.75260925
37.850000,65.46492004,-90.80899811,65.25674438,-90.75257874
37.900000,65.46556091,-90.80917358,65.25688171,-90.75254822
37.950000,65.46619415,-90.80934906,65.25701904,-90.75252533
38.000000,65.46683502,-90.80952454,65.25715637,-90.75249481
38.050000,65.46746826,-90.80970764,65.25729370,-90.75246429
38.100000,65.46810913,-90.80988312,65.25743103,-90.75244141
38.150000,65.46874237,-90.81005859,65.25756836,-90.75241089
38.200000,65.46938324,-90.81023407,65.25769806,-90.75238037
38.250000,65.47001648,-90.81040955,65.25783539,-90.75235748
38.300000,65.47065735,-90.81058502,65.25797272,-90.75232697
38.350000,65.47129059,-90.81076050,65.25810242,-90.75229645
38.400000,65.47192383,-90.81093597,65.25823975,-90.75227356
38.450000,65.47256470,-90.81111145,65.25837708,-90.75224304
38.500000,65.47319794,-90.81128693,65.25850677,-90.75222015
38.550000,65.47383881,-90.81146240,65.25864410,-90.75218964
38.600000,65.47447205,-90.81163788,65.25877380,-90.75215912
38.650000,65.47510529,-90.81181335,65.25891113,-90.75213623
38.700000,65.47574615,-90.81198883,65.25904846,-90.75211334
38.750000,65.47637939,-90.81216431,65.25917816,-90.75208282
38.800000,65.47701263,-90.81233978,65.25931549,-90.75205231
38.850000,65.47765350,-90.81251526,65.25944519,-90.75202942
38.900000,65.47828674,-90.81269073,65.25957489,-90.75199890
38.950000,65.47891998,-90.81286621,65.25970459,-90.75197601
39.000000,65.47955322,-90.81304932,65.25984192,-90.75194550
39.050000,65.48019409,-90.81322479,65.25997162,-90.75192261
39.100000,65.48082733,-90.81340027,65.26010132,-90.75189209
39.150000,65.48146057,-90.81357574,65.26023865,-90.75186157
39.200000,65.48210144,-90.81375122,65.26036835,-90.75183868
39.250000,65.48273468,-90.81392670,65.26049805,-90.75180817
39.300000,65.48336792,-90.81410217,65.26062775,-90.75178528
39.350000,65.48400116,-90.81427765,65.26075745,-90.75175476
39.400000,65.48463440,-90.81445312,65.26088715,-90.75173187
39.450000,65.48527527,-90.81462860,65.26101685,-90.75170135
39.500000,65.48590851,-90.81480408,65.26114655,-90.75167084
39.550000,65.48654175,-90.81497955,65.26127625,-90.75164795
39.600000,65.48717499,-90.81515503,65.26140594,-90.75161743
39.650000,65.48780823,-90.81533051,65.26153564,-90.75159454
39.700000,65.48844147,-90.81550598,65.26167297,-90.75156403
39.750000,65.48907471,-90.81568146,65.26180267,-90.75154114
39.800000,65.48970795,-90.81586456,65.26194000,-90.75151062
39.850000,65.49034119,-90.81604004,65.26206970,-90.75148773
39.900000,65.49097443,-90.81621552,65.26220703,-90.75145721
39.950000,65.49160767,-90.81639099,65.26233673,-90.75142670
40.000000,65.49224854,-90.81656647,65.26247406,-90.75140381
40.050000,65.49287415,-90.81674194,65.26260376,-90.75137329
40.100000,65.49350739,-90.81691742,65.26274109,-90.75135040
40.150000,65.49414825,-90.81709290,65.26287842,-90.75131989
40.200000,65.49478149,-90.81726837,65.26301575,-90.75128937
40.250000,65.49540710,-90.81744385,65.26315308,-90.75126648
40.300000,65.49604034,-90.81761932,65.26329041,-90.75123596
40.350000,65.49667358,-90.81779480,65.26342773,-90.75120544
40.400000,65.49730682,-90.81797028,65.26356506,-90.75118256
40.450000,65.49794006,-90.81814575,65.26370239,-90.75115204
40.500000,65.49857330,-90.81832123,65.26383972,-90.75112152
40.550000,65.49920654,-90.81850433,65.26397705,-90.75109100
40.600000,65.49983978,-90.81867981,65.26412201,-90.75106812
40.650000,65.50047302,-90.81885529,65.26425934,-90.75103760
40.700000,65.50110626,-90.81903076,65.26440430,-90.75100708
40.750000,65.50173950,-90.81920624,65.26454163,-90.75098419
40.800000,65.50237274,-90.81938171,65.26468658,-90.75095367
40.850000,65.50299835,-90.81955719,65.26483154,-90.75092316
40.900000,65.50363159,-90.81973267,65.26497650,-90.75090027
40.950000,65.50426483,-90.81990814,65.26512146,-90.75086975
41.000000,65.50489807,-90.82008362,65.26525879,-90.75083923
41.050000,65.50553131,-90.82025909,65.26540375,-90.75081635
41.100000,65.50615692,-90.82043457,65.26554871,-90.75078583
41.150000,65.50679016,-90.82061005,65.26569366,-90.75075531
41.200000,65.50742340,-90.82079315,65.26584625,-90.75072479
41.250000,65.50805664,-90.82096863,65.26599121,-90.75070190
41.300000,65.50868225,-90.82114410,65.26613617,-90.75067139
41.350000,65.50931549,-90.82131958,65.26628876,-90.75064087
41.400000,65.50994873,-90.82149506,65.26643372,-90.75061035
41.450000,65.51058197,-90.82167053,65.26657867,-90.75057983
41.500000,65.51120758,-90.82184601,65.26673126,-90.75055695
41.550000,65.51184082,-90.82202148,65.26688385,-90.75052643
41.600000,65.51246643,-90.82219696,65.26702881,-90.75049591
41.650000,65.51309967,-90.82237244,65.26718140,-90.75046539
41.700000,65.51373291,-90.82254791,65.26733398,-90.75044250
41.750000,65.51435852,-90.82273102,65.26748657,-90.75041199
41.800000,65.51499176,-90.82290649,65.26763916,-90.75038147
41.850000,65.51562500,-90.82308197,65.26779175,-90.75035095
41.900000,65.51625061,-90.82325745,65.26794434,-90.75032806
41.950000,65.51688385,-90.82343292,65.26809692,-90.75029755
42.000000,65.51750946,-90.82360840,65.26825714,-90.75026703
42.050000,65.51814270,-90.82378387,65.26840973,-90.75024414
42.100000,65.51877594,-90.82395935,65.26856232,-90.75021362
42.150000,65.51940155,-90.82413483,65.26872253,-90.75018311
42.200000,65.52003479,-90.82431030,65.26887512,-90.75015259
42.250000,65.52066040,-90.82448578,65.26903534,-90.75012207
42.300000,65.52129364,-90.82466888,65.26918793,-90.75009155
42.350000,65.52191925,-90.82484436,65.26934814,-90.75006866
42.400000,65.52255249,-90.82501984,65.26950836,-90.75003815
42.450000,65.52317810,-90.82519531,65.26966858,-90.75000763
42.500000,65.52381134,-90.82537079,65.26982880,-90.74997711
42.550000,65.52443695,-90.82554626,65.26998901,-90.74994659
42.600000,65.52507019,-90.82572174,65.27014923,-90.74992371
42.650000,65.52569580,-90.82589722,65.27030945,-90.74989319
42.700000,65.52632141,-90.82607269,65.27046967,-90.74986267
42.750000,65.52695465,-90.82625580,65.27062988,-90.74983215
42.800000,65.52758026,-90.82643127,65.27079773,-90.74980164
42.850000,65.52821350,-90.82660675,65.27095795,-90.74977875
42.900000,65.52883911,-90.82678223,65.27112579,-90.74974823
42.950000,65.52946472,-90.82695770,65.27128601,-90.74971771
43.000000,65.53009796,-90.82713318,65.27145386,-90.74968719
43.050000,65.53072357,-90.82730865,65.27161407,-90.74965668
43.100000,65.53134918,-90.82748413,65.27178955,-90.74963379
43.150000,65.53198242,-90.82765961,65.27195740,-90.74960327
43.200000,65.53260803,-90.82784271,65.27211761,-90.74957275
43.250000,65.53323364,-90.82801819,65.27229309,-90.74954987
43.300000,65.53386688,-90.82819366,65.27246094,-90.74951935
43.350000,65.53449249,-90.82836914,65.27262878,-90.74948883
43.400000,65.53511810,-90.82854462,65.27279663,-90.74945831
43.450000,65.53574371,-90.82872009,65.27296448,-90.74942780
43.500000,65.53637695,-90.82889557,65.27313995,-90.74940491
43.550000,65.53700256,-90.82907867,65.27330780,-90.74937439
43.600000,65.53762817,-90.82925415,65.27348328,-90.74934387
43.650000,65.53825378,-90.82942963,65.27365112,-90.74931335
43.700000,65.53888702,-90.82960510,65.27382660,-90.74929047
43.750000,65.53951263,-90.82978058,65.27400208,-90.74925995
43.800000,65.54013824,-90.82995605,65.27417755,-90.74922943
43.850000,65.54076385,-90.83013153,65.27435303,-90.74919891
43.900000,65.54138947,-90.83030701,65.27452850,-90.74916840
43.950000,65.54201508,-90.83048248,65.27470398,-90.74914551
44.000000,65.54264069,-90.83066559,65.27487946,-90.74911499
44.050000,65.54327393,-90.83084106,65.27505493,-90.74908447
44.100000,65.54389954,-90.83101654,65.27523804,-90.74905396
44.150000,65.54452515,-90.83119202,65.27541351,-90.74903107
44.200000,65.54515076,-90.83136749,65.27559662,-90.74900055
44.250000,65.54577637,-90.83154297,65.27577972,-90.74897766
44.300000,65.54640198,-90.83171844,65.27596283,-90.74894714
44.350000,65.54702759,-90.83189392,65.27613831,-90.74891663
44.400000,65.54765320,-90.83206940,65.27632141,-90.74888611
44.450000,65.54827881,-90.83225250,65.27650452,-90.74886322
44.500000,65.54890442,-90.83242798,65.27668762,-90.74883270
44.550000,65.54953003,-90.83260345,65.27687836,-90.74880219
44.600000,65.55015564,-90.83277893,65.27706146,-90.74877930
44.650000,65.55078125,-90.83295441,65.27724457,-90.74874878
44.700000,65.55140686,-90.83312988,65.27743530,-90.74871826
44.750000,65.55203247,-90.83331299,65.27761841,-90.74868774
44.800000,65.55265808,-90.83348846,65.27780914,-90.74866486
44.850000,65.55328369,-90.83366394,65.27799988,-90.74863434
44.900000,65.55390930,-90.83383942,65.27818298,-90.74860382
44.950000,65.55453491,-90.83401489,65.27837372,-90.74858093
45.000000,65.55516052,-90.83419037,65.27856445,-90.74855042
45.050000,65.55578613,-90.83436584,65.27875519,-90.74852753
45.100000,65.55640411,-90.83454132,65.27895355,-90.74849701
45.150000,65.55702972,-90.83472443,65.27914429,-90.74846649
45.200000,65.55765533,-90.83489990,65.27933502,-90.74844360
45.250000,65.55828094,-90.83507538,65.27953339,-90.74841309
45.300000,65.55890656,-90.83525085,65.27973175,-90.74839020
45.350000,65.55953217,-90.83542633,65.27992249,-90.74835968
45.400000,65.56015778,-90.83560181,65.28012085,-90.74833679
45.450000,65.56077576,-90.83577728,65.28031921,-90.74830627
45.500000,65.56140137,-90.83596039,65.28051758,-90.74828339
45.550000,65.56202698,-90.83613586,65.28071594,-90.74825287
45.600000,65.56265259,-90.83631134,65.28091431,-90.74822998
45.650000,65.56327820,-90.83648682,65.28112030,-90.74819946
45.700000,65.56389618,-90.83666229,65.28131866,-90.74817657
45.750000,65.56452179,-90.83683777,65.28151703,-90.74814606
45.800000,65.56514740,-90.83701324,65.28172302,-90.74812317
45.850000,65.56577301,-90.83719635,65.28192902,-90.74809265
45.900000,65.56639099,-90.83737183,65.28212738,-90.74806976
45.950000,65.56701660,-90.83754730,65.28233337,-90.74803925
46.000000,65.56764221,-90.83772278,65.28253937,-90.74801636
46.050000,65.56826019,-90.83789825,65.28274536,-90.74798584
46.100000,65.56888580,-90.83807373,65.28295898,-90.74796295
46.150000,65.56951141,-90.83825684,65.28316498,-90.74794006
46.200000,65.57012939,-90.83843231,65.28337097,-90.74790955
46.250000,65.57075500,-90.83860779,65.28358459,-90.74788666
46.300000,65.57137299,-90.83878326,65.28379059,-90.74786377
46.350000,65.57199860,-90.83895874,65.28400421,-90.74783325
46.400000,65.57262421,-90.83913422,65.28421783,-90.74781036
46.450000,65.57324219,-90.83931732,65.28443146,-90.74778748
46.500000,65.57386780,-90.83949280,65.28464508,-90.74776459
46.550000,65.57448578,-90.83966827,65.28485870,-90.74773407
46.600000,65.57511139,-90.83984375,65.28507233,-90.74771118
46.650000,65.57573700,-90.84001923,65.28529358,-90.74768829
46.700000,65.57635498,-90.84019470,65.28550720,-90.74766541
46.750000,65.57698059,-90.84037781,65.28572083,-90.74763489
46.800000,65.57759857,-90.84055328,65.28594208,-90.74761200
46.850000,65.57822418,-90.84072876,65.28616333,-90.74758911
46.900000,65.57884216,-90.84090424,65.28638458,-90.74756622
46.950000,65.57946777,-90.84107971,65.28659821,-90.74754333
47.000000,65.58008575,-90.84125519,65.28681946,-90.74751282
47.050000,65.58071136,-90.84143066,65.28704834,-90.74748993
47.100000,65.58132935,-90.84161377,65.28726959,-90.74746704
47.150000,65.58194733,-90.84178925,65.28749084,-90.74744415
47.200000,65.58257294,-90.84196472,65.28771210,-90.74742126
47.250000,65.58319092,-90.84214020,65.28794098,-90.74739838
47.300000,65.58381653,-90.84231567,65.28816986,-90.74737549
47.350000,65.58443451,-90.84249115,65.28839111,-90.74735260
47.400000,65.58505249,-90.84267426,65.28862000,-90.74732971
47.450000,65.58567810,-90.84284973,65.28884888,-90.74730682
47.500000,65.58629608,-90.84302521,65.28908539,-90.74728394
47.550000,65.58691406,-90.84320068,65.28931427,-90.74726105
47.600000,65.58753967,-90.84337616,65.28954315,-90.74723816
47.650000,65.58815765,-90.84355927,65.28977203,-90.74721527
47.700000,65.58877563,-90.84373474,65.29000854,-90.74719238
47.750000,65.58940125,-90.84391022,65.29023743,-90.74716187
47.800000,65.59001923,-90.84408569,65.29047394,-90.74714661
47.850000,65.59063721,-90.84426117,65.29071045,-90.74711609
47.900000,65.59126282,-90.84443665,65.29094696,-90.74709320
47.950000,65.59188080,-90.84461975,65.29118347,-90.74707031
48.000000,65.59249878,-90.84479523,65.29141998,-90.74704742
48.050000,65.59311676,-90.84497070,65.29165649,-90.74702454
48.100000,65.59374237,-90.84514618,65.29190063,-90.74700165
48.150000,65.59436035,-90.84532166,65.29213715,-90.74697876
48.200000,65.59497833,-90.84549713,65.29238129,-90.74695587
48.250000,65.59559631,-90.84568024,65.29261780,-90.74693298
48.300000,65.59621429,-90.84585571,65.29286194,-90.74691010
48.350000,65.59683990,-90.84603119,65.29310608,-90.74688721
48.400000,65.59745789,-90.84620667,65.29335022,-90.74686432
48.450000,65.59807587,-90.84638214,65.29359436,-90.74684143
48.500000,65.59869385,-90.84656525,65.29383850,-90.74681854
48.550000,65.59931183,-90.84674072,65.29409027,-90.74679565
48.600000,65.59992981,-90.84691620,65.29433441,-90.74678040
48.650000,65.60054779,-90.84709167,65.29458618,-90.74675751
48.700000,65.60116577,-90.84726715,65.29483795,-90.74673462
48.750000,65.60179138,-90.84745026,65.29508209,-90.74671173
48.800000,65.60240936,-90.84762573,65.29533386,-90.74668884
48.850000,65.60302734,-90.84780121,65.29558563,-90.74666595
48.900000,65.60364532,-90.84797668,65.29583740,-90.74664307
48.950000,65.60426331,-90.84815216,65.29609680,-90.74662018
49.000000,65.60488129,-90.84832764,65.29634857,-90.74659729
49.050000,65.60549927,-90.84851074,65.29660034,-90.74657440
49.100000,65.60611725,-90.84868622,65.29685974,-90.74655151
49.150000,65.60673523,-90.84886169,65.29711914,-90.74652863
49.200000,65.60735321,-90.84903717,65.29737854,-90.74650574
49.250000,65.60797119,-90.84921265,65.29763031,-90.74648285
49.300000,65.60858917,-90.84939575,65.29789734,-90.74645996
49.350000,65.60920715,-90.84957123,65.29815674,-90.74643707
49.400000,65.60982513,-90.84974670,65.29841614,-90.74641418
49.450000,65.61044312,-90.84992218,65.29867554,-90.74639130
49.500000,65.61106110,-90.85009766,65.29894257,-90.74636841
49.550000,65.61167908,-90.85028076,65.29920959,-90.74635315
49.600000,65.61229706,-90.85045624,65.29946899,-90.74633026
49.650000,65.61290741,-90.85063171,65.29973602,-90.74630737
49.700000,65.61352539,-90.85080719,65.30000305,-90.74628448
49.750000,65.61414337,-90.85098267,65.30027771,-90.74626160
49.800000,65.61476135,-90.85116577,65.30054474,-90.74623871
49.850000,65.61537933,-90.85134125,65.30081177,-90.74621582
49.900000,65.61599731,-90.85151672,65.30108643,-90.74619293
49.950000,65.61661530,-90.85169220,65.30135345,-90.74617004
50.000000,65.61722565,-90.85187531,65.30162811,-90.74614716
50.050000,65.61784363,-90.85205078,65.30190277,-90.74613190
50.100000,65.61846161,-90.85222626,65.30217743,-90.74610901
50.150000,65.61907959,-90.85240173,65.30245209,-90.74608612
50.200000,65.61969757,-90.85257721,65.30272675,-90.74606323
50.250000,65.62030792,-90.85276031,65.30300140,-90.74604034
50.300000,65.62092590,-90.85293579,65.30328369,-90.74601746
50.350000,65.62154388,-90.85311127,65.30355835,-90.74599457
50.400000,65.62216187,-90.85328674,65.30384064,-90.74597168
50.450000,65.62277222,-90.85346222,65.30412292,-90.74594879
50.500000,65.62339020,-90.85364532,65.30440521,-90.74592590
50.550000,65.62400818,-90.85382080,65.30468750,-90.74590302
50.600000,65.62461853,-90.85399628,65.30496979,-90.74588013
50.650000,65.62523651,-90.85417175,65.30525970,-90.74585724
50.700000,65.62585449,-90.85435486,65.30554199,-90.74584198
50.750000,65.62646484,-90.85453033,65.30583191,-90.74581909
50.800000,65.62708282,-90.85470581,65.30612183,-90.74579620
50.850000,65.62770081,-90.85488129,65.30641174,-90.74577332
50.900000,65.62831116,-90.85505676,65.30669403,-90.74575043
50.950000,65.62892914,-90.85523987,65.30699158,-90.74572754
51.000000,65.62954712,-90.85541534,65.30728149,-90.74570465
51.050000,65.63015747,-90.85559082,65.30757141,-90.74568939
51.100000,65.63077545,-90.85576630,65.30786896,-90.74566650
51.150000,65.63138580,-90.85594940,65.30815887,-90.74564362
51.200000,65.63200378,-90.85612488,65.30845642,-90.74562073
51.250000,65.63261414,-90.85630035,65.30875397,-90.74559784
51.300000,65.63323212,-90.85647583,65.30905151,-90.74557495
51.350000,65.63385010,-90.85665894,65.30934906,-90.74555206
51.400000,65.63446045,-90.85683441,65.30965424,-90.74552917
51.450000,65.63507843,-90.85700989,65.30995178,-90.74550629
51.500000,65.63568878,-90.85718536,65.31024933,-90.74548340
51.550000,65.63630676,-90.85736084,65.31055450,-90.74546051
51.600000,65.63691711,-90.85754395,65.31085968,-90.74543762
51.650000,65.63753510,-90.85771942,65.31116486,-90.74541473
51.700000,65.63814545,-90.85789490,65.31147003,-90.74539185
51.750000,65.63875580,-90.85807037,65.31177521,-90.74536896
51.800000,65.63937378,-90.85825348,65.31208801,-90.74535370
51.850000,65.63998413,-90.85842896,65.31239319,-90.74533081
51.900000,65.64060211,-90.85860443,65.31270599,-90.74530792
51.950000,65.64121246,-90.85877991,65.31301880,-90.74528503
52.000000,65.64183044,-90.85896301,65.31333160,-90.74526215
52.050000,65.64244080,-90.85913849,65.31364441,-90.74523926
52.100000,65.64305115,-90.85931396,65.31395721,-90.74521637
52.150000,65.64366913,-90.85948944,65.31427002,-90.74519348
52.200000,65.64427948,-90.85967255,65.31459045,-90.74517059
52.250000,65.64488983,-90.85984802,65.31490326,-90.74514771
52.300000,65.64550781,-90.86002350,65.31522369,-90.74512482
52.350000,65.64611816,-90.86019897,65.31554413,-90.74510193
52.400000,65.64672852,-90.86038208,65.31586456,-90.74507904
52.450000,65.64734650,-90.86055756,65.31618500,-90.74505615
52.500000,65.64795685,-90.86073303,65.31650543,-90.74503326
52.550000,65.64856720,-90.86090851,65.31683350,-90.74501038
52.600000,65.64918518,-90.86109161,65.31715393,-90.74498749
52.650000,65.64979553,-90.86126709,65.31748199,-90.74496460
52.700000,65.65040588,-90.86144257,65.31781006,-90.74494171
52.750000,65.65101624,-90.86161804,65.31813812,-90.74491882
52.800000,65.65162659,-90.86180115,65.31846619,-90.74489594
52.850000,65.65224457,-90.86197662,65.31880188,-90.74488068
52.900000,65.65285492,-90.86215210,65.31912994,-90.74485779
52.950000,65.65346527,-90.86232758,65.31946564,-90.74483490
53.000000,65.65407562,-90.86251068,65.31980133,-90.74481201
53.050000,65.65468597,-90.86268616,65.32013702,-90.74478912
53.100000,65.65530396,-90.86286163,65.32047272,-90.74476624
53.150000,65.65591431,-90.86303711,65.32080841,-90.74474335
53.200000,65.65652466,-90.86322021,65.32114410,-90.74472046
53.250000,65.65713501,-90.86339569,65.32148743,-90.74469757
53.300000,65.65774536,-90.86357117,65.32182312,-90.74467468
53.350000,65.65835571,-90.86374664,65.32216644,-90.74465179
53.400000,65.65896606,-90.86392975,65.32250977,-90.74462891
53.450000,65.65957642,-90.86410522,65.32285309,-90.74459839
53.500000,65.66019440,-90.86428070,65.32319641,-90.74457550
53.550000,65.66080475,-90.86446381,65.32354736,-90.74455261
53.600000,65.66141510,-90.86463928,65.32389069,-90.74452972
53.650000,65.66202545,-90.86481476,65.32424164,-90.74450684
53.700000,65.66263580,-90.86499023,65.32459259,-90.74448395
53.750000,65.66324615,-90.86517334,65.32494354,-90.74446106
53.800000,65.66385651,-90.86534882,65.32529449,-90.74443817
53.850000,65.66446686,-90.86552429,65.32564545,-90.74441528
53.900000,65.66507721,-90.86569977,65.32600403,-90.74439240
53.950000,65.66568756,-90.86588287,65.32636261,-90.74436951
54.000000,65.66629791,-90.86605835,65.32671356,-90.74434662
54.050000,65.66690826,-90.86623383,65.32707214,-90.74432373
54.100000,65.66751862,-90.86640930,65.32743073,-90.74430084
54.150000,65.66812897,-90.86659241,65.32779694,-90.74427795
54.200000,65.66873932,-90.86676788,65.32815552,-90.74425507
54.250000,65.66934967,-90.86694336,65.32852173,-90.74423218
54.300000,65.66995239,-90.86712646,65.32888031,-90.74420166
54.350000,65.67056274,-90.86730194,65.32924652,-90.74417877
54.400000,65.67117310,-90.86747742,65.32961273,-90.74415588
54.450000,65.67178345,-90.86765289,65.32998657,-90.74413300
54.500000,65.67239380,-90.86783600,65.33035278,-90.74411011
54.550000,65.67300415,-90.86801147,65.33071899,-90.74408722
54.600000,65.67361450,-90.86818695,65.33109283,-90.74406433
54.650000,65.67421722,-90.86836243,65.33146667,-90.74403381
54.700000,65.67482758,-90.86854553,65.33184052,-90.74401093
54.750000,65.67543793,-90.86872101,65.33221436,-90.74398804
54.800000,65.67604828,-90.86889648,65.33259583,-90.74396515
54.850000,65.67665863,-90.86907959,65.33296967,-90.74394226
54.900000,65.67726898,-90.86925507,65.33335114,-90.74391937
54.950000,65.67787170,-90.86943054,65.33373260,-90.74388885
55.000000,65.67848206,-90.86960602,65.33410645,-90.74386597
55.050000,65.67909241,-90.86978912,65.33449554,-90.74384308
55.100000,65.67970276,-90.86996460,65.33487701,-90.74382019
55.150000,65.68030548,-90.87014008,65.33526611,-90.74379730
55.200000,65.68091583,-90.87032318,65.33564758,-90.74377441
55.250000,65.68152618,-90.87049866,65.33603668,-90.74374390
55.300000,65.68212891,-90.87067413,65.33642578,-90.74372101
55.350000,65.68273926,-90.87084961,65.33681488,-90.74369812
55.400000,65.68334961,-90.87103271,65.33721161,-90.74367523
55.450000,65.68395233,-90.87120819,65.33760071,-90.74364471
55.500000,65.68456268,-90.87138367,65.33799744,-90.74362183
55.550000,65.68517303,-90.87156677,65.33839417,-90.74359894
55.600000,65.68577576,-90.87174225,65.33879089,-90.74357605
55.650000,65.68638611,-90.87191772,65.33918762,-90.74354553
55.700000,65.68699646,-90.87209320,65.33958435,-90.74352264
55.750000,65.68759918,-90.87227631,65.33998871,-90.74349976
55.800000,65.68820953,-90.87245178,65.34038544,-90.74346924
55.850000,65.68881989,-90.87262726,65.34078979,-90.74344635
55.900000,65.68942261,-90.87281036,65.34119415,-90.74342346
55.950000,65.69003296,-90.87298584,65.34159851,-90.74339294
56.000000,65.69063568,-90.87316132,65.34201050,-90.74337006
56.050000,65.69124603,-90.87333679,65.34241486,-90.74334717
56.100000,65.69184875,-90.87351990,65.34282684,-90.74331665
56.150000,65.69245911,-90.87369537,65.34323883,-90.74329376
56.200000,65.69306183,-90.87387085,65.34365082,-90.74327087
56.250000,65.69367218,-90.87405396,65.34407043,-90.74324036
56.300000,65.69427490,-90.87422943,65.34448242,-90.74321747
56.350000,65.69488525,-90.87440491,65.34490204,-90.74319458
56.400000,65.69548798,-90.87458801,65.34531403,-90.74316406
56.450000,65.69609833,-90.87476349,65.34573364,-90.74314117
56.500000,65.69670105,-90.87493896,65.34615326,-90.74311066
56.550000,65.69731140,-90.87512207,65.34658051,-90.74308777
56.600000,65.69791412,-90.87529755,65.34700012,-90.74306488
56.650000,65.69851685,-90.87547302,65.34742737,-90.74303436
56.700000,65.69912720,-90.87565613,65.34785461,-90.74301147
56.750000,65.69972992,-90.87583160,65.34828186,-90.74298096
56.800000,65.70034027,-90.87600708,65.34870911,-90.74295807
56.850000,65.70094299,-90.87618256,65.34914398,-90.74292755
56.900000,65.70154572,-90.87636566,65.34957123,-90.74290466
56.950000,65.70215607,-90.87654114,65.35000610,-90.74287415
57.000000,65.70275879,-90.87671661,65.35044098,-90.74284363
57.050000,65.70336151,-90.87689972,65.35087585,-90.74282074
57.100000,65.70397186,-90.87707520,65.35131073,-90.74279022
57.150000,65.70457458,-90.87725067,65.35175323,-90.74276733
57.200000,65.70517731,-90.87743378,65.35218811,-90.74273682
57.250000,65.70578766,-90.87760925,65.35263062,-90.74271393
57.300000,65.70639038,-90.87778473,65.35307312,-90.74268341
57.350000,65.70699310,-90.87796021,65.35352325,-90.74266052
57.400000,65.70759583,-90.87814331,65.35396576,-90.74263000
57.450000,65.70820618,-90.87831879,65.35441589,-90.74260712
57.500000,65.70880890,-90.87849426,65.35485840,-90.74257660
57.550000,65.70941162,-90.87867737,65.35530853,-90.74254608
57.600000,65.71001434,-90.87885284,65.35576630,-90.74252319
57.650000,65.71062469,-90.87902832,65.35621643,-90.74249268
57.700000,65.71122742,-90.87921143,65.35666656,-90.74246979
57.750000,65.71183014,-90.87938690,65.35712433,-90.74243927
57.800000,65.71243286,-90.87956238,65.35758209,-90.74240875
57.850000,65.71303558,-90.87974548,65.35803986,-90.74238586
57.900000,65.71363831,-90.87992096,65.35849762,-90.74235535
57.950000,65.71424866,-90.88009644,65.35896301,-90.74232483
58.000000,65.71485138,-90.88027954,65.35942841,-90.74230194
58.050000,65.71545410,-90.88045502,65.35988617,-90.74227142
58.100000,65.71605682,-90.88063049,65.36035919,-90.74224091
58.150000,65.71665955,-90.88081360,65.36082458,-90.74221039
58.200000,65.71726227,-90.88098907,65.36128998,-90.74218750
58.250000,65.71786499,-90.88116455,65.36176300,-90.74215698
58.300000,65.71846771,-90.88134766,65.36223602,-90.74212646
58.350000,65.71907043,-90.88152313,65.36270905,-90.74209595
58.400000,65.71968079,-90.88169861,65.36318207,-90.74207306
58.450000,65.72028351,-90.88188171,65.36365509,-90.74204254
58.500000,65.72088623,-90.88205719,65.36413574,-90.74201202
58.550000,65.72148895,-90.88223267,65.36461639,-90.74198151
58.600000,65.72209167,-90.88241577,65.36509705,-90.74195862
58.650000,65.72269440,-90.88259125,65.36557770,-90.74192810
58.700000,65.72328949,-90.88276672,65.36605835,-90.74189758
58.750000,65.72389984,-90.88294983,65.36654663,-90.74186707
58.800000,65.72450256,-90.88312531,65.36702728,-90.74183655
58.850000,65.72509766,-90.88330078,65.36752319,-90.74181366
58.900000,65.72570038,-90.88348389,65.36801147,-90.74178314
58.950000,65.72630310,-90.88365936,65.36849976,-90.74175262
59.000000,65.72690582,-90.88383484,65.36899567,-90.74172211
59.050000,65.72750854,-90.88401794,65.36948395,-90.74169159
59.100000,65.72811127,-90.88419342,65.36997986,-90.74166107
59.150000,65.72871399,-90.88436890,65.37048340,-90.74163055
59.200000,65.72931671,-90.88455200,65.37097931,-90.74160004
59.250000,65.72991943,-90.88472748,65.37148285,-90.74156952
59.300000,65.73052216,-90.88490295,65.37197876,-90.74153900
59.350000,65.73111725,-90.88508606,65.37248230,-90.74150848
59.400000,65.73171997,-90.88526154,65.37299347,-90.74148560
59.450000,65.73232269,-90.88543701,65.37349701,-90.74145508
59.500000,65.73292542,-90.88562012,65.37400818,-90.74142456
59.550000,65.73352814,-90.88579559,65.37451172,-90.74139404
59.600000,65.73413086,-90.88597107,65.37502289,-90.74136353
59.650000,65.73473358,-90.88615417,65.37554169,-90.74133301
59.700000,65.73532867,-90.88632965,65.37605286,-90.74130249
59.750000,65.73593140,-90.88651276,65.37657166,-90.74127197
59.800000,65.73653412,-90.88668823,65.37709045,-90.74123383
59.850000,65.73713684,-90.88686371,65.37760925,-90.74120331
59.900000,65.73773193,-90.88704681,65.37812805,-90.74117279
59.950000,65.73833466,-90.88722229,65.37865448,-90.74114227
60.000000,65.73893738,-90.88740540,65.37917328,-90.74111176
60.050000,65.73954010,-90.88758087,65.37969971,-90.74108124
60.100000,65.74013519,-90.88775635,65.38022614,-90.74105072
60.150000,65.74073792,-90.88793945,65.38076019,-90.74102020
60.200000,65.74134064,-90.88811493,65.38128662,-90.74098969
60.250000,65.74194336,-90.88829041,65.38182068,-90.74095917
60.300000,65.74253845,-90.88847351,65.38235474,-90.74092865
60.350000,65.74314117,-90.88864899,65.38288879,-90.74089813
60.400000,65.74374390,-90.88882446,65.38343048,-90.74085999
60.450000,65.74433899,-90.88900757,65.38396454,-90.74082947
60.500000,65.74494171,-90.88918304,65.38450623,-90.74079895
60.550000,65.74554443,-90.88936615,65.38504791,-90.74076843
60.600000,65.74613953,-90.88954163,65.38559723,-90.74073792
60.650000,65.74674225,-90.88971710,65.38613892,-90.74069977
60.700000,65.74733734,-90.88990021,65.38668823,-90.74066925
60.750000,65.74794006,-90.89007568,65.38723755,-90.74063873
60.800000,65.74854279,-90.89025116,65.38778687,-90.74060822
60.850000,65.74913788,-90.89043427,65.38834381,-90.74057007
60.900000,65.74974060,-90.89060974,65.38889313,-90.74053955
60.950000,65.75033569,-90.89079285,65.38945007,-90.74050903
61.000000,65.75093842,-90.89096832,65.39000702,-90.74047089
61.050000,65.75153351,-90.89114380,65.39056396,-90.74044037
61.100000,65.75213623,-90.89132690,65.39112854,-90.74040985
61.150000,65.75273132,-90.89150238,65.39169312,-90.74037170
61.200000,65.75333405,-90.89167786,65.39225769,-90.74034119
61.250000,65.75392914,-90.89186096,65.39282227,-90.74031067
61.300000,65.75453186,-90.89203644,65.39338684,-90.74027252
61.350000,65.75512695,-90.89221954,65.39395905,-90.74024200
61.400000,65.75572968,-90.89239502,65.39453125,-90.74020386
61.450000,65.75632477,-90.89257050,65.39510345,-90.74017334
61.500000,65.75692749,-90.89275360,65.39567566,-90.74014282
61.550000,65.75752258,-90.89292908,65.39625549,-90.74010468
61.600000,65.75811768,-90.89311218,65.39683533,-90.74007416
61.650000,65.75872040,-90.89328766,65.39741516,-90.74003601
61.700000,65.75931549,-90.89346313,65.39799500,-90.74000549
61.750000,65.75991821,-90.89364624,65.39857483,-90.73996735
61.800000,65.76051331,-90.89382172,65.39916229,-90.73993683
61.850000,65.76111603,-90.89400482,65.39974976,-90.73989868
61.900000,65.76171112,-90.89418030,65.40033722,-90.73986816
61.950000,65.76230621,-90.89435577,65.40093231,-90.73983002
62.000000,65.76290894,-90.89453888,65.40151978,-90.73979950
62.050000,65.76350403,-90.89471436,65.40211487,-90.73976135
62.100000,65.76409912,-90.89488983,65.40270996,-90.73973083
62.150000,65.76470184,-90.89507294,65.40330505,-90.73969269
62.200000,65.76529694,-90.89524841,65.40390778,-90.73966217
62.250000,65.76589203,-90.89543152,65.40451050,-90.73962402
62.300000,65.76648712,-90.89560699,65.40511322,-90.73958588
62.350000,65.76708984,-90.89578247,65.40571594,-90.73955536
62.400000,65.76768494,-90.89596558,65.40631866,-90.73951721
62.450000,65.76828003,-90.89614105,65.40692902,-90.73947906
62.500000,65.76887512,-90.89632416,65.40753937,-90.73944092
62.550000,65.76947784,-90.89649963,65.40814972,-90.73941040
62.600000,65.77007294,-90.89667511,65.40876007,-90.73937225
62.650000,65.77066803,-90.89685822,65.40937805,-90.73933411
62.700000,65.77126312,-90.89703369,65.40998840,-90.73930359
62.750000,65.77186584,-90.89721680,65.41060638,-90.73926544
62.800000,65.77246094,-90.89739227,65.41122437,-90.73922729
62.850000,65.77305603,-90.89757538,65.41184998,-90.73918915
62.900000,65.77365112,-90.89775085,65.41246796,-90.73915863
62.950000,65.77424622,-90.89792633,65.41309357,-90.73912048
63.000000,65.77484131,-90.89810944,65.41371918,-90.73908234
63.050000,65.77543640,-90.89828491,65.41434479,-90.73904419
63.100000,65.77603912,-90.89846039,65.41497040,-90.73901367
63.150000,65.77663422,-90.89864349,65.41560364,-90.73897552
63.200000,65.77722931,-90.89881897,65.41623688,-90.73893738
63.250000,65.77782440,-90.89900208,65.41687012,-90.73890686
63.300000,65.77841949,-90.89917755,65.41750336,-90.73886871
63.350000,65.77901459,-90.89936066,65.41813660,-90.73883057
63.400000,65.77960968,-90.89953613,65.41877747,-90.73879242
63.450000,65.78020477,-90.89971924,65.41941071,-90.73875427
63.500000,65.78079987,-90.89989471,65.42005157,-90.73872375
63.550000,65.78139496,-90.90007019,65.42070007,-90.73868561
63.600000,65.78199005,-90.90025330,65.42134094,-90.73864746
63.650000,65.78258514,-90.90042877,65.42198181,-90.73860931
63.700000,65.78318024,-90.90061188,65.42263031,-90.73857117
63.750000,65.78377533,-90.90078735,65.42327881,-90.73853302
63.800000,65.78437042,-90.90097046,65.42392731,-90.73849487
63.850000,65.78496552,-90.90114594,65.42457581,-90.73845673
63.900000,65.78556061,-90.90132141,65.42523193,-90.73841858
63.950000,65.78615570,-90.90150452,65.42588043,-90.73838043
64.000000,65.78675079,-90.90167999,65.42653656,-90.73834229
64.050000,65.78734589,-90.90186310,65.42719269,-90.73831177
64.100000,65.78794098,-90.90203857,65.42784882,-90.73827362
64.150000,65.78853607,-90.90221405,65.42850494,-90.73822784
64.200000,65.78913116,-90.90239716,65.42916870,-90.73818970
64.250000,65.78972626,-90.90257263,65.42982483,-90.73815155
64.300000,65.79031372,-90.90275574,65.43048859,-90.73811340
64.350000,65.79090881,-90.90293121,65.43115234,-90.73807526
64.400000,65.79150391,-90.90311432,65.43181610,-90.73803711
64.450000,65.79209900,-90.90328979,65.43247986,-90.73799896
64.500000,65.79269409,-90.90347290,65.43314362,-90.73796082
64.550000,65.79328918,-90.90364838,65.43381500,-90.73792267
64.600000,65.79388428,-90.90382385,65.43447876,-90.73788452
64.650000,65.79447174,-90.90400696,65.43515015,-90.73784637
64.700000,65.79506683,-90.90418243,65.43581390,-90.73780823
64.750000,65.79566193,-90.90436554,65.43648529,-90.73777008
64.800000,65.79625702,-90.90454102,65.43715668,-90.73773193
64.850000,65.79684448,-90.90472412,65.43782806,-90.73769379
64.900000,65.79743958,-90.90489960,65.43849945,-90.73764801
64.950000,65.79803467,-90.90507507,65.43917847,-90.73760986
65.000000,65.79862976,-90.90525818,65.43984985,-90.73757172
65.050000,65.79921722,-90.90543365,65.44052124,-90.73753357
65.100000,65.79981232,-90.90561676,65.44119263,-90.73749542
65.150000,65.80040741,-90.90579224,65.44187164,-90.73745728
65.200000,65.80099487,-90.90597534,65.44254303,-90.73741913
65.250000,65.80158997,-90.90615082,65.44322205,-90.73738098
65.300000,65.80218506,-90.90633392,65.44389343,-90.73734283
65.350000,65.80277252,-90.90650940,65.44457245,-90.73730469
65.400000,65.80336761,-90.90668488,65.44524384,-90.73726654
65.450000,65.80396271,-90.90686798,65.44592285,-90.73722839
65.500000,65.80455017,-90.90704346,65.44659424,-90.73719025
65.550000,65.80514526,-90.90722656,65.44726562,-90.73715210
65.600000,65.80574036,-90.90740204,65.44794464,-90.73711395
65.650000,65.80632782,-90.90758514,65.44861603,-90.73706818
65.700000,65.80692291,-90.90776062,65.44929504,-90.73703003
65.750000,65.80751038,-90.90793610,65.44996643,-90.73699188
65.800000,65.80810547,-90.90811920,65.45063782,-90.73695374
65.850000,65.80869293,-90.90829468,65.45131683,-90.73691559
65.900000,65.80928802,-90.90847778,65.45198822,-90.73687744
65.950000,65.80987549,-90.90865326,65.45266724,-90.73683929
66.000000,65.81047058,-90.90883636,65.45333862,-90.73680115
66.050000,65.81106567,-90.90901184,65.45401001,-90.73676300
66.100000,65.81165314,-90.90919495,65.45468903,-90.73672485
66.150000,65.81224823,-90.90937042,65.45536041,-90.73668671
66.200000,65.81283569,-90.90955353,65.45603180,-90.73664856
66.250000,65.81343079,-90.90972900,65.45670319,-90.73661041
66.300000,65.81401825,-90.90991211,65.45738220,-90.73657227
66.350000,65.81460571,-90.91008759,65.45805359,-90.73653412
66.400000,65.81520081,-90.91026306,65.45872498,-90.73649597
66.450000,65.81578827,-90.91044617,65.45939636,-90.73645782
66.500000,65.81638336,-90.91062164,65.46007538,-90.73641968
66.550000,65.81697083,-90.91080475,65.46074677,-90.73637390
66.600000,65.81756592,-90.91098022,65.46141815,-90.73633575
66.650000,65.81815338,-90.91116333,65.46208954,-90.73629761
66.700000,65.81874084,-90.91133881,65.46276093,-90.73625946
66.750000,65.81933594,-90.91152191,65.46343231,-90.73622131
66.800000,65.81992340,-90.91169739,65.46410370,-90.73618317
66.850000,65.82051086,-90.91188049,65.46478271,-90.73614502
66.900000,65.82110596,-90.91205597,65.46545410,-90.73610687
66.950000,65.82169342,-90.91223145,65.46612549,-90.73606873
67.000000,65.82228088,-90.91241455,65.46679687,-90.73603058
67.050000,65.82287598,-90.91259003,65.46746826,-90.73599243
67.100000,65.82346344,-90.91277313,65.46813965,-90.73595428
67.150000,65.82405090,-90.91294861,65.46881104,-90.73591614
67.200000,65.82464600,-90.91313171,65.46948242,-90.73587799
67.250000,65.82523346,-90.91330719,65.47015381,-90.73583984
67.300000,65.82582092,-90.91349030,65.47082520,-90.73580170
67.350000,65.82640839,-90.91366577,65.47149658,-90.73576355
67.400000,65.82700348,-90.91384888,65.47216797,-90.73571777
67.450000,65.82759094,-90.91402435,65.47283936,-90.73567963
67.500000,65.82817841,-90.91419983,65.47351074,-90.73564148
67.550000,65.82876587,-90.91438293,65.47418213,-90.73560333
67.600000,65.82935333,-90.91456604,65.47485352,-90.73556519
67.650000,65.82994843,-90.91474152,65.47551727,-90.73552704
67.700000,65.83053589,-90.91491699,65.47618866,-90.73548889
67.750000,65.83112335,-90.91510010,65.47686005,-90.73545074
67.800000,65.83171082,-90.91527557,65.47753143,-90.73541260
67.850000,65.83229828,-90.91545868,65.47820282,-90.73537445
67.900000,65.83289337,-90.91563416,65.47887421,-90.73533630
67.950000,65.83348083,-90.91581726,65.47954559,-90.73529816
68.000000,65.83406830,-90.91599274,65.48020935,-90.73526001
68.050000,65.83465576,-90.91617584,65.48088074,-90.73522186
68.100000,65.83524323,-90.91635132,65.48155212,-90.73518372
68.150000,65.83583069,-90.91653442,65.48222351,-90.73514557
68.200000,65.83641815,-90.91670990,65.48288727,-90.73510742
68.250000,65.83700562,-90.91689301,65.48355865,-90.73506927
68.300000,65.83759308,-90.91706848,65.48423004,-90.73503113
68.350000,65.83818054,-90.91725159,65.48490143,-90.73499298
68.400000,65.83876801,-90.91742706,65.48556519,-90.73495483
68.450000,65.83935547,-90.91761017,65.48623657,-90.73491669
68.500000,65.83994293,-90.91778564,65.48690796,-90.73487854
68.550000,65.84053040,-90.91796875,65.48757172,-90.73484039
68.600000,65.84111786,-90.91814423,65.48824310,-90.73480225
68.650000,65.84170532,-90.91831970,65.48891449,-90.73476410
68.700000,65.84229279,-90.91850281,65.48957825,-90.73472595
68.750000,65.84288025,-90.91867828,65.49024963,-90.73468781
68.800000,65.84346771,-90.91886139,65.49092102,-90.73464966
68.850000,65.84405518,-90.91903687,65.49158478,-90.73461151
68.900000,65.84464264,-90.91921997,65.49225616,-90.73457336
68.950000,65.84523010,-90.91939545,65.49291992,-90.73453522
69.000000,65.84581757,-90.91957855,65.49359131,-90.73449707
69.050000,65.84640503,-90.91975403,65.49426270,-90.73445892
69.100000,65.84699249,-90.91993713,65.49492645,-90.73442078
69.150000,65.84757996,-90.92011261,65.49559784,-90.73438263
69.200000,65.84816742,-90.92029572,65.49626160,-90.73434448
69.250000,65.84874725,-90.92047119,65.49693298,-90.73430634
69.300000,65.84933472,-90.92065430,65.49759674,-90.73426819
69.350000,65.84992218,-90.92082977,65.49826813,-90.73423004
69.400000,65.85050964,-90.92101288,65.49893188,-90.73419189
69.450000,65.85109711,-90.92118835,65.49959564,-90.73415375
69.500000,65.85168457,-90.92137146,65.50026703,-90.73411560
69.550000,65.85226440,-90.92154694,65.50093079,-90.73407745
69.600000,65.85285187,-90.92173004,65.50160217,-90.73403931
69.650000,65.85343933,-90.92190552,65.50226593,-90.73400116
69.700000,65.85402679,-90.92208862,65.50292969,-90.73396301
69.750000,65.85461426,-90.92226410,65.50360107,-90.73392487
69.800000,65.85519409,-90.92244720,65.50426483,-90.73388672
69.850000,65.85578156,-90.92262268,65.50493622,-90.73384857
69.900000,65.85636902,-90.92280579,65.50559998,-90.73381042
69.950000,65.85695648,-90.92298126,65.50626373,-90.73377228
70.000000,65.85753632,-90.92316437,65.50693512,-90.73373413
70.050000,65.85812378,-90.92333984,65.50759888,-90.73369598
70.100000,65.85871124,-90.92352295,65.50826263,-90.73365784
70.150000,65.85929108,-90.92369843,65.50892639,-90.73361969
70.200000,65.85987854,-90.92388153,65.50959778,-90.73358154
70.250000,65.86046600,-90.92405701,65.51026154,-90.73354340
70.300000,65.86104584,-90.92424011,65.51092529,-90.73350525
70.350000,65.86163330,-90.92441559,65.51158905,-90.73346710
70.400000,65.86222076,-90.92459869,65.51226044,-90.73342896
70.450000,65.86280060,-90.92477417,65.51292419,-90.73339081
70.500000,65.86338806,-90.92495728,65.51358795,-90.73335266
70.550000,65.86397552,-90.92513275,65.51425171,-90.73331451
70.600000,65.86455536,-90.92531586,65.51491547,-90.73327637
70.650000,65.86514282,-90.92549133,65.51558685,-90.73323822
70.700000,65.86572266,-90.92567444,65.51625061,-90.73320007
70.750000,65.86631012,-90.92584991,65.51691437,-90.73316193
70.800000,65.86688995,-90.92603302,65.51757812,-90.73312378
70.850000,65.86747742,-90.92620850,65.51824188,-90.73308563
70.900000,65.86806488,-90.92639160,65.51890564,-90.73304749
70.950000,65.86864471,-90.92656708,65.51956940,-90.73300934
71.000000,65.86923218,-90.92675018,65.52023315,-90.73297119
71.050000,65.86981201,-90.92692566,65.52089691,-90.73293304
71.100000,65.87039948,-90.92710876,65.52156067,-90.73289490
71.150000,65.87097931,-90.92728424,65.52222443,-90.73285675
71.200000,65.87156677,-90.92746735,65.52288818,-90.73281860
71.250000,65.87214661,-90.92764282,65.52355957,-90.73278046
71.300000,65.87272644,-90.92782593,65.52422333,-90.73274231
71.350000,65.87331390,-90.92800140,65.52487946,-90.73270416
71.400000,65.87389374,-90.92818451,65.52555084,-90.73266602
71.450000,65.87448120,-90.92835999,65.52620697,-90.73262787
71.500000,65.87506104,-90.92854309,65.52687073,-90.73258972
71.550000,65.87564850,-90.92871857,65.52753448,-90.73255157
71.600000,65.87622833,-90.92890167,65.52819824,-90.73251343
71.650000,65.87681580,-90.92907715,65.52886200,-90.73247528
71.700000,65.87739563,-90.92926025,65.52952576,-90.73243713
71.750000,65.87797546,-90.92944336,65.53018951,-90.73239899
71.800000,65.87856293,-90.92961884,65.53085327,-90.73236847
71.850000,65.87914276,-90.92980194,65.53151703,-90.73233032
71.900000,65.87972260,-90.92997742,65.53218079,-90.73229218
71.950000,65.88031006,-90.93016052,65.53284454,-90.73225403
72.000000,65.88088989,-90.93033600,65.53350067,-90.73221588
72.050000,65.88146973,-90.93051910,65.53416443,-90.73217773
72.100000,65.88204956,-90.93069458,65.53482819,-90.73213959
72.150000,65.88263702,-90.93087769,65.53549194,-90.73210144
72.200000,65.88321686,-90.93105316,65.53615570,-90.73206329
72.250000,65.88379669,-90.93123627,65.53681183,-90.73202515
72.300000,65.88438416,-90.93141174,65.53747559,-90.73198700
72.350000,65.88496399,-90.93159485,65.53813934,-90.73194885
72.400000,65.88554382,-90.93177032,65.53880310,-90.73191071
72.450000,65.88612366,-90.93195343,65.53945923,-90.73187256
72.500000,65.88670349,-90.93212891,65.54012299,-90.73183441
72.550000,65.88729095,-90.93231201,65.54078674,-90.73179626
72.600000,65.88787079,-90.93248749,65.54145050,-90.73175812
72.650000,65.88845062,-90.93267059,65.54210663,-90.73171997
72.700000,65.88903046,-90.93284607,65.54277039,-90.73168182
72.750000,65.88961029,-90.93302917,65.54343414,-90.73164368
72.800000,65.89019775,-90.93321228,65.54409027,-90.73160553
72.850000,65.89077759,-90.93338776,65.54475403,-90.73156738
72.900000,65.89135742,-90.93357086,65.54541779,-90.73152924
72.950000,65.89193726,-90.93374634,65.54607391,-90.73149872
73.000000,65.89251709,-90.93392944,65.54673767,-90.73146057
73.050000,65.89309692,-90.93410492,65.54739380,-90.73142242
73.100000,65.89367676,-90.93428802,65.54805756,-90.73138428
73.150000,65.89426422,-90.93446350,65.54872131,-90.73134613
73.200000,65.89484406,-90.93464661,65.54937744,-90.73130798
73.250000,65.89542389,-90.93482208,65.55004120,-90.73126984
73.300000,65.89600372,-90.93500519,65.55069733,-90.73123169
73.350000,65.89658356,-90.93518066,65.55136108,-90.73119354
73.400000,65.89716339,-90.93536377,65.55201721,-90.73115540
73.450000,65.89774323,-90.93553925,65.55268097,-90.73111725
73.500000,65.89832306,-90.93572235,65.55333710,-90.73107910
73.550000,65.89890289,-90.93590546,65.55400085,-90.73104095
73.600000,65.89948273,-90.93608093,65.55465698,-90.73100281
73.650000,65.90006256,-90.93626404,65.55532074,-90.73096466
73.700000,65.90064240,-90.93643951,65.55597687,-90.73092651
73.750000,65.90122223,-90.93662262,65.55664062,-90.73089600
73.800000,65.90180206,-90.93679810,65.55729675,-90.73085785
73.850000,65.90238190,-90.93698120,65.55795288,-90.73081970
73.900000,65.90296173,-90.93715668,65.55861664,-90.73078156
73.950000,65.90354156,-90.93733978,65.55927277,-90.73074341
74.000000,65.90412140,-90.93751526,65.55993652,-90.73070526
74.050000,65.90469360,-90.93769836,65.56059265,-90.73066711
74.100000,65.90527344,-90.93788147,65.56124878,-90.73062897
74.150000,65.90585327,-90.93805695,65.56191254,-90.73059082
74.200000,65.90643311,-90.93824005,65.56256866,-90.73055267
74.250000,65.90701294,-90.93841553,65.56322479,-90.73051453
74.300000,65.90759277,-90.93859863,65.56388855,-90.73047638
74.350000,65.90817261,-90.93877411,65.56454468,-90.73043823
74.400000,65.90875244,-90.93895721,65.56520081,-90.73040771
74.450000,65.90932465,-90.93913269,65.56585693,-90.73036957
74.500000,65.90990448,-90.93931580,65.56652069,-90.73033142
74.550000,65.91048431,-90.93949127,65.56717682,-90.73029327
74.600000,65.91106415,-90.93967438,65.56783295,-90.73025513
74.650000,65.91164398,-90.93984985,65.56848907,-90.73021698
74.700000,65.91221619,-90.94003296,65.56915283,-90.73017883
74.750000,65.91279602,-90.94021606,65.56980896,-90.73014069
74.800000,65.91337585,-90.94039154,65.57046509,-90.73010254
74.850000,65.91395569,-90.94057465,65.57112122,-90.73006439
74.900000,65.91453552,-90.94075012,65.57177734,-90.73002625
74.950000,65.91510773,-90.94093323,65.57244110,-90.72998810
75.000000,65.91568756,-90.94110870,65.57309723,-90.72994995
75.050000,65.91626740,-90.94129181,65.57375336,-90.72991943
75.100000,65.91683960,-90.94146729,65.57440948,-90.72988129
75.150000,65.91741943,-90.94165039,65.57506561,-90.72984314
75.200000,65.91799927,-90.94182587,65.57572174,-90.72980499
75.250000,65.91857910,-90.94200897,65.57637787,-90.72976685
75.300000,65.91915131,-90.94219208,65.57703400,-90.72972870
75.350000,65.91973114,-90.94236755,65.57769012,-90.72969055
75.400000,65.92030334,-90.94255066,65.57835388,-90.72965240
75.450000,65.92088318,-90.94272614,65.57901001,-90.72961426
75.500000,65.92146301,-90.94290924,65.57966614,-90.72957611
75.550000,65.92203522,-90.94309235,65.58032227,-90.72953796
75.600000,65.92261505,-90.94326782,65.58097839,-90.72949982
75.650000,65.92319489,-90.94345093,65.58163452,-90.72946930
75.700000,65.92376709,-90.94362640,65.58229065,-90.72943115
75.750000,65.92434692,-90.94380951,65.58294678,-90.72939301
75.800000,65.92491913,-90.94398499,65.58360291,-90.72935486
75.850000,65.92549896,-90.94416809,65.58425903,-90.72931671
75.900000,65.92607117,-90.94434357,65.58490753,-90.72927856
75.950000,65.92665100,-90.94452667,65.58556366,-90.72924042
76.000000,65.92722321,-90.94470978,65.58621979,-90.72920227
76.050000,65.92780304,-90.94488525,65.58687592,-90.72916412
76.100000,65.92837524,-90.94506836,65.58753204,-90.72912598
76.150000,65.92895508,-90.94524384,65.58818817,-90.72909546
76.200000,65.92953491,-90.94542694,65.58884430,-90.72905731
76.250000,65.93010712,-90.94560242,65.58950043,-90.72901917
76.300000,65.93067932,-90.94578552,65.59015656,-90.72898102
76.350000,65.93125916,-90.94596100,65.59080505,-90.72894287
76.400000,65.93183136,-90.94614410,65.59146118,-90.72890472
76.450000,65.93241119,-90.94632721,65.59211731,-90.72886658
76.500000,65.93298340,-90.94650269,65.59277344,-90.72882843
76.550000,65.93356323,-90.94668579,65.59342957,-90.72879028
76.600000,65.93413544,-90.94686127,65.59408569,-90.72875214
76.650000,65.93471527,-90.94704437,65.59473419,-90.72872162
76.700000,65.93528748,-90.94721985,65.59539032,-90.72868347
76.750000,65.93585968,-90.94740295,65.59604645,-90.72864532
76.800000,65.93643951,-90.94758606,65.59670258,-90.72860718
76.850000,65.93701172,-90.94776154,65.59735107,-90.72856903
76.900000,65.93758392,-90.94794464,65.59800720,-90.72853088
76.950000,65.93816376,-90.94812012,65.59866333,-90.72849274
77.000000,65.93873596,-90.94830322,65.59931183,-90.72845459
77.050000,65.93930817,-90.94847870,65.59996796,-90.72841644
77.100000,65.93988800,-90.94866180,65.60062408,-90.72838593
77.150000,65.94046021,-90.94884491,65.60128021,-90.72834778
77.200000,65.94103241,-90.94902039,65.60192871,-90.72830963
77.250000,65.94161224,-90.94920349,65.60258484,-90.72827148
77.300000,65.94218445,-90.94937897,65.60324097,-90.72823334
77.350000,65.94275665,-90.94956207,65.60388947,-90.72819519
77.400000,65.94332886,-90.94974518,65.60454559,-90.72815704
77.450000,65.94390869,-90.94992065,65.60519409,-90.72811890
77.500000,65.94448090,-90.95010376,65.60585022,-90.72808075
77.550000,65.94505310,-90.95027924,65.60649872,-90.72805023
77.600000,65.94562531,-90.95046234,65.60715485,-90.72801208
77.650000,65.94620514,-90.95064545,65.60781097,-90.72797394
77.700000,65.94677734,-90.95082092,65.60845947,-90.72793579
77.750000,65.94734955,-90.95100403,65.60911560,-90.72789764
77.800000,65.94792175,-90.95117950,65.60976410,-90.72785950
77.850000,65.94849396,-90.95136261,65.61042023,-90.72782135
77.900000,65.94906616,-90.95153809,65.61106873,-90.72778320
77.950000,65.94964600,-90.95172119,65.61172485,-90.72774506
78.000000,65.95021820,-90.95189667,65.61237335,-90.72771454
78.050000,65.95079041,-90.95207977,65.61302948,-90.72767639
78.100000,65.95136261,-90.95226288,65.61367798,-90.72763824
78.150000,65.95193481,-90.95243835,65.61432648,-90.72760010
78.200000,65.95250702,-90.95262146,65.61498260,-90.72756195
78.250000,65.95307922,-90.95279694,65.61563110,-90.72752380
78.300000,65.95365143,-90.95298004,65.61628723,-90.72748566
78.350000,65.95423126,-90.95316315,65.61693573,-90.72745514
78.400000,65.95479584,-90.95333862,65.61759186,-90.72741699
78.450000,65.95537567,-90.95352173,65.61824036,-90.72737885
78.500000,65.95594788,-90.95369720,65.61888885,-90.72734070
78.550000,65.95652008,-90.95388031,65.61954498,-90.72730255
78.600000,65.95709229,-90.95406342,65.62019348,-90.72726440
78.650000,65.95766449,-90.95423889,65.62084198,-90.72722626
78.700000,65.95823669,-90.95442200,65.62149811,-90.72718811
78.750000,65.95880890,-90.95459747,65.62214661,-90.72715759
78.800000,65.95938110,-90.95478058,65.62279510,-90.72711945
78.850000,65.95995331,-90.95496368,65.62344360,-90.72708130
78.900000,65.96052551,-90.95513916,65.62409973,-90.72704315
78.950000,65.96109772,-90.95532227,65.62474823,-90.72700500
79.000000,65.96166992,-90.95549774,65.62539673,-90.72696686
79.050000,65.96223450,-90.95568085,65.62605286,-90.72692871
79.100000,65.96280670,-90.95586395,65.62670135,-90.72689056
79.150000,65.96337891,-90.95603943,65.62734985,-90.72686005
79.200000,65.96395111,-90.95622253,65.62799835,-90.72682190
79.250000,65.96452332,-90.95639801,65.62864685,-90.72678375
79.300000,65.96509552,-90.95658112,65.62930298,-90.72674561
79.350000,65.96566772,-90.95676422,65.62995148,-90.72670746
79.400000,65.96623993,-90.95693970,65.63059998,-90.72666931
79.450000,65.96681213,-90.95712280,65.63124847,-90.72663116
79.500000,65.96737671,-90.95729828,65.63189697,-90.72660065
79.550000,65.96794891,-90.95748138,65.63254547,-90.72656250
79.600000,65.96852112,-90.95766449,65.63320160,-90.72652435
79.650000,65.96909332,-90.95783997,65.63385010,-90.72648621
79.700000,65.96966553,-90.95802307,65.63449860,-90.72644806
79.750000,65.97023773,-90.95819855,65.63514709,-90.72640991
79.800000,65.97080231,-90.95838165,65.63579559,-90.72637939
79.850000,65.97137451,-90.95856476,65.63644409,-90.72634125
79.900000,65.97194672,-90.95874023,65.63709259,-90.72630310
79.950000,65.97251892,-90.95892334,65.63774109,-90.72626495
80.000000,65.97308350,-90.95909882,65.63838959,-90.72622681
80.050000,65.97365570,-90.95928192,65.63903809,-90.72618866
80.100000,65.97422791,-90.95946503,65.63968658,-90.72615051
80.150000,65.97480011,-90.95964050,65.64033508,-90.72611237
80.200000,65.97536469,-90.95982361,65.64098358,-90.72608185
80.250000,65.97593689,-90.95999908,65.64163208,-90.72604370
80.300000,65.97650909,-90.96018219,65.64228058,-90.72600555
80.350000,65.97708130,-90.96036530,65.64292908,-90.72596741
80.400000,65.97764587,-90.96054077,65.64357758,-90.72592926
80.450000,65.97821808,-90.96072388,65.64422607,-90.72589111
80.500000,65.97878265,-90.96090698,65.64487457,-90.72585297
80.550000,65.97935486,-90.96108246,65.64552307,-90.72582245
80.600000,65.97992706,-90.96126556,65.64617157,-90.72578430
80.650000,65.98049164,-90.96144104,65.64682007,-90.72574615
80.700000,65.98106384,-90.96162415,65.64746094,-90.72570801
80.750000,65.98163605,-90.96180725,65.64810944,-90.72566986
80.800000,65.98220062,-90.96198273,65.64875793,-90.72563934
80.850000,65.98277283,-90.96216583,65.64940643,-90.72560120
80.900000,65.98333740,-90.96234131,65.65005493,-90.72556305
80.950000,65.98390961,-90.96252441,65.65070343,-90.72552490
81.000000,65.98448181,-90.96270752,65.65135193,-90.72548676
81.050000,65.98504639,-90.96288300,65.65199280,-90.72544861
81.100000,65.98561859,-90.96306610,65.65264130,-90.72541809
81.150000,65.98618317,-90.96324921,65.65328979,-90.72537994
81.200000,65.98675537,-90.96342468,65.65393829,-90.72534180
81.250000,65.98731995,-90.96360779,65.65457916,-90.72530365
81.300000,65.98789215,-90.96378326,65.65522766,-90.72526550
81.350000,65.98845673,-90.96396637,65.65587616,-90.72522736
81.400000,65.98902893,-90.96414948,65.65652466,-90.72518921
81.450000,65.98959351,-90.96432495,65.65716553,-90.72515869
81.500000,65.99016571,-90.96450806,65.65781403,-90.72512054
81.550000,65.99073029,-90.96468353,65.65846252,-90.72508240
81.600000,65.99130249,-90.96486664,65.65911102,-90.72504425
81.650000,65.99186707,-90.96504974,65.65975189,-90.72500610
81.700000,65.99243164,-90.96522522,65.66040039,-90.72497559
81.750000,65.99300385,-90.96540833,65.66104889,-90.72493744
81.800000,65.99356842,-90.96559143,65.66168976,-90.72489929
81.850000,65.99414063,-90.96576691,65.66233826,-90.72486115
81.900000,65.99470520,-90.96595001,65.66297913,-90.72482300
81.950000,65.99526978,-90.96613312,65.66362762,-90.72478485
82.000000,65.99584198,-90.96630859,65.66427612,-90.72475433
82.050000,65.99640656,-90.96649170,65.66491699,-90.72471619
82.100000,65.99697113,-90.96666718,65.66556549,-90.72467804
82.150000,65.99754333,-90.96685028,65.66620636,-90.72463989
82.200000,65.99810791,-90.96703339,65.66685486,-90.72460175
82.250000,65.99868011,-90.96720886,65.66749573,-90.72456360
82.300000,65.99924469,-90.96739197,65.66814423,-90.72453308
82.350000,65.99980927,-90.96757507,65.66878510,-90.72449493
82.400000,66.00037384,-90.96775055,65.66943359,-90.72445679
82.450000,66.00094604,-90.96793365,65.67007446,-90.72441864
82.500000,66.00151062,-90.96810913,65.67072296,-90.72438049
82.550000,66.00207520,-90.96829224,65.67136383,-90.72434998
82.600000,66.00264740,-90.96847534,65.67201233,-90.72431183
82.650000,66.00321198,-90.96865082,65.67265320,-90.72427368
82.700000,66.00377655,-90.96883392,65.67330170,-90.72423553
82.750000,66.00434113,-90.96901703,65.67394257,-90.72419739
82.800000,66.00490570,-90.96919250,65.67459106,-90.72416687
82.850000,66.00547791,-90.96937561,65.67523193,-90.72412872
82.900000,66.00604248,-90.96955109,65.67587280,-90.72409058
82.950000,66.00660706,-90.96973419,65.67652130,-90.72405243
83.000000,66.00717163,-90.96991730,65.67716217,-90.72401428
83.050000,66.00773621,-90.97009277,65.67781067,-90.72398376
83.100000,66.00830078,-90.97027588,65.67845154,-90.72394562
83.150000,66.00887299,-90.97045898,65.67909241,-90.72390747
83.200000,66.00943756,-90.97063446,65.67974091,-90.72386932
83.250000,66.01000214,-90.97081757,65.68038177,-90.72383118
83.300000,66.01056671,-90.97100067,65.68102264,-90.72379303
83.350000,66.01113129,-90.97117615,65.68167114,-90.72376251
83.400000,66.01169586,-90.97135925,65.68231201,-90.72372437
83.450000,66.01226044,-90.97154236,65.68295288,-90.72368622
83.500000,66.01282501,-90.97171783,65.68359375,-90.72364807
83.550000,66.01338959,-90.97190094,65.68424225,-90.72360992
83.600000,66.01396179,-90.97207642,65.68488312,-90.72357941
83.650000,66.01452637,-90.97225952,65.68552399,-90.72354126
83.700000,66.01509094,-90.97244263,65.68616486,-90.72350311
83.750000,66.01565552,-90.97261810,65.68681335,-90.72346497
83.800000,66.01622009,-90.97280121,65.68745422,-90.72342682
83.850000,66.01678467,-90.97298431,65.68809509,-90.72339630
83.900000,66.01734924,-90.97315979,65.68873596,-90.72335815
83.950000,66.01791382,-90.97334290,65.68937683,-90.72332001
84.000000,66.01847839,-90.97352600,65.69001770,-90.72328186
84.050000,66.01904297,-90.97370148,65.69066620,-90.72324371
84.100000,66.01960754,-90.97388458,65.69130707,-90.72321320
84.150000,66.02017212,-90.97406769,65.69194794,-90.72317505
84.200000,66.02073669,-90.97424316,65.69258881,-90.72313690
84.250000,66.02130127,-90.97442627,65.69322968,-90.72309875
84.300000,66.02185822,-90.97460938,65.69387054,-90.72306061
84.350000,66.02242279,-90.97478485,65.69451141,-90.72303009
84.400000,66.02298737,-90.97496796,65.69515228,-90.72299194
84.450000,66.02355194,-90.97514343,65.69579315,-90.72295380
84.500000,66.02411652,-90.97532654,65.69644165,-90.72291565
84.550000,66.02468109,-90.97550964,65.69708252,-90.72287750
84.600000,66.02524567,-90.97568512,65.69772339,-90.72284698
84.650000,66.02581024,-90.97586823,65.69836426,-90.72280884
84.700000,66.02637482,-90.97605133,65.69900513,-90.72277069
84.750000,66.02693176,-90.97622681,65.69964600,-90.72273254
84.800000,66.02749634,-90.97640991,65.70028687,-90.72270203
84.850000,66.02806091,-90.97659302,65.70092773,-90.72266388
84.900000,66.02862549,-90.97676849,65.70156860,-90.72262573
84.950000,66.02919006,-90.97695160,65.70220947,-90.72258759
85.000000,66.02974701,-90.97713470,65.70285034,-90.72254944
85.050000,66.03031158,-90.97731018,65.70348358,-90.72251892
85.100000,66.03087616,-90.97749329,65.70412445,-90.72248077
85.150000,66.03144073,-90.97767639,65.70476532,-90.72244263
85.200000,66.03200531,-90.97785187,65.70540619,-90.72240448
85.250000,66.03256226,-90.97803497,65.70604706,-90.72236633
85.300000,66.03312683,-90.97821808,65.70668793,-90.72233582
85.350000,66.03369141,-90.97839355,65.70732880,-90.72229767
85.400000,66.03425598,-90.97857666,65.70796967,-90.72225952
85.450000,66.03481293,-90.97875977,65.70860291,-90.72222137
85.500000,66.03537750,-90.97893524,65.70924377,-90.72218323
85.550000,66.03594208,-90.97911835,65.70988464,-90.72215271
85.600000,66.03649902,-90.97930145,65.71052551,-90.72211456
85.650000,66.03706360,-90.97947693,65.71116638,-90.72207642
85.700000,66.03762817,-90.97966003,65.71179962,-90.72203827
85.750000,66.03818512,-90.97984314,65.71244049,-90.72200775
85.800000,66.03874969,-90.98001862,65.71308136,-90.72196960
85.850000,66.03931427,-90.98020172,65.71372223,-90.72193146
85.900000,66.03987122,-90.98038483,65.71436310,-90.72189331
85.950000,66.04043579,-90.98056030,65.71499634,-90.72186279
86.000000,66.04100037,-90.98074341,65.71563721,-90.72182465
86.050000,66.04155731,-90.98092651,65.71627808,-90.72178650
86.100000,66.04212189,-90.98110199,65.71691132,-90.72174835
86.150000,66.04267883,-90.98128510,65.71755219,-90.72171021
86.200000,66.04324341,-90.98146820,65.71819305,-90.72167969
86.250000,66.04380035,-90.98164368,65.71882629,-90.72164154
86.300000,66.04436493,-90.98182678,65.71946716,-90.72160339
86.350000,66.04492188,-90.98200989,65.72010803,-90.72156525
86.400000,66.04548645,-90.98218536,65.72074127,-90.72153473
86.450000,66.04604340,-90.98236847,65.72138214,-90.72149658
86.500000,66.04660797,-90.98255157,65.72202301,-90.72145844
86.550000,66.04717255,-90.98272705,65.72265625,-90.72142029
86.600000,66.04772949,-90.98291016,65.72329712,-90.72138977
86.650000,66.04828644,-90.98309326,65.72393036,-90.72135162
86.700000,66.04885101,-90.98326874,65.72457123,-90.72131348
86.750000,66.04940796,-90.98345184,65.72521210,-90.72127533
86.800000,66.04997253,-90.98363495,65.72584534,-90.72124481
86.850000,66.05052948,-90.98381042,65.72648621,-90.72120667
86.900000,66.05109406,-90.98399353,65.72711945,-90.72116852
86.950000,66.05165100,-90.98417664,65.72776031,-90.72113037
87.000000,66.05221558,-90.98435211,65.72839355,-90.72109222
87.050000,66.05277252,-90.98453522,65.72903442,-90.72106171
87.100000,66.05332947,-90.98471832,65.72966766,-90.72102356
87.150000,66.05389404,-90.98489380,65.73030853,-90.72098541
87.200000,66.05445099,-90.98507690,65.73094177,-90.72094727
87.250000,66.05501556,-90.98526001,65.73158264,-90.72091675
87.300000,66.05557251,-90.98543549,65.73221588,-90.72087860
87.350000,66.05612946,-90.98561859,65.73285675,-90.72084045
87.400000,66.05669403,-90.98580170,65.73348999,-90.72080231
87.450000,66.05725098,-90.98598480,65.73412323,-90.72077179
87.500000,66.05780792,-90.98616028,65.73476410,-90.72073364
87.550000,66.05837250,-90.98634338,65.73539734,-90.72069550
87.600000,66.05892944,-90.98652649,65.73603821,-90.72065735
87.650000,66.05948639,-90.98670197,65.73667145,-90.72062683
87.700000,66.06005096,-90.98688507,65.73730469,-90.72058868
87.750000,66.06060791,-90.98706818,65.73794556,-90.72055054
87.800000,66.06116486,-90.98724365,65.73857880,-90.72051239
87.850000,66.06172180,-90.98742676,65.73921204,-90.72048187
87.900000,66.06228638,-90.98760986,65.73985291,-90.72044373
87.950000,66.06284332,-90.98778534,65.74048615,-90.72040558
88.000000,66.06340027,-90.98796844,65.74111938,-90.72036743
88.050000,66.06395721,-90.98815155,65.74176025,-90.72033691
88.100000,66.06452179,-90.98833466,65.74239349,-90.72029877
88.150000,66.06507874,-90.98851013,65.74302673,-90.72026062
88.200000,66.06563568,-90.98869324,65.74365997,-90.72022247
88.250000,66.06619263,-90.98887634,65.74430084,-90.72019196
88.300000,66.06674957,-90.98905182,65.74493408,-90.72015381
88.350000,66.06730652,-90.98923492,65.74556732,-90.72011566
88.400000,66.06787109,-90.98941803,65.74620056,-90.72007751
88.450000,66.06842804,-90.98959351,65.74684143,-90.72004700
88.500000,66.06898499,-90.98977661,65.74747467,-90.72000885
88.550000,66.06954193,-90.98995972,65.74810791,-90.71997070
88.600000,66.07009888,-90.99013519,65.74874115,-90.71993256
88.650000,66.07065582,-90.99031830,65.74937439,-90.71990204
88.700000,66.07121277,-90.99050140,65.75000763,-90.71986389
88.750000,66.07176971,-90.99068451,65.75064087,-90.71982574
88.800000,66.07232666,-90.99085999,65.75128174,-90.71978760
88.850000,66.07289124,-90.99104309,65.75191498,-90.71975708
88.900000,66.07344818,-90.99122620,65.75254822,-90.71971893
88.950000,66.07400513,-90.99140167,65.75318146,-90.71968079
89.000000,66.07456207,-90.99158478,65.75381470,-90.71964264
89.050000,66.07511902,-90.99176788,65.75444794,-90.71961212
89.100000,66.07567596,-90.99194336,65.75508118,-90.71957397
89.150000,66.07623291,-90.99212646,65.75571442,-90.71953583
89.200000,66.07678986,-90.99230957,65.75634766,-90.71949768
89.250000,66.07734680,-90.99248505,65.75698090,-90.71946716
89.300000,66.07790375,-90.99266815,65.75761414,-90.71942902
89.350000,66.07846069,-90.99285126,65.75824738,-90.71939087
89.400000,66.07901764,-90.99303436,65.75888062,-90.71935272
89.450000,66.07957458,-90.99320984,65.75951385,-90.71932220
89.500000,66.08013153,-90.99339294,65.76014709,-90.71928406
89.550000,66.08068848,-90.99357605,65.76078033,-90.71924591
89.600000,66.08123779,-90.99375153,65.76141357,-90.71921539
89.650000,66.08179474,-90.99393463,65.76204681,-90.71917725
89.700000,66.08235168,-90.99411774,65.76268005,-90.71913910
89.750000,66.08290863,-90.99430084,65.76331329,-90.71910095
89.800000,66.08346558,-90.99447632,65.76394653,-90.71907043
89.850000,66.08402252,-90.99465942,65.76457977,-90.71903229
89.900000,66.08457947,-90.99484253,65.76521301,-90.71899414
89.950000,66.08513641,-90.99501801,65.76584625,-90.71896362
90.000000,66.08569336,-90.99520111,65.76647949,-90.71892548
90.050000,66.08624268,-90.99538422,65.76711273,-90.71888733
90.100000,66.08679962,-90.99555969,65.76774597,-90.71884918
90.150000,66.08735657,-90.99574280,65.76837158,-90.71881866
90.200000,66.08791351,-90.99592590,65.76900482,-90.71878052
90.250000,66.08847046,-90.99610901,65.76963806,-90.71874237
90.300000,66.08902740,-90.99628448,65.77027130,-90.71870422
90.350000,66.08957672,-90.99646759,65.77090454,-90.71867371
90.400000,66.09013367,-90.99665070,65.77153778,-90.71863556
90.450000,66.09069061,-90.99682617,65.77217102,-90.71859741
90.500000,66.09124756,-90.99700928,65.77279663,-90.71856689
90.550000,66.09179688,-90.99719238,65.77342987,-90.71852875
90.600000,66.09235382,-90.99737549,65.77406311,-90.71849060
90.650000,66.09291077,-90.99755096,65.77469635,-90.71845245
90.700000,66.09346771,-90.99773407,65.77532196,-90.71842194
90.750000,66.09401703,-90.99791718,65.77595520,-90.71838379
90.800000,66.09457397,-90.99809265,65.77658844,-90.71834564
90.850000,66.09513092,-90.99827576,65.77722168,-90.71831512
90.900000,66.09568024,-90.99845886,65.77784729,-90.71827698
90.950000,66.09623718,-90.99864197,65.77848053,-90.71823883
91.000000,66.09679413,-90.99881744,65.77911377,-90.71820068
91.050000,66.09734344,-90.99900055,65.77973938,-90.71817017
91.100000,66.09790039,-90.99918365,65.78037262,-90.71813202
91.150000,66.09845734,-90.99935913,65.78100586,-90.71809387
91.200000,66.09900665,-90.99954224,65.78163147,-90.71805573
91.250000,66.09956360,-90.99972534,65.78226471,-90.71802521
91.300000,66.10012054,-90.99990845,65.78289795,-90.71798706
91.350000,66.10066986,-91.00008392,65.78352356,-90.71794891
91.400000,66.10122681,-91.00026703,65.78415680,-90.71791840
91.450000,66.10177612,-91.00045013,65.78478241,-90.71788025
91.500000,66.10233307,-91.00063324,65.78541565,-90.71784210
91.550000,66.10289001,-91.00080872,65.78604889,-90.71781158
91.600000,66.10343933,-91.00099182,65.78667450,-90.71777344
91.650000,66.10399628,-91.00117493,65.78730774,-90.71773529
91.700000,66.10454559,-91.00135040,65.78793335,-90.71769714
91.750000,66.10510254,-91.00153351,65.78856659,-90.71766663
91.800000,66.10565186,-91.00171661,65.78919220,-90.71762848
91.850000,66.10620880,-91.00189972,65.78982544,-90.71759033
91.900000,66.10675812,-91.00207520,65.79045105,-90.71755981
91.950000,66.10731506,-91.00225830,65.79108429,-90.71752167
92.000000,66.10786438,-91.00244141,65.79170990,-90.71748352
92.050000,66.10842133,-91.00261688,65.79234314,-90.71745300
92.100000,66.10897064,-91.00279999,65.79296875,-90.71741486
92.150000,66.10952759,-91.00298309,65.79360199,-90.71737671
92.200000,66.11007690,-91.00316620,65.79422760,-90.71734619
92.250000,66.11062622,-91.00334167,65.79486084,-90.71730804
92.300000,66.11118317,-91.00352478,65.79548645,-90.71726990
92.350000,66.11173248,-91.00370789,65.79611206,-90.71723175
92.400000,66.11228943,-91.00389099,65.79674530,-90.71720123
92.450000,66.11283875,-91.00406647,65.79737091,-90.71716309
92.500000,66.11338806,-91.00424957,65.79800415,-90.71712494
92.550000,66.11394501,-91.00443268,65.79862976,-90.71709442
92.600000,66.11449432,-91.00461578,65.79925537,-90.71705627
92.650000,66.11505127,-91.00479126,65.79988861,-90.71701813
92.700000,66.11560059,-91.00497437,65.80051422,-90.71697998
92.750000,66.11614990,-91.00515747,65.80113983,-90.71694946
92.800000,66.11670685,-91.00533295,65.80177307,-90.71691132
92.850000,66.11725616,-91.00551605,65.80239868,-90.71687317
92.900000,66.11780548,-91.00569916,65.80302429,-90.71684265
92.950000,66.11836243,-91.00588226,65.80365753,-90.71680450
93.000000,66.11891174,-91.00605774,65.80428314,-90.71676636
93.050000,66.11946106,-91.00624084,65.80490875,-90.71673584
93.100000,66.12001038,-91.00642395,65.80553436,-90.71669769
93.150000,66.12056732,-91.00660706,65.80616760,-90.71665955
93.200000,66.12111664,-91.00678253,65.80679321,-90.71662903
93.250000,66.12166595,-91.00696564,65.80741882,-90.71659088
93.300000,66.12221527,-91.00714874,65.80804443,-90.71655273
93.350000,66.12277222,-91.00732422,65.80867767,-90.71652222
93.400000,66.12332153,-91.00750732,65.80930328,-90.71648407
93.450000,66.12387085,-91.00769043,65.80992889,-90.71644592
93.500000,66.12442017,-91.00787354,65.81055450,-90.71640778
93.550000,66.12497711,-91.00804901,65.81118011,-90.71637726
93.600000,66.12552643,-91.00823212,65.81180573,-90.71633911
93.650000,66.12607574,-91.00841522,65.81243896,-90.71630096
93.700000,66.12662506,-91.00859833,65.81306458,-90.71627045
93.750000,66.12717438,-91.00877380,65.81369019,-90.71623230
93.800000,66.12772369,-91.00895691,65.81431580,-90.71619415
93.850000,66.12828064,-91.00914001,65.81494141,-90.71616364
93.900000,66.12882996,-91.00932312,65.81556702,-90.71612549
93.950000,66.12937927,-91.00949860,65.81619263,-90.71608734
94.000000,66.12992859,-91.00968170,65.81681824,-90.71605682
94.050000,66.13047791,-91.00986481,65.81744385,-90.71601868
94.100000,66.13102722,-91.01004791,65.81806946,-90.71598053
94.150000,66.13157654,-91.01022339,65.81869507,-90.71595001
94.200000,66.13212585,-91.01040649,65.81932068,-90.71591187
94.250000,66.13267517,-91.01058960,65.81994629,-90.71587372
94.300000,66.13322449,-91.01077271,65.82057190,-90.71584320
94.350000,66.13377380,-91.01094818,65.82119751,-90.71580505
94.400000,66.13432312,-91.01113129,65.82182312,-90.71576691
94.450000,66.13488007,-91.01131439,65.82244873,-90.71573639
94.500000,66.13542175,-91.01149750,65.82307434,-90.71569824
94.550000,66.13597870,-91.01167297,65.82369995,-90.71566010
94.600000,66.13652039,-91.01185608,65.82432556,-90.71562958
94.650000,66.13707733,-91.01203918,65.82495117,-90.71559143
94.700000,66.13761902,-91.01222229,65.82557678,-90.71555328
94.750000,66.13817596,-91.01239777,65.82620239,-90.71552277
94.800000,66.13871765,-91.01258087,65.82682800,-90.71548462
94.850000,66.13926697,-91.01276398,65.82745361,-90.71544647
94.900000,66.13981628,-91.01294708,65.82807922,-90.71541595
94.950000,66.14036560,-91.01312256,65.82869720,-90.71537781
95.000000,66.14091492,-91.01330566,65.82932281,-90.71533966
95.050000,66.14146423,-91.01348877,65.82994843,-90.71530914
95.100000,66.14201355,-91.01367188,65.83057404,-90.71527100
95.150000,66.14256287,-91.01384735,65.83119965,-90.71523285
95.200000,66.14311218,-91.01403046,65.83182526,-90.71520233
95.250000,66.14366150,-91.01421356,65.83244324,-90.71516418
95.300000,66.14421082,-91.01439667,65.83306885,-90.71512604
95.350000,66.14475250,-91.01457214,65.83369446,-90.71509552
95.400000,66.14530182,-91.01475525,65.83432007,-90.71505737
95.450000,66.14585114,-91.01493835,65.83493805,-90.71501923
95.500000,66.14640045,-91.01512146,65.83556366,-90.71498871
95.550000,66.14694977,-91.01529694,65.83618927,-90.71495056
95.600000,66.14749908,-91.01548004,65.83681488,-90.71491241
95.650000,66.14804077,-91.01566315,65.83743286,-90.71488190
95.700000,66.14859009,-91.01584625,65.83805847,-90.71484375
95.750000,66.14913940,-91.01602173,65.83868408,-90.71480560
95.800000,66.14968872,-91.01620483,65.83930206,-90.71477509
95.850000,66.15023804,-91.01638794,65.83992767,-90.71473694
95.900000,66.15077972,-91.01657104,65.84055328,-90.71469879
95.950000,66.15132904,-91.01675415,65.84117126,-90.71466827
96.000000,66.15187836,-91.01692963,65.84179687,-90.71463013
96.050000,66.15242767,-91.01711273,65.84242249,-90.71459198
96.100000,66.15296936,-91.01729584,65.84304047,-90.71456146
96.150000,66.15351868,-91.01747131,65.84366608,-90.71452332
96.200000,66.15406799,-91.01765442,65.84429169,-90.71448517
96.250000,66.15460968,-91.01783752,65.84490967,-90.71445465
96.300000,66.15515900,-91.01802063,65.84553528,-90.71441650
96.350000,66.15570831,-91.01820374,65.84615326,-90.71438599
96.400000,66.15625763,-91.01837921,65.84677887,-90.71434784
96.450000,66.15679932,-91.01856232,65.84739685,-90.71430969
96.500000,66.15734863,-91.01874542,65.84802246,-90.71427917
96.550000,66.15789032,-91.01892853,65.84864044,-90.71424103
96.600000,66.15843964,-91.01910400,65.84926605,-90.71420288
96.650000,66.15898895,-91.01928711,65.84988403,-90.71417236
96.700000,66.15953064,-91.01947021,65.85050964,-90.71413422
96.750000,66.16007996,-91.01965332,65.85112762,-90.71409607
96.800000,66.16062927,-91.01982880,65.85175323,-90.71406555
96.850000,66.16117096,-91.02001190,65.85237122,-90.71402740
96.900000,66.16172028,-91.02019501,65.85299683,-90.71398926
96.950000,66.16226196,-91.02037811,65.85361481,-90.71395874
97.000000,66.16281128,-91.02056122,65.85424042,-90.71392059
97.050000,66.16335297,-91.02073669,65.85485840,-90.71388245
97.100000,66.16390228,-91.02091980,65.85547638,-90.71385193
97.150000,66.16445160,-91.02110291,65.85610199,-90.71381378
97.200000,66.16499329,-91.02128601,65.85671997,-90.71377563
97.250000,66.16554260,-91.02146149,65.85734558,-90.71374512
97.300000,66.16608429,-91.02164459,65.85796356,-90.71370697
97.350000,66.16663361,-91.02182770,65.85858154,-90.71366882
97.400000,66.16717529,-91.02201080,65.85920715,-90.71363831
97.450000,66.16772461,-91.02218628,65.85982513,-90.71360016
97.500000,66.16826630,-91.02236938,65.86044312,-90.71356964
97.550000,66.16880798,-91.02255249,65.86106873,-90.71353149
97.600000,66.16935730,-91.02273560,65.86168671,-90.71349335
97.650000,66.16989899,-91.02291870,65.86230469,-90.71346283
97.700000,66.17044830,-91.02309418,65.86293030,-90.71342468
97.750000,66.17098999,-91.02327728,65.86354828,-90.71338654
97.800000,66.17153931,-91.02346039,65.86416626,-90.71335602
97.850000,66.17208099,-91.02364349,65.86478424,-90.71331787
97.900000,66.17263031,-91.02382660,65.86540985,-90.71327972
97.950000,66.17317200,-91.02400208,65.86602783,-90.71324921
98.000000,66.17371368,-91.02418518,65.86664581,-90.71321106
98.050000,66.17426300,-91.02436829,65.86726379,-90.71318054
98.100000,66.17480469,-91.02455139,65.86788940,-90.71314240
98.150000,66.17534637,-91.02472687,65.86850739,-90.71310425
98.200000,66.17589569,-91.02490997,65.86912537,-90.71307373
98.250000,66.17643738,-91.02509308,65.86974335,-90.71303558
98.300000,66.17697906,-91.02527618,65.87036133,-90.71299744
98.350000,66.17752838,-91.02545929,65.87097931,-90.71296692
98.400000,66.17807007,-91.02563477,65.87160492,-90.71292877
98.450000,66.17861176,-91.02581787,65.87222290,-90.71289062
98.500000,66.17916107,-91.02600098,65.87284088,-90.71286011
98.550000,66.17970276,-91.02618408,65.87345886,-90.71282196
98.600000,66.18024445,-91.02635956,65.87407684,-90.71279144
98.650000,66.18078613,-91.02654266,65.87469482,-90.71275330
98.700000,66.18133545,-91.02672577,65.87531281,-90.71271515
98.750000,66.18187714,-91.02690887,65.87593079,-90.71268463
98.800000,66.18241882,-91.02709198,65.87654877,-90.71264648
98.850000,66.18296051,-91.02726746,65.87716675,-90.71260834
98.900000,66.18350983,-91.02745056,65.87778473,-90.71257782
98.950000,66.18405151,-91.02763367,65.87840271,-90.71253967
99.000000,66.18459320,-91.02781677,65.87902069,-90.71250916
99.050000,66.18513489,-91.02799225,65.87963867,-90.71247101
99.100000,66.18567657,-91.02817535,65.88025665,-90.71243286
99.150000,66.18621826,-91.02835846,65.88087463,-90.71240234
99.200000,66.18676758,-91.02854156,65.88149261,-90.71236420
99.250000,66.18730927,-91.02872467,65.88211060,-90.71232605
99.300000,66.18785095,-91.02890015,65.88272858,-90.71229553
99.350000,66.18839264,-91.02908325,65.88334656,-90.71225739
99.400000,66.18893433,-91.02926636,65.88396454,-90.71222687
99.450000,66.18947601,-91.02944946,65.88458252,-90.71218872
99.500000,66.19001770,-91.02963257,65.88520050,-90.71215057
99.550000,66.19056702,-91.02980804,65.88581848,-90.71212006
99.600000,66.19110870,-91.02999115,65.88643646,-90.71208191
99.650000,66.19165039,-91.03017426,65.88705444,-90.71204376
99.700000,66.19219208,-91.03035736,65.88767242,-90.71201324
99.750000,66.19273376,-91.03053284,65.88828278,-90.71197510
99.800000,66.19327545,-91.03071594,65.88890076,-90.71194458
99.850000,66.19381714,-91.03089905,65.88951874,-90.71190643
99.900000,66.19435883,-91.03108215,65.89013672,-90.71186829
99.950000,66.19490051,-91.03126526,65.89075470,-90.71183777
100.000000,66.19544220,-91.03144073,65.89137268,-90.71179962
100.050000,66.19598389,-91.03162384,65.89198303,-90.71176910
100.100000,66.19652557,-91.03180695,65.89260101,-90.71173096
100.150000,66.19706726,-91.03199005,65.89321899,-90.71169281
100.200000,66.19760895,-91.03217316,65.89383698,-90.71166229
100.250000,66.19815063,-91.03234863,65.89444733,-90.71162415
100.300000,66.19869232,-91.03253174,65.89506531,-90.71158600
100.350000,66.19923401,-91.03271484,65.89568329,-90.71155548
100.400000,66.19977570,-91.03289795,65.89630127,-90.71151733
100.450000,66.20031738,-91.03308105,65.89691925,-90.71148682
100.500000,66.20085907,-91.03325653,65.89752960,-90.71144867
100.550000,66.20140076,-91.03343964,65.89814758,-90.71141052
100.600000,66.20194244,-91.03362274,65.89876556,-90.71138000
100.650000,66.20248413,-91.03380585,65.89937592,-90.71134186
100.700000,66.20301819,-91.03398895,65.89999390,-90.71131134
100.750000,66.20355988,-91.03416443,65.90061188,-90.71127319
100.800000,66.20410156,-91.03434753,65.90122223,-90.71123505
100.850000,66.20464325,-91.03453064,65.90184021,-90.71120453
100.900000,66.20518494,-91.03471375,65.90245056,-90.71116638
100.950000,66.20572662,-91.03489685,65.90306854,-90.71112823
101.000000,66.20626831,-91.03507996,65.90368652,-90.71109772
101.050000,66.20680237,-91.03525543,65.90429687,-90.71105957
101.100000,66.20734406,-91.03543854,65.90491486,-90.71102905
101.150000,66.20788574,-91.03562164,65.90552521,-90.71099091
101.200000,66.20842743,-91.03580475,65.90614319,-90.71096039
101.250000,66.20896912,-91.03598022,65.90675354,-90.71092224
101.300000,66.20950317,-91.03616333,65.90737152,-90.71088409
101.350000,66.21004486,-91.03634644,65.90798950,-90.71085358
101.400000,66.21058655,-91.03652954,65.90859985,-90.71081543
101.450000,66.21112823,-91.03671265,65.90921783,-90.71077728
101.500000,66.21166229,-91.03689575,65.90982819,-90.71074677
101.550000,66.21220398,-91.03707123,65.91044617,-90.71070862
101.600000,66.21274567,-91.03725433,65.91105652,-90.71067810
101.650000,66.21328735,-91.03743744,65.91167450,-90.71063995
101.700000,66.21382141,-91.03762054,65.91228485,-90.71060181
101.750000,66.21436310,-91.03780365,65.91289520,-90.71057129
101.800000,66.21490479,-91.03797913,65.91351318,-90.71053314
101.850000,66.21543884,-91.03816223,65.91412354,-90.71050262
101.900000,66.21598053,-91.03834534,65.91474152,-90.71046448
101.950000,66.21652222,-91.03852844,65.91535187,-90.71042633
102.000000,66.21705627,-91.03871155,65.91596985,-90.71039581
102.050000,66.21759796,-91.03889465,65.91658020,-90.71035767
102.100000,66.21813965,-91.03907013,65.91719055,-90.71032715
102.150000,66.21867371,-91.03925323,65.91780853,-90.71028900
102.200000,66.21921539,-91.03943634,65.91841888,-90.71025848
102.250000,66.21975708,-91.03961945,65.91902924,-90.71022034
102.300000,66.22029114,-91.03980255,65.91964722,-90.71018219
102.350000,66.22083282,-91.03997803,65.92025757,-90.71015167
102.400000,66.22136688,-91.04016113,65.92086792,-90.71011353
102.450000,66.22190857,-91.04034424,65.92148590,-90.71007538
102.500000,66.22244263,-91.04052734,65.92209625,-90.71004486
102.550000,66.22298431,-91.04071045,65.92270660,-90.71000671
102.600000,66.22352600,-91.04088593,65.92332458,-90.70997620
102.650000,66.22406006,-91.04106903,65.92393494,-90.70993805
102.700000,66.22460175,-91.04125214,65.92454529,-90.70989990
102.750000,66.22513580,-91.04143524,65.92515564,-90.70986938
102.800000,66.22567749,-91.04161835,65.92577362,-90.70983124
102.850000,66.22621155,-91.04180145,65.92638397,-90.70980072
102.900000,66.22675323,-91.04197693,65.92699432,-90.70976257
102.950000,66.22728729,-91.04216003,65.92760468,-90.70973206
103.000000,66.22782898,-91.04234314,65.92822266,-90.70969391
103.050000,66.22836304,-91.04252625,65.92883301,-90.70965576
103.100000,66.22890472,-91.04270935,65.92944336,-90.70962524
103.150000,66.22943878,-91.04288483,65.93005371,-90.70958710
103.200000,66.22997284,-91.04306793,65.93066406,-90.70955658
103.250000,66.23051453,-91.04325104,65.93127441,-90.70951843
103.300000,66.23104858,-91.04343414,65.93188477,-90.70948029
103.350000,66.23159027,-91.04361725,65.93250275,-90.70944977
103.400000,66.23212433,-91.04380035,65.93311310,-90.70941162
103.450000,66.23266602,-91.04397583,65.93372345,-90.70938110
103.500000,66.23320007,-91.04415894,65.93433380,-90.70934296
103.550000,66.23373413,-91.04434204,65.93494415,-90.70931244
103.600000,66.23427582,-91.04452515,65.93555450,-90.70927429
103.650000,66.23480988,-91.04470825,65.93616486,-90.70923615
103.700000,66.23534393,-91.04489136,65.93677521,-90.70920563
103.750000,66.23588562,-91.04506683,65.93738556,-90.70916748
103.800000,66.23641968,-91.04524994,65.93799591,-90.70913696
103.850000,66.23695374,-91.04543304,65.93860626,-90.70909882
103.900000,66.23749542,-91.04561615,65.93921661,-90.70906067
103.950000,66.23802948,-91.04579926,65.93982697,-90.70903015
104.000000,66.23856354,-91.04597473,65.94043732,-90.70899200
104.050000,66.23910522,-91.04615784,65.94104767,-90.70896149
104.100000,66.23963928,-91.04634094,65.94165802,-90.70892334
104.150000,66.24017334,-91.04652405,65.94226837,-90.70889282
104.200000,66.24070740,-91.04670715,65.94287872,-90.70885468
104.250000,66.24124908,-91.04689026,65.94348907,-90.70881653
104.300000,66.24178314,-91.04706573,65.94409943,-90.70878601
104.350000,66.24231720,-91.04724884,65.94470978,-90.70874786
104.400000,66.24285126,-91.04743195,65.94532013,-90.70871735
104.450000,66.24339294,-91.04761505,65.94593048,-90.70867920
104.500000,66.24392700,-91.04779816,65.94654083,-90.70864105
104.550000,66.24446106,-91.04798126,65.94715118,-90.70861053
104.600000,66.24499512,-91.04815674,65.94776154,-90.70857239
104.650000,66.24552917,-91.04833984,65.94836426,-90.70854187
104.700000,66.24607086,-91.04852295,65.94897461,-90.70850372
104.750000,66.24660492,-91.04870605,65.94958496,-90.70847321
104.800000,66.24713898,-91.04888916,65.95019531,-90.70843506
104.850000,66.24767303,-91.04907227,65.95080566,-90.70840454
104.900000,66.24820709,-91.04924774,65.95141602,-90.70836639
104.950000,66.24874115,-91.04943085,65.95201874,-90.70832825
105.000000,66.24928284,-91.04961395,65.95262909,-90.70829773
105.050000,66.24981689,-91.04979706,65.95323944,-90.70825958
105.100000,66.25035095,-91.04998016,65.95384979,-90.70822906
105.150000,66.25088501,-91.05016327,65.95446014,-90.70819092
105.200000,66.25141907,-91.05033875,65.95506287,-90.70815277
105.250000,66.25195313,-91.05052185,65.95567322,-90.70812225
105.300000,66.25248718,-91.05070496,65.95628357,-90.70808411
105.350000,66.25302124,-91.05088806,65.95688629,-90.70805359
105.400000,66.25355530,-91.05107117,65.95749664,-90.70801544
105.450000,66.25408936,-91.05124664,65.95810699,-90.70798492
105.500000,66.25462341,-91.05142975,65.95871735,-90.70794678
105.550000,66.25515747,-91.05161285,65.95932007,-90.70790863
105.600000,66.25569153,-91.05179596,65.95993042,-90.70787811
105.650000,66.25622559,-91.05197906,65.96054077,-90.70783997
105.700000,66.25675964,-91.05216217,65.96114349,-90.70780945
105.750000,66.25729370,-91.05233765,65.96175385,-90.70777130
105.800000,66.25782776,-91.05252075,65.96236420,-90.70774078
105.850000,66.25836182,-91.05270386,65.96296692,-90.70770264
105.900000,66.25889587,-91.05288696,65.96357727,-90.70767212
105.950000,66.25942993,-91.05307007,65.96417999,-90.70763397
106.000000,66.25996399,-91.05325317,65.96479034,-90.70759583
106.050000,66.26049805,-91.05343628,65.96539307,-90.70756531
106.100000,66.26103210,-91.05361176,65.96600342,-90.70752716
106.150000,66.26156616,-91.05379486,65.96661377,-90.70749664
106.200000,66.26210022,-91.05397797,65.96721649,-90.70745850
106.250000,66.26263428,-91.05416107,65.96782684,-90.70742798
106.300000,66.26316833,-91.05434418,65.96842957,-90.70738983
106.350000,66.26370239,-91.05452728,65.96903992,-90.70735931
106.400000,66.26422882,-91.05470276,65.96964264,-90.70732117
106.450000,66.26476288,-91.05488586,65.97025299,-90.70728302
106.500000,66.26529694,-91.05506897,65.97085571,-90.70725250
106.550000,66.26583099,-91.05525208,65.97146606,-90.70721436
106.600000,66.26636505,-91.05543518,65.97206879,-90.70718384
106.650000,66.26689911,-91.05561829,65.97267914,-90.70714569
106.700000,66.26742554,-91.05580139,65.97328186,-90.70711517
106.750000,66.26795959,-91.05597687,65.97389221,-90.70707703
106.800000,66.26849365,-91.05615997,65.97449493,-90.70703888
106.850000,66.26902771,-91.05634308,65.97509766,-90.70700836
106.900000,66.26956177,-91.05652618,65.97570801,-90.70697021
106.950000,66.27008820,-91.05670929,65.97631073,-90.70693970
107.000000,66.27062225,-91.05689240,65.97692108,-90.70690155
107.050000,66.27115631,-91.05706787,65.97752380,-90.70687103
107.100000,66.27169037,-91.05725098,65.97812653,-90.70683289
107.150000,66.27221680,-91.05743408,65.97873688,-90.70679474
107.200000,66.27275085,-91.05761719,65.97933960,-90.70676422
107.250000,66.27328491,-91.05780029,65.97994232,-90.70672607
107.300000,66.27381897,-91.05798340,65.98055267,-90.70669556
107.350000,66.27434540,-91.05816650,65.98115540,-90.70665741
107.400000,66.27487946,-91.05834198,65.98175812,-90.70662689
107.450000,66.27541351,-91.05852509,65.98236847,-90.70658875
107.500000,66.27593994,-91.05870819,65.98297119,-90.70655823
107.550000,66.27647400,-91.05889130,65.98357391,-90.70652008
107.600000,66.27700806,-91.05907440,65.98418427,-90.70648956
107.650000,66.27753448,-91.05925751,65.98478699,-90.70645142
107.700000,66.27806854,-91.05943298,65.98538971,-90.70641327
107.750000,66.27860260,-91.05961609,65.98599243,-90.70638275
107.800000,66.27912903,-91.05979919,65.98659515,-90.70634460
107.850000,66.27966309,-91.05998230,65.98720551,-90.70631409
107.900000,66.28019714,-91.06016541,65.98780823,-90.70627594
107.950000,66.28072357,-91.06034851,65.98841095,-90.70624542
108.000000,66.28125763,-91.06053162,65.98901367,-90.70620728
108.050000,66.28178406,-91.06071472,65.98962402,-90.70617676
108.100000,66.28231812,-91.06089020,65.99022675,-90.70613861
108.150000,66.28284454,-91.06107330,65.99082947,-90.70610809
108.200000,66.28337860,-91.06125641,65.99143219,-90.70606995
108.250000,66.28391266,-91.06143951,65.99203491,-90.70603180
108.300000,66.28443909,-91.06162262,65.99263763,-90.70600128
108.350000,66.28497314,-91.06180573,65.99324036,-90.70596313
108.400000,66.28549957,-91.06198120,65.99384308,-90.70593262
108.450000,66.28603363,-91.06216431,65.99445343,-90.70589447
108.500000,66.28656006,-91.06234741,65.99505615,-90.70586395
108.550000,66.28709412,-91.06253052,65.99565887,-90.70582581
108.600000,66.28762054,-91.06271362,65.99626160,-90.70579529
108.650000,66.28815460,-91.06289673,65.99686432,-90.70575714
108.700000,66.28868103,-91.06307983,65.99746704,-90.70572662
108.750000,66.28920746,-91.06325531,65.99806976,-90.70568848
108.800000,66.28974152,-91.06343842,65.99867249,-90.70565033
108.850000,66.29026794,-91.06362152,65.99927521,-90.70561981
108.900000,66.29080200,-91.06380463,65.99987793,-90.70558167
108.950000,66.29132843,-91.06398773,66.00048065,-90.70555115
109.000000,66.29186249,-91.06417084,66.00108337,-90.70551300
109.050000,66.29238892,-91.06435394,66.00168610,-90.70548248
109.100000,66.29291534,-91.06453705,66.00228882,-90.70544434
109.150000,66.29344940,-91.06471252,66.00289154,-90.70541382
109.200000,66.29397583,-91.06489563,66.00349426,-90.70537567
109.250000,66.29450989,-91.06507874,66.00409698,-90.70534515
109.300000,66.29503632,-91.06526184,66.00469971,-90.70530701
109.350000,66.29556274,-91.06544495,66.00530243,-90.70527649
109.400000,66.29609680,-91.06562805,66.00590515,-90.70523834
109.450000,66.29662323,-91.06581116,66.00650024,-90.70520782
109.500000,66.29714966,-91.06598663,66.00710297,-90.70516968
109.550000,66.29768372,-91.06616974,66.00770569,-90.70513153
109.600000,66.29821014,-91.06635284,66.00830841,-90.70510101
109.650000,66.29873657,-91.06653595,66.00891113,-90.70506287
109.700000,66.29927063,-91.06671906,66.00951385,-90.70503235
109.750000,66.29979706,-91.06690216,66.01011658,-90.70499420
109.800000,66.30032349,-91.06708527,66.01071167,-90.70496368
109.850000,66.30084991,-91.06726837,66.01131439,-90.70492554
109.900000,66.30138397,-91.06744385,66.01191711,-90.70489502
109.950000,66.30191040,-91.06762695,66.01251984,-90.70485687
110.000000,66.30243683,-91.06781006,66.01312256,-90.70482635
110.050000,66.30296326,-91.06799316,66.01371765,-90.70478821
110.100000,66.30349731,-91.06817627,66.01432037,-90.70475769
110.150000,66.30402374,-91.06835938,66.01492310,-90.70471954
110.200000,66.30455017,-91.06854248,66.01552582,-90.70468903
110.250000,66.30507660,-91.06872559,66.01612091,-90.70465088
110.300000,66.30560303,-91.06890106,66.01672363,-90.70461273
110.350000,66.30613708,-91.06908417,66.01732635,-90.70458221
110.400000,66.30666351,-91.06926727,66.01792908,-90.70454407
110.450000,66.30718994,-91.06945038,66.01852417,-90.70451355
110.500000,66.30771637,-91.06963348,66.01912689,-90.70447540
110.550000,66.30824280,-91.06981659,66.01972961,-90.70444489
110.600000,66.30876923,-91.06999969,66.02032471,-90.70440674
110.650000,66.30929565,-91.07018280,66.02092743,-90.70437622
110.700000,66.30982971,-91.07035828,66.02153015,-90.70433807
110.750000,66.31035614,-91.07054138,66.02212524,-90.70430756
110.800000,66.31088257,-91.07072449,66.02272797,-90.70426941
110.850000,66.31140900,-91.07090759,66.02333069,-90.70423889
110.900000,66.31193542,-91.07109070,66.02392578,-90.70420074
110.950000,66.31246185,-91.07127380,66.02452850,-90.70417023
111.000000,66.31298828,-91.07145691,66.02512360,-90.70413208
111.050000,66.31351471,-91.07163239,66.02572632,-90.70410156
111.100000,66.31404114,-91.07181549,66.02632904,-90.70406342
111.150000,66.31456757,-91.07199860,66.02692413,-90.70402527
111.200000,66.31509399,-91.07218170,66.02752686,-90.70399475
111.250000,66.31562042,-91.07236481,66.02812195,-90.70396423
111.300000,66.31614685,-91.07254791,66.02872467,-90.70392609
111.350000,66.31667328,-91.07273102,66.02931976,-90.70389557
111.400000,66.31719971,-91.07291412,66.02992249,-90.70385742
111.450000,66.31772614,-91.07308960,66.03051758,-90.70381927
111.500000,66.31825256,-91.07327271,66.03112030,-90.70378876
111.550000,66.31877899,-91.07345581,66.03171539,-90.70375061
111.600000,66.31930542,-91.07363892,66.03231812,-90.70372009
111.650000,66.31983185,-91.07382202,66.03291321,-90.70368195
111.700000,66.32035828,-91.07400513,66.03351593,-90.70365143
111.750000,66.32088470,-91.07418823,66.03411102,-90.70361328
111.800000,66.32141113,-91.07437134,66.03471375,-90.70358276
111.850000,66.32193756,-91.07455444,66.03530884,-90.70354462
111.900000,66.32246399,-91.07473755,66.03590393,-90.70351410
111.950000,66.32299042,-91.07491302,66.03650665,-90.70347595
112.000000,66.32351685,-91.07509613,66.03710175,-90.70344543
112.050000,66.32404327,-91.07527924,66.03770447,-90.70340729
112.100000,66.32456207,-91.07546234,66.03829956,-90.70337677
112.150000,66.32508850,-91.07564545,66.03889465,-90.70333862
112.200000,66.32561493,-91.07582855,66.03949738,-90.70330811
112.250000,66.32614136,-91.07601166,66.04009247,-90.70326996
112.300000,66.32666779,-91.07619476,66.04068756,-90.70323944
112.350000,66.32719421,-91.07637024,66.04129028,-90.70320129
112.400000,66.32772064,-91.07655334,66.04188538,-90.70317078
112.450000,66.32823944,-91.07673645,66.04248047,-90.70313263
112.500000,66.32876587,-91.07691956,66.04308319,-90.70310211
112.550000,66.32929230,-91.07710266,66.04367828,-90.70306396
112.600000,66.32981873,-91.07728577,66.04427338,-90.70303345
112.650000,66.33034515,-91.07746887,66.04486847,-90.70299530
112.700000,66.33086395,-91.07765198,66.04547119,-90.70296478
112.750000,66.33139038,-91.07783508,66.04606628,-90.70292664
112.800000,66.33191681,-91.07801056,66.04666138,-90.70289612
112.850000,66.33244324,-91.07819366,66.04725647,-90.70285797
112.900000,66.33296204,-91.07837677,66.04785919,-90.70281982
112.950000,66.33348846,-91.07855988,66.04845428,-90.70278931
113.000000,66.33401489,-91.07874298,66.04904938,-90.70275879
113.050000,66.33453369,-91.07892609,66.04964447,-90.70272064
113.100000,66.33506012,-91.07910919,66.05023956,-90.70269012
113.150000,66.33558655,-91.07929230,66.05084229,-90.70265198
113.200000,66.33611298,-91.07947540,66.05143738,-90.70261383
113.250000,66.33663177,-91.07965088,66.05203247,-90.70258331
113.300000,66.33715820,-91.07983398,66.05262756,-90.70254517
113.350000,66.33768463,-91.08001709,66.05322266,-90.70251465
113.400000,66.33820343,-91.08020020,66.05381775,-90.70247650
113.450000,66.33872986,-91.08038330,66.05441284,-90.70244598
113.500000,66.33924866,-91.08056641,66.05500793,-90.70240784
113.550000,66.33977509,-91.08074951,66.05561066,-90.70237732
113.600000,66.34030151,-91.08093262,66.05620575,-90.70233917
113.650000,66.34082031,-91.08111572,66.05680084,-90.70230865
113.700000,66.34134674,-91.08129120,66.05739594,-90.70227051
113.750000,66.34186554,-91.08147430,66.05799103,-90.70223999
113.800000,66.34239197,-91.08165741,66.05858612,-90.70220184
113.850000,66.34291840,-91.08184052,66.05918121,-90.70217133
113.900000,66.34343719,-91.08202362,66.05977631,-90.70213318
113.950000,66.34396362,-91.08220673,66.06037140,-90.70210266
114.000000,66.34448242,-91.08238983,66.06096649,-90.70206451
114.050000,66.34500885,-91.08257294,66.06156158,-90.70203400
114.100000,66.34552765,-91.08275604,66.06215668,-90.70199585
114.150000,66.34605408,-91.08293915,66.06275177,-90.70196533
114.200000,66.34657288,-91.08311462,66.06334686,-90.70192719
114.250000,66.34709930,-91.08329773,66.06394196,-90.70189667
114.300000,66.34761810,-91.08348083,66.06453705,-90.70185852
114.350000,66.34814453,-91.08366394,66.06513214,-90.70182800
114.400000,66.34866333,-91.08384705,66.06572723,-90.70178986
114.450000,66.34918976,-91.08403015,66.06632233,-90.70175934
114.500000,66.34970856,-91.08421326,66.06690979,-90.70172119
114.550000,66.35023499,-91.08439636,66.06750488,-90.70169067
114.600000,66.35075378,-91.08457947,66.06809998,-90.70165253
114.650000,66.35128021,-91.08476257,66.06869507,-90.70162201
114.700000,66.35179901,-91.08493805,66.06929016,-90.70158386
114.750000,66.35231781,-91.08512115,66.06988525,-90.70155334
114.800000,66.35284424,-91.08530426,66.07048035,-90.70151520
114.850000,66.35336304,-91.08548737,66.07106781,-90.70148468
114.900000,66.35388947,-91.08567047,66.07166290,-90.70144653
114.950000,66.35440826,-91.08585358,66.07225800,-90.70141602
115.000000,66.35492706,-91.08603668,66.07285309,-90.70137787
115.050000,66.35545349,-91.08621979,66.07344818,-90.70134735
115.100000,66.35597229,-91.08640289,66.07404327,-90.70130920
115.150000,66.35649872,-91.08658600,66.07463074,-90.70127869
115.200000,66.35701752,-91.08676910,66.07522583,-90.70124054
115.250000,66.35753632,-91.08694458,66.07582092,-90.70121002
115.300000,66.35806274,-91.08712769,66.07641602,-90.70117188
115.350000,66.35858154,-91.08731079,66.07700348,-90.70114136
115.400000,66.35910034,-91.08749390,66.07759857,-90.70110321
115.450000,66.35961914,-91.08767700,66.07819366,-90.70107269
115.500000,66.36014557,-91.08786011,66.07878113,-90.70103455
115.550000,66.36066437,-91.08804321,66.07937622,-90.70100403
115.600000,66.36118317,-91.08822632,66.07997131,-90.70096588
115.650000,66.36170959,-91.08840942,66.08056641,-90.70093536
115.700000,66.36222839,-91.08859253,66.08115387,-90.70089722
115.750000,66.36274719,-91.08876801,66.08174896,-90.70086670
115.800000,66.36326599,-91.08895111,66.08234406,-90.70082855
115.850000,66.36379242,-91.08913422,66.08293152,-90.70079803
115.900000,66.36431122,-91.08931732,66.08352661,-90.70075989
115.950000,66.36483002,-91.08950043,66.08411407,-90.70072937
116.000000,66.36534882,-91.08968353,66.08470917,-90.70069122
116.050000,66.36586761,-91.08986664,66.08530426,-90.70066071
116.100000,66.36639404,-91.09004974,66.08589172,-90.70062256
116.150000,66.36691284,-91.09023285,66.08648682,-90.70059204
116.200000,66.36743164,-91.09041595,66.08707428,-90.70055389
116.250000,66.36795044,-91.09059906,66.08766937,-90.70052338
116.300000,66.36846924,-91.09077454,66.08826447,-90.70048523
116.350000,66.36898804,-91.09095764,66.08885193,-90.70045471
116.400000,66.36951447,-91.09114075,66.08944702,-90.70042419
116.450000,66.37003326,-91.09132385,66.09003448,-90.70038605
116.500000,66.37055206,-91.09150696,66.09062958,-90.70035553
116.550000,66.37107086,-91.09169006,66.09121704,-90.70031738
116.600000,66.37158966,-91.09187317,66.09181213,-90.70028687
116.650000,66.37210846,-91.09205627,66.09239960,-90.70024872
116.700000,66.37262726,-91.09223938,66.09299469,-90.70021820
116.750000,66.37314606,-91.09242249,66.09358215,-90.70018005
116.800000,66.37366486,-91.09260559,66.09417725,-90.70014954
116.850000,66.37418365,-91.09278107,66.09476471,-90.70011139
116.900000,66.37470245,-91.09297180,66.09535217,-90.70008087
116.950000,66.37522125,-91.09314728,66.09594727,-90.70004272
117.000000,66.37574005,-91.09333038,66.09653473,-90.70001221
117.050000,66.37625885,-91.09351349,66.09712982,-90.69997406
117.100000,66.37677765,-91.09369659,66.09771729,-90.69994354
117.150000,66.37729645,-91.09387970,66.09831238,-90.69990540
117.200000,66.37781525,-91.09406281,66.09889984,-90.69987488
117.250000,66.37833405,-91.09424591,66.09948730,-90.69983673
117.300000,66.37885284,-91.09442902,66.10008240,-90.69980621
117.350000,66.37937164,-91.09461212,66.10066986,-90.69976807
117.400000,66.37989044,-91.09479523,66.10125732,-90.69973755
117.450000,66.38040924,-91.09497833,66.10185242,-90.69969940
117.500000,66.38092804,-91.09515381,66.10243988,-90.69966888
117.550000,66.38144684,-91.09533691,66.10302734,-90.69963074
117.600000,66.38196564,-91.09552002,66.10362244,-90.69960022
117.650000,66.38248444,-91.09570312,66.10420990,-90.69956970
117.700000,66.38300323,-91.09588623,66.10479736,-90.69953156
117.750000,66.38352203,-91.09606934,66.10538483,-90.69949341
117.800000,66.38404083,-91.09625244,66.10597992,-90.69946289
117.850000,66.38455963,-91.09643555,66.10656738,-90.69942474
117.900000,66.38507843,-91.09661865,66.10715485,-90.69939423
117.950000,66.38558960,-91.09680176,66.10774231,-90.69936371
118.000000,66.38610840,-91.09698486,66.10833740,-90.69932556
118.050000,66.38662720,-91.09716797,66.10892487,-90.69929504
118.100000,66.38714600,-91.09735107,66.10951233,-90.69925690
118.150000,66.38766479,-91.09752655,66.11009979,-90.69922638
118.200000,66.38818359,-91.09770966,66.11068726,-90.69918823
118.250000,66.38869476,-91.09789276,66.11128235,-90.69915771
118.300000,66.38921356,-91.09807587,66.11186981,-90.69911957
118.350000,66.38973236,-91.09825897,66.11245728,-90.69908905
118.400000,66.39025116,-91.09844208,66.11304474,-90.69905090
118.450000,66.39076996,-91.09862518,66.11363220,-90.69902039
118.500000,66.39128113,-91.09880829,66.11421967,-90.69898224
118.550000,66.39179993,-91.09899139,66.11481476,-90.69895172
118.600000,66.39231873,-91.09917450,66.11540222,-90.69891357
118.650000,66.39283752,-91.09935760,66.11598969,-90.69888306
118.700000,66.39334869,-91.09954071,66.11657715,-90.69884491
118.750000,66.39386749,-91.09972382,66.11716461,-90.69881439
118.800000,66.39438629,-91.09990692,66.11775208,-90.69878387
118.850000,66.39490509,-91.10008240,66.11833954,-90.69874573
118.900000,66.39541626,-91.10026550,66.11892700,-90.69871521
118.950000,66.39593506,-91.10044861,66.11951447,-90.69867706
119.000000,66.39645386,-91.10063171,66.12010193,-90.69864655
119.050000,66.39696503,-91.10081482,66.12068939,-90.69860840
119.100000,66.39748383,-91.10099792,66.12127686,-90.69857788
119.150000,66.39800262,-91.10118103,66.12186432,-90.69853973
119.200000,66.39851379,-91.10136414,66.12245178,-90.69850922
119.250000,66.39903259,-91.10154724,66.12303925,-90.69847107
119.300000,66.39955139,-91.10173035,66.12362671,-90.69844055
119.350000,66.40006256,-91.10191345,66.12421417,-90.69840240
119.400000,66.40058136,-91.10209656,66.12480164,-90.69837189
119.450000,66.40109253,-91.10227966,66.12538910,-90.69834137
119.500000,66.40161133,-91.10246277,66.12597656,-90.69830322
119.550000,66.40213013,-91.10263824,66.12656403,-90.69826508
119.600000,66.40264130,-91.10282135,66.12715149,-90.69823456
119.650000,66.40316010,-91.10300446,66.12773895,-90.69820404
119.700000,66.40367126,-91.10318756,66.12832642,-90.69816589
119.750000,66.40419006,-91.10337067,66.12890625,-90.69813538
119.800000,66.40470886,-91.10355377,66.12949371,-90.69809723
119.850000,66.40522003,-91.10373688,66.13008118,-90.69806671
119.900000,66.40573883,-91.10391998,66.13066864,-90.69802856
119.950000,66.40625000,-91.10410309,66.13125610,-90.69799805
120.000000,66.40676880,-91.10428619,66.13184357,-90.69795990
120.050000,66.40727997,-91.10446930,66.13242340,-90.69792938
120.100000,66.40779877,-91.10465240,66.13301086,-90.69789886
120.150000,66.40830994,-91.10483551,66.13359833,-90.69786072
120.200000,66.40882874,-91.10501862,66.13418579,-90.69783020
120.250000,66.40933990,-91.10520172,66.13477325,-90.69779205
120.300000,66.40985870,-91.10537720,66.13535309,-90.69776154
120.350000,66.41036987,-91.10556030,66.13594055,-90.69772339
120.400000,66.41088867,-91.10574341,66.13652802,-90.69769287
120.450000,66.41139984,-91.10592651,66.13711548,-90.69765472
120.500000,66.41191101,-91.10610962,66.13769531,-90.69762421
120.550000,66.41242981,-91.10629272,66.13828278,-90.69758606
120.600000,66.41294098,-91.10647583,66.13887024,-90.69755554
120.650000,66.41345978,-91.10665894,66.13945770,-90.69751740
120.700000,66.41397095,-91.10684204,66.14003754,-90.69748688
120.750000,66.41448212,-91.10702515,66.14062500,-90.69745636
120.800000,66.41500092,-91.10720825,66.14121246,-90.69741821
120.850000,66.41551208,-91.10739136,66.14179230,-90.69738770
120.900000,66.41603088,-91.10757446,66.14237976,-90.69734955
120.950000,66.41654205,-91.10775757,66.14296722,-90.69731903
121.000000,66.41705322,-91.10794067,66.14354706,-90.69728088
121.050000,66.41757202,-91.10811615,66.14413452,-90.69725037
121.100000,66.41808319,-91.10829926,66.14472198,-90.69721222
121.150000,66.41859436,-91.10848236,66.14530182,-90.69718170
121.200000,66.41911316,-91.10866547,66.14588928,-90.69714355
121.250000,66.41962433,-91.10884857,66.14646912,-90.69711304
121.300000,66.42013550,-91.10903168,66.14705658,-90.69707489
121.350000,66.42065430,-91.10921478,66.14764404,-90.69704437
121.400000,66.42116547,-91.10939789,66.14822388,-90.69701385
121.450000,66.42167664,-91.10958099,66.14881134,-90.69697571
121.500000,66.42218781,-91.10976410,66.14939117,-90.69694519
121.550000,66.42270660,-91.10994720,66.14997864,-90.69690704
121.600000,66.42321777,-91.11013031,66.15055847,-90.69687653
121.650000,66.42372894,-91.11031342,66.15114594,-90.69683838
121.700000,66.42424011,-91.11049652,66.15172577,-90.69680786
121.750000,66.42475891,-91.11067963,66.15231323,-90.69676971
121.800000,66.42527008,-91.11086273,66.15289307,-90.69673920
121.850000,66.42578125,-91.11104584,66.15348053,-90.69670868
121.900000,66.42629242,-91.11122131,66.15406036,-90.69667053
121.950000,66.42680359,-91.11140442,66.15464783,-90.69664001
122.000000,66.42732239,-91.11158752,66.15522766,-90.69660187
122.050000,66.42783356,-91.11177063,66.15581512,-90.69657135
122.100000,66.42834473,-91.11195374,66.15639496,-90.69653320
122.150000,66.42885590,-91.11213684,66.15698242,-90.69650269
122.200000,66.42936707,-91.11231995,66.15756226,-90.69646454
122.250000,66.42987823,-91.11250305,66.15814209,-90.69643402
122.300000,66.43039703,-91.11268616,66.15872955,-90.69640350
122.350000,66.43090820,-91.11286926,66.15930939,-90.69636536
122.400000,66.43141937,-91.11305237,66.15989685,-90.69633484
122.450000,66.43193054,-91.11323547,66.16047668,-90.69629669
122.500000,66.43244171,-91.11341858,66.16105652,-90.69626617
122.550000,66.43295288,-91.11360168,66.16164398,-90.69622803
122.600000,66.43346405,-91.11378479,66.16222382,-90.69619751
122.650000,66.43397522,-91.11396790,66.16280365,-90.69615936
122.700000,66.43448639,-91.11415100,66.16339111,-90.69612885
122.750000,66.43499756,-91.11433411,66.16397095,-90.69609070
122.800000,66.43550873,-91.11451721,66.16455078,-90.69606018
122.850000,66.43601990,-91.11469269,66.16513824,-90.69602966
122.900000,66.43653107,-91.11487579,66.16571808,-90.69599152
122.950000,66.43704224,-91.11505890,66.16629791,-90.69596100
123.000000,66.43755341,-91.11524200,66.16687775,-90.69592285
123.050000,66.43807220,-91.11542511,66.16746521,-90.69589233
123.100000,66.43857574,-91.11560822,66.16804504,-90.69585419
123.150000,66.43908691,-91.11579132,66.16862488,-90.69582367
123.200000,66.43959808,-91.11597443,66.16920471,-90.69578552
123.250000,66.44010925,-91.11615753,66.16979218,-90.69575500
123.300000,66.44062042,-91.11634064,66.17037201,-90.69571686
123.350000,66.44113159,-91.11652374,66.17095184,-90.69568634
123.400000,66.44164276,-91.11670685,66.17153168,-90.69565582
123.450000,66.44215393,-91.11688995,66.17211151,-90.69561768
123.500000,66.44266510,-91.11707306,66.17269897,-90.69558716
123.550000,66.44317627,-91.11725616,66.17327881,-90.69554901
123.600000,66.44368744,-91.11743927,66.17385864,-90.69551849
123.650000,66.44419861,-91.11762238,66.17443848,-90.69548035
123.700000,66.44470978,-91.11780548,66.17501831,-90.69544983
123.750000,66.44522095,-91.11798859,66.17559814,-90.69541931
123.800000,66.44573212,-91.11816406,66.17617798,-90.69538116
123.850000,66.44623566,-91.11835480,66.17675781,-90.69535065
123.900000,66.44674683,-91.11853027,66.17734528,-90.69531250
123.950000,66.44725800,-91.11871338,66.17792511,-90.69528198
124.000000,66.44776917,-91.11889648,66.17850494,-90.69524384
124.050000,66.44828033,-91.11907959,66.17908478,-90.69521332
124.100000,66.44879150,-91.11926270,66.17966461,-90.69517517
124.150000,66.44929504,-91.11944580,66.18024445,-90.69514465
124.200000,66.44980621,-91.11962891,66.18082428,-90.69511414
124.250000,66.45031738,-91.11981201,66.18140411,-90.69507599
124.300000,66.45082855,-91.11999512,66.18198395,-90.69504547
124.350000,66.45133972,-91.12017822,66.18256378,-90.69500732
124.400000,66.45184326,-91.12036133,66.18314362,-90.69497681
124.450000,66.45235443,-91.12054443,66.18372345,-90.69493866
124.500000,66.45286560,-91.12072754,66.18430328,-90.69490814
124.550000,66.45337677,-91.12091064,66.18488312,-90.69487762
124.600000,66.45388794,-91.12109375,66.18546295,-90.69483948
124.650000,66.45439148,-91.12127686,66.18604279,-90.69480896
124.700000,66.45490265,-91.12145996,66.18662262,-90.69477081
124.750000,66.45541382,-91.12164307,66.18720245,-90.69474030
124.800000,66.45591736,-91.12182617,66.18778229,-90.69470215
124.850000,66.45642853,-91.12200928,66.18835449,-90.69467163
124.900000,66.45693970,-91.12219238,66.18893433,-90.69463348
124.950000,66.45745087,-91.12237549,66.18951416,-90.69460297
125.000000,66.45795441,-91.12255859,66.19009399,-90.69457245
125.050000,66.45846558,-91.12274170,66.19067383,-90.69453430
125.100000,66.45897675,-91.12292480,66.19125366,-90.69450378
125.150000,66.45948029,-91.12310791,66.19183350,-90.69446564
125.200000,66.45999146,-91.12328339,66.19241333,-90.69443512
125.250000,66.46049500,-91.12346649,66.19298553,-90.69439697
125.300000,66.46100616,-91.12364960,66.19356537,-90.69436646
125.350000,66.46151733,-91.12383270,66.19414520,-90.69433594
125.400000,66.46202087,-91.12401581,66.19472504,-90.69429779
125.450000,66.46253204,-91.12419891,66.19530487,-90.69426727
125.500000,66.46304321,-91.12438202,66.19587708,-90.69422913
125.550000,66.46354675,-91.12456512,66.19645691,-90.69419861
125.600000,66.46405792,-91.12474823,66.19703674,-90.69416046
125.650000,66.46456146,-91.12493134,66.19761658,-90.69412994
125.700000,66.46507263,-91.12511444,66.19819641,-90.69409180
125.750000,66.46557617,-91.12529755,66.19876862,-90.69406128
125.800000,66.46608734,-91.12548065,66.19934845,-90.69403076
125.850000,66.46659088,-91.12566376,66.19992828,-90.69399261
125.900000,66.46710205,-91.12584686,66.20050049,-90.69396210
125.950000,66.46761322,-91.12602997,66.20108032,-90.69392395
126.000000,66.46811676,-91.12621307,66.20166016,-90.69389343
126.050000,66.46862793,-91.12639618,66.20223999,-90.69385529
126.100000,66.46913147,-91.12657928,66.20281219,-90.69382477
126.150000,66.46964264,-91.12676239,66.20339203,-90.69379425
126.200000,66.47014618,-91.12694550,66.20397186,-90.69375610
126.250000,66.47065735,-91.12712860,66.20454407,-90.69372559
126.300000,66.47116089,-91.12731171,66.20512390,-90.69368744
126.350000,66.47166443,-91.12749481,66.20569611,-90.69365692
126.400000,66.47217560,-91.12767792,66.20627594,-90.69361877
126.450000,66.47267914,-91.12786102,66.20685577,-90.69358826
126.500000,66.47319031,-91.12804413,66.20742798,-90.69355774
126.550000,66.47369385,-91.12822723,66.20800781,-90.69351959
126.600000,66.47420502,-91.12840271,66.20858002,-90.69348907
126.650000,66.47470856,-91.12859344,66.20915985,-90.69345093
126.700000,66.47521210,-91.12876892,66.20973969,-90.69342041
126.750000,66.47572327,-91.12895203,66.21031189,-90.69338226
126.800000,66.47622681,-91.12913513,66.21089172,-90.69335175
126.850000,66.47673798,-91.12931824,66.21146393,-90.69332123
126.900000,66.47724152,-91.12950134,66.21204376,-90.69328308
126.950000,66.47774506,-91.12968445,66.21261597,-90.69325256
127.000000,66.47825623,-91.12986755,66.21319580,-90.69321442
127.050000,66.47875977,-91.13005066,66.21376801,-90.69318390
127.100000,66.47926331,-91.13023376,66.21434784,-90.69314575
127.150000,66.47977448,-91.13041687,66.21492004,-90.69311523
127.200000,66.48027802,-91.13059998,66.21549988,-90.69308472
127.250000,66.48078156,-91.13078308,66.21607208,-90.69304657
127.300000,66.48128510,-91.13096619,66.21665192,-90.69301605
127.350000,66.48179626,-91.13114929,66.21722412,-90.69297791
127.400000,66.48229980,-91.13133240,66.21780396,-90.69294739
127.450000,66.48280334,-91.13151550,66.21837616,-90.69290924
127.500000,66.48331451,-91.13169861,66.21894836,-90.69287872
127.550000,66.48381805,-91.13188171,66.21952820,-90.69284821
127.600000,66.48432159,-91.13206482,66.22010040,-90.69281006
127.650000,66.48482513,-91.13224792,66.22068024,-90.69277954
127.700000,66.48533630,-91.13243103,66.22125244,-90.69274139
127.750000,66.48583984,-91.13261414,66.22182465,-90.69271088
127.800000,66.48634338,-91.13279724,66.22240448,-90.69267273
127.850000,66.48684692,-91.13298035,66.22297668,-90.69264221
127.900000,66.48735809,-91.13316345,66.22354889,-90.69261169
127.950000,66.48786163,-91.13334656,66.22412872,-90.69257355
128.000000,66.48836517,-91.13352966,66.22470093,-90.69254303
128.050000,66.48886871,-91.13371277,66.22527313,-90.69250488
128.100000,66.48937225,-91.13389587,66.22585297,-90.69247437
128.150000,66.48987579,-91.13407898,66.22642517,-90.69244385
128.200000,66.49037933,-91.13426208,66.22699738,-90.69240570
128.250000,66.49089050,-91.13444519,66.22757721,-90.69237518
128.300000,66.49139404,-91.13462830,66.22814941,-90.69233704
128.350000,66.49189758,-91.13481140,66.22872162,-90.69230652
128.400000,66.49240112,-91.13499451,66.22929382,-90.69226837
128.450000,66.49290466,-91.13517761,66.22987366,-90.69223785
128.500000,66.49340820,-91.13536072,66.23044586,-90.69220734
128.550000,66.49391174,-91.13554382,66.23101807,-90.69216919
128.600000,66.49441528,-91.13572693,66.23159027,-90.69213867
128.650000,66.49491882,-91.13591003,66.23216248,-90.69210052
128.700000,66.49542236,-91.13608551,66.23274231,-90.69207001
128.750000,66.49593353,-91.13626862,66.23331451,-90.69203949
128.800000,66.49643707,-91.13645172,66.23388672,-90.69200134
128.850000,66.49694061,-91.13663483,66.23445892,-90.69197083
128.900000,66.49744415,-91.13681793,66.23503113,-90.69193268
128.950000,66.49794769,-91.13700104,66.23560333,-90.69190216
129.000000,66.49845123,-91.13718414,66.23618317,-90.69187164
129.050000,66.49895477,-91.13736725,66.23675537,-90.69183350
129.100000,66.49945831,-91.13755035,66.23732758,-90.69180298
129.150000,66.49996185,-91.13773346,66.23789978,-90.69176483
129.200000,66.50046539,-91.13791656,66.23847198,-90.69173431
129.250000,66.50096893,-91.13809967,66.23904419,-90.69169617
129.300000,66.50147247,-91.13828278,66.23961639,-90.69166565
129.350000,66.50197601,-91.13846588,66.24018860,-90.69163513
129.400000,66.50247955,-91.13864899,66.24076080,-90.69159698
129.450000,66.50297546,-91.13883209,66.24133301,-90.69156647
129.500000,66.50347900,-91.13901520,66.24190521,-90.69152832
129.550000,66.50398254,-91.13919830,66.24248505,-90.69149780
129.600000,66.50448608,-91.13938141,66.24305725,-90.69146729
129.650000,66.50498962,-91.13956451,66.24362946,-90.69142914
129.700000,66.50549316,-91.13974762,66.24420166,-90.69139862
129.750000,66.50599670,-91.13993073,66.24477386,-90.69136047
129.800000,66.50650024,-91.14011383,66.24534607,-90.69132996
129.850000,66.50700378,-91.14029694,66.24591827,-90.69129181
129.900000,66.50750732,-91.14048004,66.24649048,-90.69126129
129.950000,66.50801086,-91.14066315,66.24706268,-90.69123077
130.000000,66.50850677,-91.14084625,66.24762726,-90.69119263
130.050000,66.50901031,-91.14102936,66.24819946,-90.69116211
130.100000,66.50951385,-91.14121246,66.24877167,-90.69112396
130.150000,66.51001740,-91.14139557,66.24934387,-90.69109344
130.200000,66.51052094,-91.14157867,66.24991608,-90.69106293
130.250000,66.51101685,-91.14176178,66.25048828,-90.69102478
130.300000,66.51152039,-91.14194489,66.25106049,-90.69099426
130.350000,66.51202393,-91.14212799,66.25163269,-90.69095612
130.400000,66.51252747,-91.14231110,66.25220490,-90.69092560
130.450000,66.51303101,-91.14249420,66.25277710,-90.69089508
130.500000,66.51352692,-91.14267731,66.25334167,-90.69085693
130.550000,66.51403046,-91.14286041,66.25391388,-90.69082642
130.600000,66.51453400,-91.14304352,66.25448608,-90.69078827
130.650000,66.51503754,-91.14322662,66.25505829,-90.69075775
130.700000,66.51553345,-91.14340973,66.25563049,-90.69071960
130.750000,66.51603699,-91.14359283,66.25620270,-90.69068909
130.800000,66.51654053,-91.14377594,66.25676727,-90.69065857
130.850000,66.51704407,-91.14395905,66.25733948,-90.69062042
130.900000,66.51753998,-91.14414215,66.25791168,-90.69058990
130.950000,66.51804352,-91.14432526,66.25848389,-90.69055176
131.000000,66.51854706,-91.14450836,66.25904846,-90.69052124
131.050000,66.51904297,-91.14469147,66.25962067,-90.69049072
131.100000,66.51954651,-91.14487457,66.26019287,-90.69045258
131.150000,66.52005005,-91.14505768,66.26076508,-90.69042206
131.200000,66.52054596,-91.14524078,66.26132965,-90.69038391
131.250000,66.52104950,-91.14542389,66.26190186,-90.69035339
131.300000,66.52155304,-91.14560699,66.26247406,-90.69032288
131.350000,66.52204895,-91.14579010,66.26304626,-90.69028473
131.400000,66.52255249,-91.14597321,66.26361084,-90.69025421
131.450000,66.52304840,-91.14615631,66.26418304,-90.69021606
131.500000,66.52355194,-91.14633942,66.26475525,-90.69018555
131.550000,66.52405548,-91.14652252,66.26531982,-90.69015503
131.600000,66.52455139,-91.14670563,66.26589203,-90.69011688
131.650000,66.52505493,-91.14688873,66.26646423,-90.69008636
131.700000,66.52555084,-91.14707184,66.26702881,-90.69004822
131.750000,66.52605438,-91.14725494,66.26760101,-90.69001770
131.800000,66.52655792,-91.14743805,66.26817322,-90.68998718
131.850000,66.52705383,-91.14762115,66.26873779,-90.68994904
131.900000,66.52755737,-91.14780426,66.26931000,-90.68991852
131.950000,66.52805328,-91.14798737,66.26987457,-90.68988037
132.000000,66.52855682,-91.14817047,66.27044678,-90.68984985
132.050000,66.52905273,-91.14835358,66.27101135,-90.68981171
132.100000,66.52955627,-91.14853668,66.27158356,-90.68978119
132.150000,66.53005219,-91.14871979,66.27215576,-90.68975067
132.200000,66.53055573,-91.14890289,66.27272034,-90.68971252
132.250000,66.53105164,-91.14908600,66.27329254,-90.68968201
132.300000,66.53155518,-91.14926910,66.27385712,-90.68964386
132.350000,66.53205109,-91.14945221,66.27442932,-90.68961334
132.400000,66.53255463,-91.14963531,66.27499390,-90.68958282
132.450000,66.53305054,-91.14981842,66.27556610,-90.68954468
132.500000,66.53355408,-91.15000153,66.27613068,-90.68951416
132.550000,66.53404999,-91.15018463,66.27670288,-90.68947601
132.600000,66.53454590,-91.15036774,66.27726746,-90.68944550
132.650000,66.53504944,-91.15055084,66.27783966,-90.68941498
132.700000,66.53554535,-91.15073395,66.27840424,-90.68937683
132.750000,66.53604889,-91.15091705,66.27897644,-90.68934631
132.800000,66.53654480,-91.15110016,66.27954102,-90.68930817
132.850000,66.53704071,-91.15128326,66.28010559,-90.68927765
132.900000,66.53754425,-91.15146637,66.28067780,-90.68924713
132.950000,66.53804016,-91.15164948,66.28124237,-90.68920898
133.000000,66.53853607,-91.15183258,66.28181458,-90.68917847
133.050000,66.53903961,-91.15201569,66.28237915,-90.68914032
133.100000,66.53953552,-91.15219879,66.28294373,-90.68910980
133.150000,66.54003906,-91.15238190,66.28351593,-90.68907928
133.200000,66.54053497,-91.15256500,66.28408051,-90.68904114
133.250000,66.54103088,-91.15274811,66.28465271,-90.68901062
133.300000,66.54153442,-91.15293121,66.28521729,-90.68897247
133.350000,66.54203033,-91.15311432,66.28578186,-90.68894196
133.400000,66.54252625,-91.15329742,66.28634644,-90.68890381
133.450000,66.54302216,-91.15348053,66.28691864,-90.68887329
133.500000,66.54352570,-91.15366364,66.28748322,-90.68884277
133.550000,66.54402161,-91.15384674,66.28804779,-90.68880463
133.600000,66.54451752,-91.15402985,66.28862000,-90.68877411
133.650000,66.54501343,-91.15421295,66.28918457,-90.68873596
133.700000,66.54551697,-91.15439606,66.28974915,-90.68870544
133.750000,66.54601288,-91.15457916,66.29032135,-90.68867493
133.800000,66.54650879,-91.15476227,66.29088593,-90.68863678
133.850000,66.54700470,-91.15494537,66.29145050,-90.68860626
133.900000,66.54750824,-91.15512848,66.29201508,-90.68857574
133.950000,66.54800415,-91.15531158,66.29257965,-90.68853760
134.000000,66.54850006,-91.15549469,66.29315186,-90.68850708
134.050000,66.54899597,-91.15567780,66.29371643,-90.68846893
134.100000,66.54949951,-91.15586090,66.29428101,-90.68843842
134.150000,66.54999542,-91.15604401,66.29484558,-90.68840790
134.200000,66.55049133,-91.15622711,66.29541016,-90.68836975
134.250000,66.55098724,-91.15641022,66.29598236,-90.68833923
134.300000,66.55148315,-91.15659332,66.29654694,-90.68830109
134.350000,66.55197906,-91.15677643,66.29711151,-90.68827057
134.400000,66.55247498,-91.15695953,66.29767609,-90.68823242
134.450000,66.55297852,-91.15714264,66.29824066,-90.68820190
134.500000,66.55347443,-91.15732574,66.29880524,-90.68817139
134.550000,66.55397034,-91.15750885,66.29936981,-90.68813324
134.600000,66.55446625,-91.15769196,66.29994202,-90.68810272
134.650000,66.55496216,-91.15787506,66.30050659,-90.68807220
134.700000,66.55545807,-91.15805817,66.30107117,-90.68803406
134.750000,66.55595398,-91.15824127,66.30163574,-90.68800354
134.800000,66.55644989,-91.15842438,66.30220032,-90.68796539
134.850000,66.55694580,-91.15860748,66.30276489,-90.68793488
134.900000,66.55744171,-91.15879059,66.30332947,-90.68790436
134.950000,66.55793762,-91.15897369,66.30389404,-90.68786621
135.000000,66.55843353,-91.15915680,66.30445862,-90.68783569
135.050000,66.55892944,-91.15933990,66.30502319,-90.68779755
135.100000,66.55942535,-91.15952301,66.30558777,-90.68776703
135.150000,66.55992126,-91.15970612,66.30615234,-90.68773651
135.200000,66.56041718,-91.15988922,66.30671692,-90.68769836
135.250000,66.56091309,-91.16007233,66.30728149,-90.68766785
135.300000,66.56140900,-91.16025543,66.30784607,-90.68762970
135.350000,66.56190491,-91.16043854,66.30841064,-90.68759918
135.400000,66.56240082,-91.16062164,66.30897522,-90.68756866
135.450000,66.56289673,-91.16080475,66.30953979,-90.68753052
135.500000,66.56339264,-91.16098785,66.31010437,-90.68750000
135.550000,66.56388855,-91.16117096,66.31066895,-90.68746185
135.600000,66.56438446,-91.16135406,66.31123352,-90.68743134
135.650000,66.56488037,-91.16153717,66.31179810,-90.68740082
135.700000,66.56537628,-91.16172028,66.31236267,-90.68736267
135.750000,66.56587219,-91.16190338,66.31291962,-90.68733215
135.800000,66.56636810,-91.16208649,66.31348419,-90.68730164
135.850000,66.56686401,-91.16226959,66.31404877,-90.68726349
135.900000,66.56735992,-91.16245270,66.31461334,-90.68723297
135.950000,66.56785583,-91.16263580,66.31517792,-90.68719482
136.000000,66.56834412,-91.16281891,66.31574249,-90.68716431
136.050000,66.56884003,-91.16300201,66.31630707,-90.68712616
136.100000,66.56933594,-91.16318512,66.31686401,-90.68709564
136.150000,66.56983185,-91.16336823,66.31742859,-90.68706512
136.200000,66.57032776,-91.16355133,66.31799316,-90.68702698
136.250000,66.57082367,-91.16373444,66.31855774,-90.68699646
136.300000,66.57131958,-91.16391754,66.31912231,-90.68696594
136.350000,66.57180786,-91.16410065,66.31967926,-90.68692780
136.400000,66.57230377,-91.16429138,66.32024384,-90.68689728
136.450000,66.57279968,-91.16446686,66.32080841,-90.68685913
136.500000,66.57329559,-91.16464996,66.32137299,-90.68682861
136.550000,66.57379150,-91.16484070,66.32192993,-90.68679810
136.600000,66.57427979,-91.16502380,66.32249451,-90.68675995
136.650000,66.57477570,-91.16520691,66.32305908,-90.68672943
136.700000,66.57527161,-91.16538239,66.32362366,-90.68669128
136.750000,66.57576752,-91.16556549,66.32418060,-90.68666077
136.800000,66.57625580,-91.16575623,66.32474518,-90.68663025
136.850000,66.57675171,-91.16593933,66.32530975,-90.68659210
136.900000,66.57724762,-91.16612244,66.32586670,-90.68656158
136.950000,66.57774353,-91.16630554,66.32643127,-90.68653107
137.000000,66.57823181,-91.16648865,66.32699585,-90.68649292
137.050000,66.57872772,-91.16667175,66.32755280,-90.68646240
137.100000,66.57922363,-91.16685486,66.32811737,-90.68642426
137.150000,66.57971191,-91.16703796,66.32868195,-90.68639374
137.200000,66.58020782,-91.16722107,66.32923889,-90.68636322
137.250000,66.58070374,-91.16740417,66.32980347,-90.68632507
137.300000,66.58119202,-91.16758728,66.33036804,-90.68629456
137.350000,66.58168793,-91.16777039,66.33092499,-90.68625641
137.400000,66.58218384,-91.16795349,66.33148956,-90.68622589
137.450000,66.58267212,-91.16813660,66.33204651,-90.68619537
137.500000,66.58316803,-91.16831970,66.33261108,-90.68615723
137.550000,66.58366394,-91.16850281,66.33317566,-90.68612671
137.600000,66.58415222,-91.16868591,66.33373260,-90.68608856
137.650000,66.58464813,-91.16886902,66.33429718,-90.68605804
137.700000,66.58514404,-91.16905212,66.33485413,-90.68602753
137.750000,66.58563232,-91.16923523,66.33541870,-90.68598938
137.800000,66.58612823,-91.16941833,66.33597565,-90.68595886
137.850000,66.58661652,-91.16960144,66.33654022,-90.68592834
137.900000,66.58711243,-91.16978455,66.33709717,-90.68589020
137.950000,66.58760071,-91.16996765,66.33766174,-90.68585968
138.000000,66.58809662,-91.17015076,66.33821869,-90.68582153
138.050000,66.58858490,-91.17033386,66.33878326,-90.68579102
138.100000,66.58908081,-91.17051697,66.33934021,-90.68576050
138.150000,66.58957672,-91.17070007,66.33990479,-90.68572235
138.200000,66.59006500,-91.17088318,66.34046173,-90.68569183
138.250000,66.59056091,-91.17106628,66.34102631,-90.68565369
138.300000,66.59104919,-91.17124939,66.34158325,-90.68562317
138.350000,66.59154510,-91.17143250,66.34214020,-90.68559265
138.400000,66.59203339,-91.17161560,66.34270477,-90.68555450
138.450000,66.59252930,-91.17179871,66.34326172,-90.68552399
138.500000,66.59301758,-91.17198181,66.34382629,-90.68549347
138.550000,66.59350586,-91.17216492,66.34438324,-90.68545532
138.600000,66.59400177,-91.17234802,66.34494019,-90.68542480
138.650000,66.59449005,-91.17253113,66.34550476,-90.68538666
138.700000,66.59498596,-91.17271423,66.34606171,-90.68535614
138.750000,66.59547424,-91.17290497,66.34662628,-90.68532562
138.800000,66.59597015,-91.17308807,66.34718323,-90.68528748
138.850000,66.59645844,-91.17327118,66.34774017,-90.68525696
138.900000,66.59695435,-91.17345428,66.34830475,-90.68521881
138.950000,66.59744263,-91.17363739,66.34886169,-90.68518829
139.000000,66.59793091,-91.17382050,66.34941864,-90.68515778
139.050000,66.59842682,-91.17400360,66.34997559,-90.68511963
139.100000,66.59891510,-91.17418671,66.35054016,-90.68508911
139.150000,66.59940338,-91.17436981,66.35109711,-90.68505859
139.200000,66.59989929,-91.17455292,66.35165405,-90.68502045
139.250000,66.60038757,-91.17473602,66.35221863,-90.68498993
139.300000,66.60087585,-91.17491913,66.35277557,-90.68495178
139.350000,66.60137177,-91.17510223,66.35333252,-90.68492126
139.400000,66.60186005,-91.17528534,66.35388947,-90.68489075
139.450000,66.60234833,-91.17546844,66.35444641,-90.68485260
139.500000,66.60284424,-91.17565155,66.35501099,-90.68482208
139.550000,66.60333252,-91.17583466,66.35556793,-90.68479156
139.600000,66.60382080,-91.17601776,66.35612488,-90.68475342
139.650000,66.60431671,-91.17620087,66.35668182,-90.68472290
139.700000,66.60480499,-91.17638397,66.35723877,-90.68468475
139.750000,66.60529327,-91.17656708,66.35780334,-90.68465424
139.800000,66.60578918,-91.17675018,66.35836029,-90.68462372
139.850000,66.60627747,-91.17693329,66.35891724,-90.68458557
139.900000,66.60676575,-91.17711639,66.35947418,-90.68455505
139.950000,66.60725403,-91.17729950,66.36003113,-90.68451691
140.000000,66.60774994,-91.17748260,66.36058807,-90.68448639
140.050000,66.60823822,-91.17766571,66.36115265,-90.68445587
140.100000,66.60872650,-91.17784882,66.36170959,-90.68441772
140.150000,66.60921478,-91.17803192,66.36226654,-90.68438721
140.200000,66.60970306,-91.17822266,66.36282349,-90.68435669
140.250000,66.61019897,-91.17839813,66.36338043,-90.68431854
140.300000,66.61068726,-91.17858124,66.36393738,-90.68428802
140.350000,66.61117554,-91.17877197,66.36449432,-90.68424988
140.400000,66.61166382,-91.17895508,66.36505127,-90.68421936
140.450000,66.61215210,-91.17913818,66.36560822,-90.68418884
140.500000,66.61264038,-91.17932129,66.36616516,-90.68415070
140.550000,66.61313629,-91.17950439,66.36672211,-90.68412018
140.600000,66.61362457,-91.17968750,66.36727905,-90.68408203
140.650000,66.61411285,-91.17987061,66.36783600,-90.68405151
140.700000,66.61460114,-91.18005371,66.36839294,-90.68402100
140.750000,66.61508942,-91.18023682,66.36894989,-90.68398285
140.800000,66.61557770,-91.18041992,66.36950684,-90.68395233
140.850000,66.61606598,-91.18060303,66.37006378,-90.68392181
140.900000,66.61655426,-91.18078613,66.37062073,-90.68388367
140.950000,66.61704254,-91.18096924,66.37117767,-90.68385315
141.000000,66.61753845,-91.18115234,66.37173462,-90.68381500
141.050000,66.61802673,-91.18133545,66.37229156,-90.68378448
141.100000,66.61851501,-91.18151855,66.37284851,-90.68375397
141.150000,66.61900330,-91.18170166,66.37340546,-90.68371582
141.200000,66.61949158,-91.18188477,66.37396240,-90.68368530
141.250000,66.61997986,-91.18206787,66.37451935,-90.68365479
141.300000,66.62046814,-91.18225098,66.37507629,-90.68361664
141.350000,66.62095642,-91.18243408,66.37563324,-90.68358612
141.400000,66.62144470,-91.18261719,66.37618256,-90.68354797
141.450000,66.62193298,-91.18280029,66.37673950,-90.68351746
141.500000,66.62242126,-91.18298340,66.37729645,-90.68348694
141.550000,66.62290955,-91.18316650,66.37785339,-90.68344879
141.600000,66.62339783,-91.18334961,66.37841034,-90.68341827
141.650000,66.62388611,-91.18354034,66.37896729,-90.68338776
141.700000,66.62437439,-91.18372345,66.37951660,-90.68334961
141.750000,66.62486267,-91.18390656,66.38007355,-90.68331909
141.800000,66.62535095,-91.18408966,66.38063049,-90.68328094
141.850000,66.62583923,-91.18427277,66.38118744,-90.68325043
141.900000,66.62632751,-91.18445587,66.38174438,-90.68321991
141.950000,66.62680817,-91.18463898,66.38229370,-90.68318176
142.000000,66.62729645,-91.18482208,66.38285065,-90.68315125
142.050000,66.62778473,-91.18500519,66.38340759,-90.68311310
142.100000,66.62827301,-91.18518829,66.38396454,-90.68308258
142.150000,66.62876129,-91.18537140,66.38451385,-90.68305206
142.200000,66.62924957,-91.18555450,66.38507080,-90.68301392
142.250000,66.62973785,-91.18573761,66.38562775,-90.68298340
142.300000,66.63022614,-91.18592072,66.38618469,-90.68295288
142.350000,66.63071442,-91.18610382,66.38673401,-90.68291473
142.400000,66.63119507,-91.18628693,66.38729095,-90.68288422
142.450000,66.63168335,-91.18647003,66.38784790,-90.68285370
142.500000,66.63217163,-91.18665314,66.38839722,-90.68281555
142.550000,66.63265991,-91.18683624,66.38895416,-90.68278503
142.600000,66.63314819,-91.18701935,66.38951111,-90.68274689
142.650000,66.63363647,-91.18720245,66.39006042,-90.68271637
142.700000,66.63412476,-91.18738556,66.39061737,-90.68268585
142.750000,66.63460541,-91.18756866,66.39117432,-90.68264771
142.800000,66.63509369,-91.18775940,66.39172363,-90.68261719
142.850000,66.63558197,-91.18794250,66.39228058,-90.68257904
142.900000,66.63607025,-91.18811798,66.39283752,-90.68254852
142.950000,66.63655090,-91.18830872,66.39338684,-90.68251801
143.000000,66.63703918,-91.18849182,66.39394379,-90.68247986
143.050000,66.63752747,-91.18867493,66.39449310,-90.68244934
143.100000,66.63801575,-91.18885803,66.39505005,-90.68241882
143.150000,66.63849640,-91.18904114,66.39559937,-90.68238068
143.200000,66.63898468,-91.18922424,66.39615631,-90.68235016
143.250000,66.63947296,-91.18940735,66.39671326,-90.68231201
143.300000,66.63995361,-91.18959045,66.39726257,-90.68228149
143.350000,66.64044189,-91.18977356,66.39781952,-90.68225098
143.400000,66.64093018,-91.18995667,66.39836884,-90.68221283
143.450000,66.64141846,-91.19013977,66.39892578,-90.68218231
143.500000,66.64189911,-91.19032288,66.39947510,-90.68215179
143.550000,66.64238739,-91.19050598,66.40003204,-90.68211365
143.600000,66.64287567,-91.19068909,66.40058136,-90.68208313
143.650000,66.64335632,-91.19087219,66.40113831,-90.68204498
143.700000,66.64384460,-91.19105530,66.40168762,-90.68201447
143.750000,66.64433289,-91.19123840,66.40224457,-90.68198395
143.800000,66.64481354,-91.19142151,66.40279388,-90.68194580
143.850000,66.64530182,-91.19160461,66.40334320,-90.68191528
143.900000,66.64579010,-91.19178772,66.40390015,-90.68188477
143.950000,66.64627075,-91.19197845,66.40444946,-90.68184662
144.000000,66.64675903,-91.19216156,66.40500641,-90.68181610
144.050000,66.64723969,-91.19234467,66.40555573,-90.68177795
144.100000,66.64772797,-91.19252777,66.40611267,-90.68174744
144.150000,66.64820862,-91.19271088,66.40666199,-90.68171692
144.200000,66.64869690,-91.19289398,66.40721130,-90.68167877
144.250000,66.64918518,-91.19307709,66.40776825,-90.68164825
144.300000,66.64966583,-91.19326019,66.40831757,-90.68161774
144.350000,66.65015411,-91.19344330,66.40886688,-90.68157959
144.400000,66.65063477,-91.19362640,66.40942383,-90.68154907
144.450000,66.65112305,-91.19380951,66.40997314,-90.68151855
144.500000,66.65160370,-91.19399261,66.41052246,-90.68148041
144.550000,66.65209198,-91.19417572,66.41107941,-90.68144989
144.600000,66.65257263,-91.19435883,66.41162872,-90.68141174
144.650000,66.65306091,-91.19454193,66.41217804,-90.68138123
144.700000,66.65354156,-91.19472504,66.41273499,-90.68135071
144.750000,66.65402985,-91.19490814,66.41328430,-90.68131256
144.800000,66.65451050,-91.19509125,66.41383362,-90.68128204
144.850000,66.65499878,-91.19527435,66.41438293,-90.68125153
144.900000,66.65547943,-91.19545746,66.41493988,-90.68121338
144.950000,66.65596771,-91.19564056,66.41548920,-90.68118286
145.000000,66.65644836,-91.19583130,66.41603851,-90.68114471
145.050000,66.65692902,-91.19601440,66.41658783,-90.68111420
145.100000,66.65741730,-91.19619751,66.41714478,-90.68108368
145.150000,66.65789795,-91.19638062,66.41769409,-90.68104553
145.200000,66.65838623,-91.19656372,66.41824341,-90.68101501
145.250000,66.65886688,-91.19674683,66.41879272,-90.68098450
145.300000,66.65935516,-91.19692993,66.41934204,-90.68094635
145.350000,66.65983582,-91.19711304,66.41989899,-90.68091583
145.400000,66.66031647,-91.19729614,66.42044830,-90.68087769
145.450000,66.66080475,-91.19747925,66.42099762,-90.68084717
145.500000,66.66128540,-91.19766235,66.42154694,-90.68081665
145.550000,66.66176605,-91.19784546,66.42209625,-90.68077850
145.600000,66.66225433,-91.19802856,66.42264557,-90.68074799
145.650000,66.66273499,-91.19821167,66.42320251,-90.68071747
145.700000,66.66321564,-91.19839478,66.42375183,-90.68067932
145.750000,66.66370392,-91.19857788,66.42430115,-90.68064880
145.800000,66.66418457,-91.19876099,66.42485046,-90.68061066
145.850000,66.66466522,-91.19894409,66.42539978,-90.68058014
145.900000,66.66515350,-91.19912720,66.42594910,-90.68054962
145.950000,66.66563416,-91.19931793,66.42649841,-90.68051147
146.000000,66.66611481,-91.19950104,66.42704773,-90.68048096
146.050000,66.66660309,-91.19968414,66.42759705,-90.68045044
146.100000,66.66708374,-91.19986725,66.42814636,-90.68041229
146.150000,66.66756439,-91.20005035,66.42869568,-90.68038177
146.200000,66.66804504,-91.20023346,66.42924500,-90.68035126
146.250000,66.66853333,-91.20041656,66.42979431,-90.68031311
146.300000,66.66901398,-91.20059967,66.43034363,-90.68028259
146.350000,66.66949463,-91.20078278,66.43089294,-90.68025208
146.400000,66.66997528,-91.20096588,66.43144226,-90.68021393
146.450000,66.67046356,-91.20114899,66.43199158,-90.68018341
146.500000,66.67094421,-91.20133209,66.43254089,-90.68014526
146.550000,66.67142487,-91.20151520,66.43309021,-90.68011475
146.600000,66.67190552,-91.20169830,66.43363953,-90.68008423
146.650000,66.67238617,-91.20188141,66.43418884,-90.68004608
146.700000,66.67287445,-91.20206451,66.43473816,-90.68001556
146.750000,66.67335510,-91.20224762,66.43528748,-90.67998505
146.800000,66.67383575,-91.20243073,66.43583679,-90.67994690
146.850000,66.67431641,-91.20262146,66.43638611,-90.67991638
146.900000,66.67479706,-91.20280457,66.43693542,-90.67987823
146.950000,66.67527771,-91.20298767,66.43748474,-90.67984772
147.000000,66.67575836,-91.20317078,66.43803406,-90.67981720
147.050000,66.67624664,-91.20335388,66.43857574,-90.67977905
147.100000,66.67672729,-91.20353699,66.43912506,-90.67974854
147.150000,66.67720795,-91.20372009,66.43967438,-90.67971802
147.200000,66.67768860,-91.20390320,66.44022369,-90.67967987
147.250000,66.67816925,-91.20408630,66.44077301,-90.67964935
147.300000,66.67864990,-91.20426941,66.44132233,-90.67961121
147.350000,66.67913055,-91.20445251,66.44186401,-90.67958069
147.400000,66.67961121,-91.20463562,66.44241333,-90.67955017
147.450000,66.68009186,-91.20481873,66.44296265,-90.67951202
147.500000,66.68057251,-91.20500183,66.44351196,-90.67948151
147.550000,66.68105316,-91.20518494,66.44406128,-90.67945099
147.600000,66.68153381,-91.20536804,66.44460297,-90.67941284
147.650000,66.68201447,-91.20555115,66.44515228,-90.67938232
147.700000,66.68250275,-91.20574188,66.44570160,-90.67935181
147.750000,66.68297577,-91.20592499,66.44625092,-90.67931366
147.800000,66.68345642,-91.20610809,66.44679260,-90.67928314
147.850000,66.68393707,-91.20629120,66.44734192,-90.67924500
147.900000,66.68441772,-91.20647430,66.44789124,-90.67921448
147.950000,66.68489838,-91.20665741,66.44844055,-90.67918396
148.000000,66.68537903,-91.20684052,66.44898224,-90.67914581
148.050000,66.68585968,-91.20702362,66.44953156,-90.67911530
148.100000,66.68634033,-91.20720673,66.45008087,-90.67908478
148.150000,66.68682098,-91.20738983,66.45062256,-90.67904663
148.200000,66.68730164,-91.20757294,66.45117187,-90.67901611
148.250000,66.68778229,-91.20775604,66.45172119,-90.67897797
148.300000,66.68826294,-91.20793915,66.45226288,-90.67894745
148.350000,66.68874359,-91.20812225,66.45281219,-90.67891693
148.400000,66.68922424,-91.20830536,66.45336151,-90.67887878
148.450000,66.68970490,-91.20848846,66.45390320,-90.67884827
148.500000,66.69018555,-91.20867920,66.45445251,-90.67881775
148.550000,66.69066620,-91.20886230,66.45500183,-90.67877960
148.600000,66.69114685,-91.20904541,66.45554352,-90.67874908
148.650000,66.69161987,-91.20922852,66.45609283,-90.67871857
148.700000,66.69210052,-91.20941162,66.45663452,-90.67868042
148.750000,66.69258118,-91.20959473,66.45718384,-90.67864990
148.800000,66.69306183,-91.20977783,66.45773315,-90.67861176
148.850000,66.69354248,-91.20996094,66.45827484,-90.67858124
148.900000,66.69402313,-91.21014404,66.45882416,-90.67855072
148.950000,66.69449615,-91.21032715,66.45936584,-90.67851257
149.000000,66.69497681,-91.21051025,66.45991516,-90.67848206
149.050000,66.69545746,-91.21069336,66.46045685,-90.67845154
149.100000,66.69593811,-91.21087646,66.46100616,-90.67841339
149.150000,66.69641876,-91.21105957,66.46154785,-90.67838287
149.200000,66.69689178,-91.21124268,66.46209717,-90.67835236
149.250000,66.69737244,-91.21142578,66.46263885,-90.67831421
149.300000,66.69785309,-91.21161652,66.46318817,-90.67828369
149.350000,66.69833374,-91.21179962,66.46372986,-90.67824554
149.400000,66.69881439,-91.21198273,66.46427917,-90.67821503
149.450000,66.69928741,-91.21216583,66.46482086,-90.67818451
149.500000,66.69976807,-91.21234894,66.46537018,-90.67814636
149.550000,66.70024872,-91.21253204,66.46591187,-90.67811584
149.600000,66.70072174,-91.21271515,66.46646118,-90.67808533
149.650000,66.70120239,-91.21289825,66.46700287,-90.67804718
149.700000,66.70168304,-91.21308136,66.46754456,-90.67801666
149.750000,66.70216370,-91.21326447,66.46809387,-90.67798615
149.800000,66.70263672,-91.21344757,66.46863556,-90.67794800
149.850000,66.70311737,-91.21363068,66.46917725,-90.67791748
149.900000,66.70359802,-91.21381378,66.46972656,-90.67787933
149.950000,66.70407867,-91.21399689,66.47026825,-90.67784882
150.000000,66.70455170,-91.21417999,66.47081757,-90.67781830
150.050000,66.70503235,-91.21437073,66.47135925,-90.67778015
150.100000,66.70550537,-91.21455383,66.47190094,-90.67774963
150.150000,66.70598602,-91.21473694,66.47245026,-90.67771912
150.200000,66.70646667,-91.21492004,66.47299194,-90.67768097
150.250000,66.70693970,-91.21510315,66.47353363,-90.67765045
150.300000,66.70742035,-91.21528625,66.47408295,-90.67761993
150.350000,66.70790100,-91.21546936,66.47462463,-90.67758179
150.400000,66.70837402,-91.21565247,66.47516632,-90.67755127
150.450000,66.70885468,-91.21583557,66.47570801,-90.67751312
150.500000,66.70932770,-91.21601868,66.47625732,-90.67748260
150.550000,66.70980835,-91.21620178,66.47679901,-90.67745209
150.600000,66.71028137,-91.21638489,66.47734070,-90.67741394
150.650000,66.71076202,-91.21656799,66.47789001,-90.67738342
150.700000,66.71124268,-91.21675110,66.47843170,-90.67735291
150.750000,66.71171570,-91.21693420,66.47897339,-90.67731476
150.800000,66.71219635,-91.21711731,66.47951508,-90.67728424
150.850000,66.71266937,-91.21730804,66.48005676,-90.67725372
150.900000,66.71315002,-91.21749115,66.48060608,-90.67721558
150.950000,66.71362305,-91.21767426,66.48114777,-90.67718506
151.000000,66.71410370,-91.21785736,66.48168945,-90.67714691
151.050000,66.71457672,-91.21804047,66.48223114,-90.67711639
151.100000,66.71505737,-91.21822357,66.48277283,-90.67708588
151.150000,66.71553040,-91.21840668,66.48332214,-90.67704773
151.200000,66.71601105,-91.21858978,66.48386383,-90.67701721
151.250000,66.71648407,-91.21877289,66.48440552,-90.67698669
151.300000,66.71696472,-91.21895599,66.48494720,-90.67694855
151.350000,66.71743774,-91.21913910,66.48548889,-90.67691803
151.400000,66.71791840,-91.21932220,66.48603058,-90.67688751
151.450000,66.71839142,-91.21950531,66.48657227,-90.67684937
151.500000,66.71887207,-91.21968842,66.48711395,-90.67681885
151.550000,66.71934509,-91.21987915,66.48766327,-90.67678070
151.600000,66.71981812,-91.22006226,66.48820496,-90.67675018
151.650000,66.72029877,-91.22024536,66.48874664,-90.67671967
151.700000,66.72077179,-91.22042847,66.48928833,-90.67668152
151.750000,66.72125244,-91.22061157,66.48983002,-90.67665100
151.800000,66.72172546,-91.22079468,66.49037170,-90.67662048
151.850000,66.72219849,-91.22097778,66.49091339,-90.67658234
151.900000,66.72267914,-91.22116089,66.49145508,-90.67655182
151.950000,66.72315216,-91.22134399,66.49199677,-90.67651367
152.000000,66.72362518,-91.22152710,66.49253845,-90.67648315
152.050000,66.72410583,-91.22171021,66.49308014,-90.67645264
152.100000,66.72457886,-91.22189331,66.49362183,-90.67641449
152.150000,66.72505188,-91.22207642,66.49416351,-90.67638397
152.200000,66.72553253,-91.22226715,66.49470520,-90.67635345
152.250000,66.72600555,-91.22245026,66.49524689,-90.67631531
152.300000,66.72647858,-91.22263336,66.49578857,-90.67628479
152.350000,66.72695923,-91.22281647,66.49633026,-90.67625427
152.400000,66.72743225,-91.22299957,66.49687195,-90.67621613
152.450000,66.72790527,-91.22318268,66.49741364,-90.67618561
152.500000,66.72838593,-91.22336578,66.49795532,-90.67614746
152.550000,66.72885895,-91.22354889,66.49849701,-90.67611694
152.600000,66.72933197,-91.22373199,66.49903870,-90.67608643
152.650000,66.72980499,-91.22391510,66.49958038,-90.67604828
152.700000,66.73028564,-91.22409821,66.50011444,-90.67601776
152.750000,66.73075867,-91.22428131,66.50065613,-90.67598724
152.800000,66.73123169,-91.22446442,66.50119781,-90.67594910
152.850000,66.73170471,-91.22464752,66.50173950,-90.67591858
152.900000,66.73218536,-91.22483826,66.50228119,-90.67588806
152.950000,66.73265839,-91.22502136,66.50282288,-90.67584991
153.000000,66.73313141,-91.22520447,66.50336456,-90.67581940
153.050000,66.73360443,-91.22538757,66.50389862,-90.67578888
153.100000,66.73407745,-91.22557068,66.50444031,-90.67575073
153.150000,66.73455811,-91.22575378,66.50498199,-90.67572021
153.200000,66.73503113,-91.22593689,66.50552368,-90.67568207
153.250000,66.73550415,-91.22612000,66.50606537,-90.67565155
153.300000,66.73597717,-91.22630310,66.50660706,-90.67562103
153.350000,66.73645020,-91.22648621,66.50714111,-90.67558289
153.400000,66.73692322,-91.22666931,66.50768280,-90.67555237
153.450000,66.73739624,-91.22685242,66.50822449,-90.67552185
153.500000,66.73787689,-91.22703552,66.50876617,-90.67548370
153.550000,66.73834991,-91.22721863,66.50930023,-90.67545319
153.600000,66.73882294,-91.22740936,66.50984192,-90.67542267
153.650000,66.73929596,-91.22759247,66.51038361,-90.67538452
153.700000,66.73976898,-91.22777557,66.51091766,-90.67535400
153.750000,66.74024200,-91.22795868,66.51145935,-90.67531586
153.800000,66.74071503,-91.22814178,66.51200104,-90.67528534
153.850000,66.74118805,-91.22832489,66.51254272,-90.67525482
153.900000,66.74166107,-91.22850800,66.51307678,-90.67521667
153.950000,66.74213409,-91.22869110,66.51361847,-90.67518616
154.000000,66.74261475,-91.22887421,66.51416016,-90.67515564
154.050000,66.74308777,-91.22905731,66.51469421,-90.67511749
154.100000,66.74356079,-91.22924042,66.51523590,-90.67508698
154.150000,66.74403381,-91.22942352,66.51577759,-90.67504883
154.200000,66.74450684,-91.22961426,66.51631165,-90.67501831
154.250000,66.74497986,-91.22979736,66.51685333,-90.67498779
154.300000,66.74545288,-91.22998047,66.51738739,-90.67494965
154.350000,66.74592590,-91.23016357,66.51792908,-90.67491913
154.400000,66.74639893,-91.23034668,66.51847076,-90.67488861
154.450000,66.74687195,-91.23052979,66.51900482,-90.67485046
154.500000,66.74734497,-91.23071289,66.51954651,-90.67481995
154.550000,66.74781799,-91.23089600,66.52008057,-90.67478943
154.600000,66.74829102,-91.23107910,66.52062225,-90.67475128
154.650000,66.74876404,-91.23126221,66.52116394,-90.67472076
154.700000,66.74922943,-91.23144531,66.52169800,-90.67468262
154.750000,66.74970245,-91.23162842,66.52223969,-90.67465210
154.800000,66.75017548,-91.23181152,66.52277374,-90.67462158
154.850000,66.75064850,-91.23200226,66.52331543,-90.67458344
154.900000,66.75112152,-91.23218536,66.52384949,-90.67455292
154.950000,66.75159454,-91.23236847,66.52439117,-90.67452240
155.000000,66.75206757,-91.23255157,66.52492523,-90.67448425
155.050000,66.75254059,-91.23273468,66.52546692,-90.67445374
155.100000,66.75301361,-91.23291779,66.52600098,-90.67442322
155.150000,66.75348663,-91.23310089,66.52654266,-90.67438507
155.200000,66.75395203,-91.23328400,66.52707672,-90.67435455
155.250000,66.75442505,-91.23346710,66.52761841,-90.67431641
155.300000,66.75489807,-91.23365021,66.52815247,-90.67428589
155.350000,66.75537109,-91.23383331,66.52869415,-90.67425537
155.400000,66.75584412,-91.23401642,66.52922821,-90.67421722
155.450000,66.75631714,-91.23419952,66.52976227,-90.67418671
155.500000,66.75678253,-91.23439026,66.53030396,-90.67415619
155.550000,66.75725555,-91.23457336,66.53083801,-90.67411804
155.600000,66.75772858,-91.23475647,66.53137970,-90.67408752
155.650000,66.75820160,-91.23493958,66.53191376,-90.67405701
155.700000,66.75867462,-91.23512268,66.53244781,-90.67401886
155.750000,66.75914001,-91.23530579,66.53298950,-90.67398834
155.800000,66.75961304,-91.23548889,66.53352356,-90.67395020
155.850000,66.76008606,-91.23567200,66.53406525,-90.67391968
155.900000,66.76055908,-91.23585510,66.53459930,-90.67388916
155.950000,66.76103210,-91.23603821,66.53513336,-90.67385101
156.000000,66.76149750,-91.23622131,66.53567505,-90.67382050
156.050000,66.76197052,-91.23640442,66.53620911,-90.67378998
156.100000,66.76244354,-91.23659515,66.53674316,-90.67375183
156.150000,66.76290894,-91.23677826,66.53728485,-90.67372131
156.200000,66.76338196,-91.23696136,66.53781891,-90.67369080
156.250000,66.76385498,-91.23714447,66.53835297,-90.67365265
156.300000,66.76432800,-91.23732758,66.53888702,-90.67362213
156.350000,66.76479340,-91.23751068,66.53942871,-90.67359161
156.400000,66.76526642,-91.23769379,66.53996277,-90.67355347
156.450000,66.76573944,-91.23787689,66.54049683,-90.67352295
156.500000,66.76620483,-91.23806000,66.54103088,-90.67348480
156.550000,66.76667786,-91.23824310,66.54157257,-90.67345428
156.600000,66.76715088,-91.23842621,66.54210663,-90.67342377
156.650000,66.76761627,-91.23860931,66.54264069,-90.67338562
156.700000,66.76808929,-91.23879242,66.54317474,-90.67335510
156.750000,66.76856232,-91.23898315,66.54370880,-90.67332458
156.800000,66.76902771,-91.23916626,66.54425049,-90.67328644
156.850000,66.76950073,-91.23934937,66.54478455,-90.67325592
156.900000,66.76996613,-91.23953247,66.54531860,-90.67321777
156.950000,66.77043915,-91.23971558,66.54585266,-90.67318726
157.000000,66.77091217,-91.23989868,66.54638672,-90.67315674
157.050000,66.77137756,-91.24008179,66.54692841,-90.67311859
157.100000,66.77185059,-91.24026489,66.54746246,-90.67308807
157.150000,66.77231598,-91.24044800,66.54799652,-90.67305756
157.200000,66.77278900,-91.24063110,66.54853058,-90.67301941
157.250000,66.77326202,-91.24081421,66.54906464,-90.67298889
157.300000,66.77372742,-91.24099731,66.54959869,-90.67295837
157.350000,66.77420044,-91.24118805,66.55013275,-90.67292023
157.400000,66.77466583,-91.24137115,66.55066681,-90.67288971
157.450000,66.77513885,-91.24155426,66.55120087,-90.67285919
157.500000,66.77560425,-91.24173737,66.55173492,-90.67282104
157.550000,66.77607727,-91.24192047,66.55227661,-90.67279053
157.600000,66.77654266,-91.24210358,66.55281067,-90.67275238
157.650000,66.77701569,-91.24228668,66.55334473,-90.67272186
157.700000,66.77748108,-91.24246979,66.55387878,-90.67269135
157.750000,66.77795410,-91.24265289,66.55441284,-90.67265320
157.800000,66.77841949,-91.24283600,66.55494690,-90.67262268
157.850000,66.77889252,-91.24302673,66.55548096,-90.67259216
157.900000,66.77935791,-91.24320984,66.55601501,-90.67255402
157.950000,66.77983093,-91.24339294,66.55654907,-90.67252350
158.000000,66.78029633,-91.24357605,66.55708313,-90.67249298
158.050000,66.78076172,-91.24375916,66.55761719,-90.67245483
158.100000,66.78123474,-91.24394226,66.55815125,-90.67242432
158.150000,66.78170013,-91.24412537,66.55868530,-90.67239380
158.200000,66.78217316,-91.24430847,66.55921936,-90.67235565
158.250000,66.78263855,-91.24449158,66.55975342,-90.67232513
158.300000,66.78311157,-91.24467468,66.56028748,-90.67228699
158.350000,66.78357697,-91.24485779,66.56082153,-90.67225647
158.400000,66.78404236,-91.24504089,66.56134796,-90.67222595
158.450000,66.78451538,-91.24522400,66.56188202,-90.67218781
158.500000,66.78498077,-91.24541473,66.56241608,-90.67215729
158.550000,66.78544617,-91.24559784,66.56295013,-90.67212677
158.600000,66.78591919,-91.24578094,66.56348419,-90.67208862
158.650000,66.78638458,-91.24596405,66.56401825,-90.67205811
158.700000,66.78684998,-91.24614716,66.56455231,-90.67201996
158.750000,66.78732300,-91.24633026,66.56508636,-90.67198944
158.800000,66.78778839,-91.24651337,66.56562042,-90.67195892
158.850000,66.78825378,-91.24669647,66.56614685,-90.67192078
158.900000,66.78872681,-91.24687958,66.56668091,-90.67189026
158.950000,66.78919220,-91.24706268,66.56721497,-90.67185974
159.000000,66.78965759,-91.24724579,66.56774902,-90.67182159
159.050000,66.79013062,-91.24743652,66.56828308,-90.67179108
159.100000,66.79059601,-91.24761963,66.56880951,-90.67176056
159.150000,66.79106140,-91.24780273,66.56934357,-90.67172241
159.200000,66.79152679,-91.24798584,66.56987762,-90.67169189
159.250000,66.79199982,-91.24816895,66.57041168,-90.67165375
159.300000,66.79246521,-91.24835205,66.57094574,-90.67162323
159.350000,66.79293060,-91.24853516,66.57147217,-90.67159271
159.400000,66.79339600,-91.24871826,66.57200623,-90.67155457
159.450000,66.79386902,-91.24890137,66.57254028,-90.67152405
159.500000,66.79433441,-91.24908447,66.57307434,-90.67149353
159.550000,66.79479980,-91.24926758,66.57360077,-90.67145538
159.600000,66.79526520,-91.24945068,66.57413483,-90.67142487
159.650000,66.79573059,-91.24964142,66.57466888,-90.67139435
159.700000,66.79620361,-91.24982452,66.57519531,-90.67135620
159.750000,66.79666901,-91.25000763,66.57572937,-90.67132568
159.800000,66.79713440,-91.25019073,66.57626343,-90.67128754
159.850000,66.79759979,-91.25037384,66.57679749,-90.67125702
159.900000,66.79806519,-91.25055695,66.57732391,-90.67122650
159.950000,66.79853058,-91.25074005,66.57785797,-90.67118835
160.000000,66.79900360,-91.25092316,66.57839203,-90.67115784
160.050000,66.79946899,-91.25110626,66.57891846,-90.67112732
160.100000,66.79993439,-91.25128937,66.57945251,-90.67108917
160.150000,66.80039978,-91.25148010,66.57997894,-90.67105865
160.200000,66.80086517,-91.25166321,66.58051300,-90.67102051
160.250000,66.80133057,-91.25184631,66.58104706,-90.67098999
160.300000,66.80179596,-91.25202942,66.58157349,-90.67095947
160.350000,66.80226135,-91.25221252,66.58210754,-90.67092133
160.400000,66.80272675,-91.25239563,66.58263397,-90.67089081
160.450000,66.80319214,-91.25257874,66.58316803,-90.67086029
160.500000,66.80366516,-91.25276184,66.58370209,-90.67082214
160.550000,66.80413055,-91.25294495,66.58422852,-90.67079163
160.600000,66.80459595,-91.25312805,66.58476257,-90.67076111
160.650000,66.80506134,-91.25331879,66.58528900,-90.67072296
160.700000,66.80552673,-91.25350189,66.58582306,-90.67069244
160.750000,66.80599213,-91.25368500,66.58634949,-90.67065430
160.800000,66.80645752,-91.25386810,66.58688354,-90.67062378
160.850000,66.80692291,-91.25405121,66.58740997,-90.67059326
160.900000,66.80738831,-91.25423431,66.58794403,-90.67055511
160.950000,66.80785370,-91.25441742,66.58847046,-90.67052460
161.000000,66.80831909,-91.25460052,66.58900452,-90.67049408
161.050000,66.80878448,-91.25478363,66.58953094,-90.67045593
161.100000,66.80924988,-91.25496674,66.59006500,-90.67042542
161.150000,66.80971527,-91.25514984,66.59059143,-90.67038727
161.200000,66.81018066,-91.25533295,66.59112549,-90.67035675
161.250000,66.81064606,-91.25552368,66.59165192,-90.67032623
161.300000,66.81111145,-91.25570679,66.59218597,-90.67028809
161.350000,66.81157684,-91.25588989,66.59271240,-90.67025757
161.400000,66.81204224,-91.25607300,66.59323883,-90.67022705
161.450000,66.81250763,-91.25625610,66.59377289,-90.67018890
161.500000,66.81296539,-91.25643921,66.59429932,-90.67015839
161.550000,66.81343079,-91.25662231,66.59483337,-90.67012787
161.600000,66.81389618,-91.25680542,66.59535980,-90.67008972
161.650000,66.81436157,-91.25698853,66.59588623,-90.67005920
161.700000,66.81482697,-91.25717163,66.59642029,-90.67002106
161.750000,66.81529236,-91.25736237,66.59694672,-90.66999054
161.800000,66.81575775,-91.25754547,66.59748077,-90.66996002
161.850000,66.81622314,-91.25772858,66.59800720,-90.66992188
161.900000,66.81668854,-91.25791168,66.59853363,-90.66989136
161.950000,66.81714630,-91.25809479,66.59906006,-90.66986084
162.000000,66.81761169,-91.25827789,66.59959412,-90.66982269
162.050000,66.81807709,-91.25846100,66.60012054,-90.66979218
162.100000,66.81854248,-91.25864410,66.60064697,-90.66976166
162.150000,66.81900787,-91.25882721,66.60118103,-90.66972351
162.200000,66.81946564,-91.25901031,66.60170746,-90.66969299
162.250000,66.81993103,-91.25919342,66.60223389,-90.66965485
162.300000,66.82039642,-91.25938416,66.60276794,-90.66962433
162.350000,66.82086182,-91.25956726,66.60329437,-90.66959381
162.400000,66.82132721,-91.25975037,66.60382080,-90.66955566
162.450000,66.82178497,-91.25993347,66.60434723,-90.66952515
162.500000,66.82225037,-91.26011658,66.60488129,-90.66949463
162.550000,66.82271576,-91.26029968,66.60540771,-90.66945648
162.600000,66.82318115,-91.26048279,66.60593414,-90.66942596
162.650000,66.82363892,-91.26066589,66.60646057,-90.66938782
162.700000,66.82410431,-91.26084900,66.60698700,-90.66935730
162.750000,66.82456970,-91.26103210,66.60752106,-90.66932678
162.800000,66.82503510,-91.26122284,66.60804749,-90.66928864
162.850000,66.82549286,-91.26140594,66.60857391,-90.66925812
162.900000,66.82595825,-91.26158905,66.60910034,-90.66922760
162.950000,66.82642365,-91.26177216,66.60962677,-90.66918945
163.000000,66.82688141,-91.26195526,66.61015320,-90.66915894
163.050000,66.82734680,-91.26213837,66.61068726,-90.66912842
163.100000,66.82781219,-91.26232147,66.61121368,-90.66909027
163.150000,66.82827759,-91.26250458,66.61174011,-90.66905975
163.200000,66.82873535,-91.26268768,66.61226654,-90.66902161
163.250000,66.82920074,-91.26287079,66.61279297,-90.66899109
163.300000,66.82966614,-91.26305389,66.61331940,-90.66896057
163.350000,66.83012390,-91.26324463,66.61384583,-90.66892242
163.400000,66.83058929,-91.26342773,66.61437225,-90.66889191
163.450000,66.83104706,-91.26361084,66.61489868,-90.66886139
163.500000,66.83151245,-91.26379395,66.61542511,-90.66882324
163.550000,66.83197784,-91.26397705,66.61595917,-90.66879272
163.600000,66.83243561,-91.26416016,66.61648560,-90.66876221
163.650000,66.83290100,-91.26434326,66.61701202,-90.66872406
163.700000,66.83335876,-91.26452637,66.61753845,-90.66869354
163.750000,66.83382416,-91.26470947,66.61806488,-90.66865540
163.800000,66.83428955,-91.26489258,66.61859131,-90.66862488
163.850000,66.83474731,-91.26508331,66.61911774,-90.66859436
163.900000,66.83521271,-91.26526642,66.61964417,-90.66855621
163.950000,66.83567047,-91.26544952,66.62017059,-90.66852570
164.000000,66.83613586,-91.26563263,66.62069702,-90.66848755
164.050000,66.83659363,-91.26581573,66.62122345,-90.66845703
164.100000,66.83705902,-91.26599884,66.62174988,-90.66842651
164.150000,66.83751678,-91.26618195,66.62227631,-90.66838837
164.200000,66.83798218,-91.26636505,66.62280273,-90.66835785
164.250000,66.83843994,-91.26654816,66.62332916,-90.66832733
164.300000,66.83890533,-91.26673126,66.62385559,-90.66828918
164.350000,66.83936310,-91.26691437,66.62437439,-90.66825867
164.400000,66.83982849,-91.26710510,66.62490082,-90.66822815
164.450000,66.84028625,-91.26728821,66.62542725,-90.66819000
164.500000,66.84075165,-91.26747131,66.62595367,-90.66815948
164.550000,66.84120941,-91.26765442,66.62648010,-90.66812134
164.600000,66.84167480,-91.26783752,66.62700653,-90.66809082
164.650000,66.84213257,-91.26802063,66.62753296,-90.66806030
164.700000,66.84259796,-91.26820374,66.62805939,-90.66802216
164.750000,66.84305573,-91.26838684,66.62858582,-90.66799164
164.800000,66.84352112,-91.26856995,66.62910461,-90.66796112
164.850000,66.84397888,-91.26876068,66.62963104,-90.66792297
164.900000,66.84443665,-91.26894379,66.63015747,-90.66789246
164.950000,66.84490204,-91.26912689,66.63068390,-90.66786194
165.000000,66.84535980,-91.26931000,66.63121033,-90.66782379
165.050000,66.84582520,-91.26949310,66.63173676,-90.66779327
165.100000,66.84628296,-91.26967621,66.63225555,-90.66775513
165.150000,66.84674072,-91.26985931,66.63278198,-90.66772461
165.200000,66.84720612,-91.27004242,66.63330841,-90.66769409
165.250000,66.84766388,-91.27022552,66.63383484,-90.66765594
165.300000,66.84812164,-91.27040863,66.63435364,-90.66762543
165.350000,66.84858704,-91.27059937,66.63488007,-90.66758728
165.400000,66.84904480,-91.27078247,66.63540649,-90.66755676
165.450000,66.84950256,-91.27096558,66.63593292,-90.66752625
165.500000,66.84996796,-91.27114868,66.63645172,-90.66748810
165.550000,66.85042572,-91.27133179,66.63697815,-90.66745758
165.600000,66.85088348,-91.27151489,66.63750458,-90.66742706
165.650000,66.85134888,-91.27169800,66.63803101,-90.66738892
165.700000,66.85180664,-91.27188110,66.63854980,-90.66735840
165.750000,66.85226440,-91.27206421,66.63907623,-90.66732025
165.800000,66.85272980,-91.27224731,66.63960266,-90.66728973
165.850000,66.85318756,-91.27243805,66.64012146,-90.66725922
165.900000,66.85364532,-91.27262115,66.64064789,-90.66722107
165.950000,66.85410309,-91.27280426,66.64117432,-90.66719055
166.000000,66.85456848,-91.27298737,66.64169312,-90.66716003
166.050000,66.85502625,-91.27317047,66.64221954,-90.66712189
166.100000,66.85548401,-91.27335358,66.64274597,-90.66709137
166.150000,66.85594177,-91.27353668,66.64326477,-90.66705322
166.200000,66.85640717,-91.27371979,66.64379120,-90.66702271
166.250000,66.85686493,-91.27390289,66.64431763,-90.66699219
166.300000,66.85732269,-91.27408600,66.64483643,-90.66695404
166.350000,66.85778046,-91.27426910,66.64536285,-90.66692352
166.400000,66.85823822,-91.27445984,66.64588165,-90.66689301
166.450000,66.85870361,-91.27464294,66.64640808,-90.66685486
166.500000,66.85916138,-91.27482605,66.64692688,-90.66682434
166.550000,66.85961914,-91.27500916,66.64745331,-90.66679382
166.600000,66.86007690,-91.27519226,66.64797974,-90.66675568
166.650000,66.86053467,-91.27537537,66.64849854,-90.66672516
166.700000,66.86099243,-91.27555847,66.64902496,-90.66668701
166.750000,66.86145782,-91.27574158,66.64954376,-90.66665649
166.800000,66.86191559,-91.27593231,66.65007019,-90.66661835
166.850000,66.86237335,-91.27611542,66.65058899,-90.66658783
166.900000,66.86283112,-91.27629852,66.65111542,-90.66655731
166.950000,66.86328888,-91.27648163,66.65163422,-90.66651917
167.000000,66.86374664,-91.27666473,66.65216064,-90.66648865
167.050000,66.86420441,-91.27684784,66.65267944,-90.66645813
167.100000,66.86466217,-91.27703094,66.65320587,-90.66641998
167.150000,66.86511993,-91.27721405,66.65372467,-90.66638947
167.200000,66.86557770,-91.27739716,66.65425110,-90.66635895
167.250000,66.86603546,-91.27758026,66.65476990,-90.66632080
167.300000,66.86650085,-91.27776337,66.65529633,-90.66629028
167.350000,66.86695862,-91.27795410,66.65581512,-90.66625214
167.400000,66.86741638,-91.27813721,66.65633392,-90.66622162
167.450000,66.86787415,-91.27832031,66.65686035,-90.66619110
167.500000,66.86833191,-91.27850342,66.65737915,-90.66615295
167.550000,66.86878967,-91.27868652,66.65790558,-90.66612244
167.600000,66.86924744,-91.27886963,66.65842438,-90.66609192
167.650000,66.86970520,-91.27905273,66.65894318,-90.66605377
167.700000,66.87016296,-91.27923584,66.65946960,-90.66602325
167.750000,66.87062073,-91.27941895,66.65998840,-90.66598511
167.800000,66.87107849,-91.27960968,66.66050720,-90.66595459
167.850000,66.87153625,-91.27979279,66.66103363,-90.66592407
167.900000,66.87199402,-91.27997589,66.66155243,-90.66588593
167.950000,66.87245178,-91.28015900,66.66207886,-90.66585541
168.000000,66.87290955,-91.28034210,66.66259766,-90.66581726
168.050000,66.87336731,-91.28052521,66.66311646,-90.66578674
168.100000,66.87382507,-91.28070831,66.66363525,-90.66575623
168.150000,66.87427521,-91.28089142,66.66416168,-90.66571808
168.200000,66.87473297,-91.28107452,66.66468048,-90.66568756
168.250000,66.87519073,-91.28126526,66.66519928,-90.66565704
168.300000,66.87564850,-91.28144836,66.66572571,-90.66561890
168.350000,66.87610626,-91.28163147,66.66624451,-90.66558838
168.400000,66.87656403,-91.28181458,66.66676331,-90.66555786
168.450000,66.87702179,-91.28199768,66.66728210,-90.66551971
168.500000,66.87747955,-91.28218079,66.66780853,-90.66548920
168.550000,66.87793732,-91.28236389,66.66832733,-90.66545105
168.600000,66.87839508,-91.28254700,66.66884613,-90.66542053
168.650000,66.87884521,-91.28273010,66.66936493,-90.66539001
168.700000,66.87930298,-91.28291321,66.66989136,-90.66535187
168.750000,66.87976074,-91.28310394,66.67041016,-90.66532135
168.800000,66.88021851,-91.28328705,66.67092896,-90.66528320
168.850000,66.88067627,-91.28347015,66.67144775,-90.66525269
168.900000,66.88113403,-91.28365326,66.67196655,-90.66522217
168.950000,66.88158417,-91.28383636,66.67249298,-90.66518402
169.000000,66.88204193,-91.28401947,66.67301178,-90.66515350
169.050000,66.88249969,-91.28420258,66.67353058,-90.66512299
169.100000,66.88295746,-91.28438568,66.67404938,-90.66508484
169.150000,66.88341522,-91.28456879,66.67456818,-90.66505432
169.200000,66.88386536,-91.28475952,66.67508698,-90.66501617
169.250000,66.88432312,-91.28494263,66.67560577,-90.66498566
169.300000,66.88478088,-91.28512573,66.67613220,-90.66495514
169.350000,66.88523865,-91.28530884,66.67665100,-90.66491699
169.400000,66.88568878,-91.28549194,66.67716980,-90.66488647
169.450000,66.88614655,-91.28567505,66.67768860,-90.66485596
169.500000,66.88660431,-91.28585815,66.67820740,-90.66481781
169.550000,66.88706207,-91.28604126,66.67872620,-90.66478729
169.600000,66.88751221,-91.28622437,66.67924500,-90.66474915
169.650000,66.88796997,-91.28640747,66.67976379,-90.66471863
169.700000,66.88842773,-91.28659821,66.68028259,-90.66468811
169.750000,66.88888550,-91.28678131,66.68080139,-90.66464996
169.800000,66.88933563,-91.28696442,66.68132019,-90.66461945
169.850000,66.88979340,-91.28714752,66.68183899,-90.66458130
169.900000,66.89025116,-91.28733063,66.68235779,-90.66455078
169.950000,66.89070129,-91.28751373,66.68287659,-90.66452026
170.000000,66.89115906,-91.28769684,66.68339539,-90.66448212
170.050000,66.89161682,-91.28787994,66.68391418,-90.66445160
170.100000,66.89206696,-91.28806305,66.68443298,-90.66442108
170.150000,66.89252472,-91.28825378,66.68495178,-90.66438293
170.200000,66.89297485,-91.28843689,66.68547058,-90.66435242
170.250000,66.89343262,-91.28862000,66.68598938,-90.66431427
170.300000,66.89389038,-91.28880310,66.68650818,-90.66428375
170.350000,66.89434052,-91.28898621,66.68702698,-90.66425323
170.400000,66.89479828,-91.28916931,66.68754578,-90.66421509
170.450000,66.89525604,-91.28935242,66.68806458,-90.66418457
170.500000,66.89570618,-91.28953552,66.68858337,-90.66414642
170.550000,66.89616394,-91.28971863,66.68910217,-90.66411591
170.600000,66.89661407,-91.28990936,66.68962097,-90.66408539
170.650000,66.89707184,-91.29009247,66.69013214,-90.66404724
170.700000,66.89752197,-91.29027557,66.69065094,-90.66401672
170.750000,66.89797974,-91.29045868,66.69116974,-90.66398621
170.800000,66.89843750,-91.29064178,66.69168854,-90.66394806
170.850000,66.89888763,-91.29082489,66.69220734,-90.66391754
170.900000,66.89934540,-91.29100800,66.69272614,-90.66387939
170.950000,66.89979553,-91.29119110,66.69324493,-90.66384888
171.000000,66.90025330,-91.29137421,66.69375610,-90.66381836
171.050000,66.90070343,-91.29156494,66.69427490,-90.66378021
171.100000,66.90116119,-91.29174805,66.69479370,-90.66374969
171.150000,66.90161133,-91.29193115,66.69531250,-90.66371155
171.200000,66.90206909,-91.29211426,66.69583130,-90.66368103
171.250000,66.90251923,-91.29229736,66.69635010,-90.66365051
171.300000,66.90297699,-91.29248047,66.69686127,-90.66361237
171.350000,66.90342712,-91.29266357,66.69738007,-90.66358185
171.400000,66.90388489,-91.29284668,66.69789886,-90.66355133
171.450000,66.90433502,-91.29302979,66.69841766,-90.66351318
171.500000,66.90478516,-91.29322052,66.69892883,-90.66348267
171.550000,66.90524292,-91.29340363,66.69944763,-90.66344452
171.600000,66.90569305,-91.29358673,66.69996643,-90.66341400
171.650000,66.90615082,-91.29376984,66.70048523,-90.66338348
171.700000,66.90660095,-91.29395294,66.70099640,-90.66334534
171.750000,66.90705872,-91.29413605,66.70151520,-90.66331482
171.800000,66.90750885,-91.29431915,66.70203400,-90.66327667
171.850000,66.90795898,-91.29450226,66.70255280,-90.66324615
171.900000,66.90841675,-91.29468536,66.70306396,-90.66321564
171.950000,66.90886688,-91.29487610,66.70358276,-90.66317749
172.000000,66.90931702,-91.29505920,66.70409393,-90.66314697
172.050000,66.90977478,-91.29524231,66.70461273,-90.66311646
172.100000,66.91022491,-91.29542542,66.70513153,-90.66307831
172.150000,66.91068268,-91.29560852,66.70565033,-90.66304779
172.200000,66.91113281,-91.29579163,66.70616150,-90.66300964
172.250000,66.91158295,-91.29597473,66.70668030,-90.66297913
172.300000,66.91204071,-91.29615784,66.70719147,-90.66294861
172.350000,66.91249084,-91.29634094,66.70771027,-90.66291046
172.400000,66.91294098,-91.29652405,66.70822906,-90.66287994
172.450000,66.91339874,-91.29671478,66.70874023,-90.66284180
172.500000,66.91384888,-91.29689789,66.70925903,-90.66281128
172.550000,66.91429901,-91.29708099,66.70977020,-90.66278076
172.600000,66.91474915,-91.29726410,66.71028900,-90.66274261
172.650000,66.91520691,-91.29744720,66.71080780,-90.66271210
172.700000,66.91565704,-91.29763031,66.71131897,-90.66267395
172.750000,66.91610718,-91.29781342,66.71183777,-90.66264343
172.800000,66.91656494,-91.29799652,66.71234894,-90.66261292
172.850000,66.91701508,-91.29818726,66.71286774,-90.66257477
172.900000,66.91746521,-91.29837036,66.71337891,-90.66254425
172.950000,66.91791534,-91.29855347,66.71389771,-90.66251373
173.000000,66.91837311,-91.29873657,66.71440887,-90.66247559
173.050000,66.91882324,-91.29891968,66.71492767,-90.66244507
173.100000,66.91927338,-91.29910278,66.71543884,-90.66240692
173.150000,66.91972351,-91.29928589,66.71595764,-90.66237640
173.200000,66.92017365,-91.29946899,66.71646881,-90.66234589
173.250000,66.92063141,-91.29965210,66.71698761,-90.66230774
173.300000,66.92108154,-91.29983521,66.71749878,-90.66227722
173.350000,66.92153168,-91.30002594,66.71801758,-90.66223907
173.400000,66.92198181,-91.30020905,66.71852875,-90.66220856
173.450000,66.92243195,-91.30039215,66.71904755,-90.66217804
173.500000,66.92288208,-91.30057526,66.71955872,-90.66213989
173.550000,66.92333984,-91.30075836,66.72006989,-90.66210938
173.600000,66.92378998,-91.30094147,66.72058868,-90.66207123
173.650000,66.92424011,-91.30112457,66.72109985,-90.66204071
173.700000,66.92469025,-91.30130768,66.72161865,-90.66201019
173.750000,66.92514038,-91.30149841,66.72212982,-90.66197205
173.800000,66.92559052,-91.30168152,66.72264099,-90.66194153
173.850000,66.92604065,-91.30186462,66.72315979,-90.66190338
173.900000,66.92649078,-91.30204773,66.72367096,-90.66187286
173.950000,66.92694855,-91.30223083,66.72418213,-90.66184235
174.000000,66.92739868,-91.30241394,66.72470093,-90.66180420
174.050000,66.92784882,-91.30259705,66.72521210,-90.66177368
174.100000,66.92829895,-91.30278015,66.72573090,-90.66173553
174.150000,66.92874908,-91.30296326,66.72624207,-90.66170502
174.200000,66.92919922,-91.30314636,66.72675323,-90.66167450
174.250000,66.92964935,-91.30333710,66.72726440,-90.66163635
174.300000,66.93009949,-91.30352020,66.72778320,-90.66160583
174.350000,66.93054962,-91.30370331,66.72829437,-90.66157532
174.400000,66.93099976,-91.30388641,66.72880554,-90.66153717
174.450000,66.93144989,-91.30406952,66.72932434,-90.66150665
174.500000,66.93190002,-91.30425262,66.72983551,-90.66146851
174.550000,66.93235016,-91.30443573,66.73034668,-90.66143799
174.600000,66.93280029,-91.30461884,66.73085785,-90.66139984
174.650000,66.93325043,-91.30480957,66.73137665,-90.66136932
174.700000,66.93370056,-91.30499268,66.73188782,-90.66133881
174.750000,66.93415070,-91.30517578,66.73239899,-90.66130066
174.800000,66.93460083,-91.30535889,66.73291016,-90.66127014
174.850000,66.93505096,-91.30554199,66.73342896,-90.66123962
174.900000,66.93550110,-91.30572510,66.73394012,-90.66120148
174.950000,66.93595123,-91.30590820,66.73445129,-90.66117096
175.000000,66.93640137,-91.30609131,66.73496246,-90.66113281
175.050000,66.93685150,-91.30627441,66.73547363,-90.66110229
175.100000,66.93730164,-91.30645752,66.73599243,-90.66107178
175.150000,66.93775177,-91.30664825,66.73650360,-90.66103363
175.200000,66.93819427,-91.30683136,66.73701477,-90.66100311
175.250000,66.93864441,-91.30701447,66.73752594,-90.66096497
175.300000,66.93909454,-91.30719757,66.73803711,-90.66093445
175.350000,66.93954468,-91.30738068,66.73854828,-90.66090393
175.400000,66.93999481,-91.30756378,66.73905945,-90.66086578
175.450000,66.94044495,-91.30774689,66.73957825,-90.66083527
175.500000,66.94089508,-91.30792999,66.74008942,-90.66079712
175.550000,66.94134521,-91.30812073,66.74060059,-90.66076660
175.600000,66.94178772,-91.30830383,66.74111176,-90.66073608
175.650000,66.94223785,-91.30848694,66.74162292,-90.66069794
175.700000,66.94268799,-91.30867004,66.74213409,-90.66066742
175.750000,66.94313812,-91.30885315,66.74264526,-90.66062927
175.800000,66.94358826,-91.30903625,66.74315643,-90.66059875
175.850000,66.94403839,-91.30921936,66.74366760,-90.66056824
175.900000,66.94448090,-91.30940247,66.74417877,-90.66053009
175.950000,66.94493103,-91.30958557,66.74468994,-90.66049957
176.000000,66.94538116,-91.30976868,66.74520111,-90.66046143
176.050000,66.94583130,-91.30995941,66.74571228,-90.66043091
176.100000,66.94628143,-91.31014252,66.74622345,-90.66040039
176.150000,66.94672394,-91.31032562,66.74673462,-90.66036224
176.200000,66.94717407,-91.31050873,66.74724579,-90.66033173
176.250000,66.94762421,-91.31069183,66.74775696,-90.66029358
176.300000,66.94807434,-91.31087494,66.74826813,-90.66026306
176.350000,66.94852448,-91.31105804,66.74877930,-90.66023254
176.400000,66.94896698,-91.31124878,66.74929047,-90.66019440
176.450000,66.94941711,-91.31142426,66.74980164,-90.66016388
176.500000,66.94986725,-91.31161499,66.75031281,-90.66012573
176.550000,66.95030975,-91.31179810,66.75082397,-90.66009521
176.600000,66.95075989,-91.31198120,66.75133514,-90.66006470
176.650000,66.95121002,-91.31216431,66.75184631,-90.66002655
176.700000,66.95165253,-91.31234741,66.75235748,-90.65999603
176.750000,66.95210266,-91.31253052,66.75286865,-90.65995789
176.800000,66.95255280,-91.31271362,66.75337982,-90.65992737
176.850000,66.95300293,-91.31290436,66.75389099,-90.65989685
176.900000,66.95344543,-91.31308746,66.75439453,-90.65985870
176.950000,66.95389557,-91.31327057,66.75490570,-90.65982819
177.000000,66.95434570,-91.31345367,66.75541687,-90.65979004
177.050000,66.95478821,-91.31363678,66.75592804,-90.65975952
177.100000,66.95523834,-91.31381989,66.75643921,-90.65972900
177.150000,66.95568085,-91.31400299,66.75695038,-90.65969086
177.200000,66.95613098,-91.31418610,66.75746155,-90.65966034
177.250000,66.95658112,-91.31436920,66.75797272,-90.65962219
177.300000,66.95702362,-91.31455231,66.75847626,-90.65959167
177.350000,66.95747375,-91.31474304,66.75898743,-90.65955353
177.400000,66.95791626,-91.31492615,66.75949860,-90.65952301
177.450000,66.95836639,-91.31510925,66.76000977,-90.65949249
177.500000,66.95881653,-91.31529236,66.76052094,-90.65945435
177.550000,66.95925903,-91.31547546,66.76102448,-90.65942383
177.600000,66.95970917,-91.31565857,66.76153564,-90.65938568
177.650000,66.96015167,-91.31584167,66.76204681,-90.65935516
177.700000,66.96060181,-91.31602478,66.76255798,-90.65932465
177.750000,66.96105194,-91.31620789,66.76306152,-90.65928650
177.800000,66.96149445,-91.31639862,66.76357269,-90.65925598
177.850000,66.96194458,-91.31658173,66.76408386,-90.65921783
177.900000,66.96238708,-91.31676483,66.76459503,-90.65918732
177.950000,66.96283722,-91.31694794,66.76509857,-90.65915680
178.000000,66.96327972,-91.31713104,66.76560974,-90.65911865
178.050000,66.96372986,-91.31731415,66.76612091,-90.65908813
178.100000,66.96417236,-91.31749725,66.76662445,-90.65904999
178.150000,66.96462250,-91.31768036,66.76713562,-90.65901947
178.200000,66.96506500,-91.31787109,66.76764679,-90.65898895
178.250000,66.96551514,-91.31805420,66.76815033,-90.65895081
178.300000,66.96595764,-91.31823730,66.76866150,-90.65892029
178.350000,66.96640778,-91.31842041,66.76917267,-90.65888214
178.400000,66.96685028,-91.31860352,66.76967621,-90.65885162
178.450000,66.96729279,-91.31878662,66.77018738,-90.65881348
178.500000,66.96774292,-91.31896973,66.77069855,-90.65878296
178.550000,66.96818542,-91.31915283,66.77120209,-90.65875244
178.600000,66.96863556,-91.31933594,66.77171326,-90.65871429
178.650000,66.96907806,-91.31952667,66.77222443,-90.65868378
178.700000,66.96952820,-91.31970978,66.77272797,-90.65864563
178.750000,66.96997070,-91.31989288,66.77323914,-90.65861511
178.800000,66.97041321,-91.32007599,66.77374268,-90.65858459
178.850000,66.97086334,-91.32025909,66.77425385,-90.65854645
178.900000,66.97130585,-91.32044220,66.77475739,-90.65851593
178.950000,66.97174835,-91.32062531,66.77526855,-90.65847778
179.000000,66.97219849,-91.32080841,66.77577972,-90.65844727
179.050000,66.97264099,-91.32099152,66.77628326,-90.65841675
179.100000,66.97309113,-91.32118225,66.77679443,-90.65837860
179.150000,66.97353363,-91.32136536,66.77729797,-90.65834808
179.200000,66.97397614,-91.32154846,66.77780914,-90.65830994
179.250000,66.97442627,-91.32173157,66.77831268,-90.65827942
179.300000,66.97486877,-91.32191467,66.77882385,-90.65824890
179.350000,66.97531128,-91.32209778,66.77932739,-90.65821075
179.400000,66.97576141,-91.32228088,66.77983856,-90.65818024
179.450000,66.97620392,-91.32246399,66.78034210,-90.65814209
179.500000,66.97664642,-91.32265472,66.78085327,-90.65811157
179.550000,66.97709656,-91.32283783,66.78135681,-90.65808105
179.600000,66.97753906,-91.32302094,66.78186798,-90.65804291
179.650000,66.97798157,-91.32320404,66.78237152,-90.65801239
179.700000,66.97842407,-91.32338715,66.78287506,-90.65797424
179.750000,66.97887421,-91.32357025,66.78338623,-90.65794373
179.800000,66.97931671,-91.32375336,66.78388977,-90.65790558
179.850000,66.97975922,-91.32393646,66.78440094,-90.65787506
179.900000,66.98020172,-91.32411957,66.78490448,-90.65784454
179.950000,66.98065186,-91.32430267,66.78541565,-90.65780640
180.000000,66.98109436,-91.32449341,66.78591919,-90.65777588
180.050000,66.98153687,-91.32467651,66.78642273,-90.65773773
180.100000,66.98197937,-91.32485962,66.78693390,-90.65770721
180.150000,66.98242188,-91.32504272,66.78743744,-90.65766907
180.200000,66.98287201,-91.32522583,66.78794098,-90.65763855
180.250000,66.98331451,-91.32540894,66.78845215,-90.65760803
180.300000,66.98375702,-91.32559204,66.78895569,-90.65756989
180.350000,66.98419952,-91.32577515,66.78946686,-90.65753937
180.400000,66.98464203,-91.32596588,66.78997040,-90.65750122
180.450000,66.98509216,-91.32614899,66.79047394,-90.65747070
180.500000,66.98553467,-91.32633209,66.79097748,-90.65743256
180.550000,66.98597717,-91.32651520,66.79148865,-90.65740204
180.600000,66.98641968,-91.32669830,66.79199219,-90.65737152
180.650000,66.98686218,-91.32688141,66.79249573,-90.65733337
180.700000,66.98730469,-91.32706451,66.79300690,-90.65730286
180.750000,66.98774719,-91.32724762,66.79351044,-90.65727234
180.800000,66.98819733,-91.32743073,66.79401398,-90.65723419
180.850000,66.98863983,-91.32762146,66.79451752,-90.65720367
180.900000,66.98908234,-91.32780457,66.79502869,-90.65716553
180.950000,66.98952484,-91.32798767,66.79553223,-90.65713501
181.000000,66.98996735,-91.32817078,66.79603577,-90.65709686
181.050000,66.99040985,-91.32835388,66.79653931,-90.65706635
181.100000,66.99085236,-91.32853699,66.79705048,-90.65702820
181.150000,66.99129486,-91.32872009,66.79755402,-90.65699768
181.200000,66.99173737,-91.32890320,66.79805756,-90.65696716
181.250000,66.99217987,-91.32909393,66.79856110,-90.65692902
181.300000,66.99262238,-91.32927704,66.79906464,-90.65689850
181.350000,66.99306488,-91.32946014,66.79957581,-90.65686035
181.400000,66.99350739,-91.32964325,66.80007935,-90.65682983
181.450000,66.99394989,-91.32982635,66.80058289,-90.65679932
181.500000,66.99439240,-91.33000946,66.80108643,-90.65676117
181.550000,66.99483490,-91.33019257,66.80158997,-90.65673065
181.600000,66.99527740,-91.33037567,66.80209351,-90.65669250
181.650000,66.99571991,-91.33055878,66.80260468,-90.65666199
181.700000,66.99616241,-91.33074951,66.80310822,-90.65662384
181.750000,66.99660492,-91.33093262,66.80361176,-90.65659332
181.800000,66.99704742,-91.33111572,66.80411530,-90.65656281
181.850000,66.99748993,-91.33129883,66.80461884,-90.65652466
181.900000,66.99793243,-91.33148193,66.80512238,-90.65649414
181.950000,66.99837494,-91.33166504,66.80562592,-90.65645599
182.000000,66.99881744,-91.33184814,66.80612946,-90.65642548
182.050000,66.99925995,-91.33203125,66.80663300,-90.65639496
182.100000,66.99970245,-91.33221436,66.80713654,-90.65635681
182.150000,67.00014496,-91.33240509,66.80764008,-90.65632629
182.200000,67.00058746,-91.33258820,66.80815125,-90.65628815
182.250000,67.00102997,-91.33277130,66.80865479,-90.65625763
182.300000,67.00147247,-91.33295441,66.80915833,-90.65621948
182.350000,67.00191498,-91.33313751,66.80966187,-90.65618896
182.400000,67.00234985,-91.33332062,66.81016541,-90.65615082
182.450000,67.00279236,-91.33350372,66.81066895,-90.65612030
182.500000,67.00323486,-91.33368683,66.81117249,-90.65608978
182.550000,67.00367737,-91.33386993,66.81167603,-90.65605164
182.600000,67.00411987,-91.33406067,66.81217957,-90.65602112
182.650000,67.00456238,-91.33424377,66.81268311,-90.65599060
182.700000,67.00500488,-91.33442688,66.81318665,-90.65595245
182.750000,67.00543976,-91.33460999,66.81369019,-90.65592194
182.800000,67.00588226,-91.33479309,66.81419373,-90.65588379
182.850000,67.00632477,-91.33497620,66.81468964,-90.65585327
182.900000,67.00676727,-91.33515930,66.81519318,-90.65581512
182.950000,67.00720978,-91.33534241,66.81569672,-90.65578461
183.000000,67.00765228,-91.33553314,66.81620026,-90.65574646
183.050000,67.00808716,-91.33571625,66.81670380,-90.65571594
183.100000,67.00852966,-91.33589935,66.81720734,-90.65568542
183.150000,67.00897217,-91.33608246,66.81771088,-90.65564728
183.200000,67.00941467,-91.33626556,66.81821442,-90.65561676
183.250000,67.00984955,-91.33644867,66.81871796,-90.65557861
183.300000,67.01029205,-91.33663177,66.81922150,-90.65554810
183.350000,67.01073456,-91.33681488,66.81972504,-90.65550995
183.400000,67.01117706,-91.33700562,66.82022095,-90.65547943
183.450000,67.01161194,-91.33718872,66.82072449,-90.65544891
183.500000,67.01205444,-91.33737183,66.82122803,-90.65541077
183.550000,67.01249695,-91.33755493,66.82173157,-90.65538025
183.600000,67.01293945,-91.33773804,66.82223511,-90.65534210
183.650000,67.01337433,-91.33792114,66.82273865,-90.65531158
183.700000,67.01381683,-91.33810425,66.82323456,-90.65527344
183.750000,67.01425934,-91.33828735,66.82373810,-90.65524292
183.800000,67.01469421,-91.33847046,66.82424164,-90.65521240
183.850000,67.01513672,-91.33866119,66.82474518,-90.65517426
183.900000,67.01557922,-91.33884430,66.82524872,-90.65514374
183.950000,67.01601410,-91.33902740,66.82574463,-90.65510559
184.000000,67.01645660,-91.33921051,66.82624817,-90.65507507
184.050000,67.01689911,-91.33939362,66.82675171,-90.65503693
184.100000,67.01733398,-91.33957672,66.82725525,-90.65500641
184.150000,67.01777649,-91.33975983,66.82775116,-90.65497589
184.200000,67.01821899,-91.33994293,66.82825470,-90.65493774
184.250000,67.01865387,-91.34012604,66.82875824,-90.65490723
184.300000,67.01909637,-91.34031677,66.82926178,-90.65486908
184.350000,67.01953888,-91.34049988,66.82975769,-90.65483856
184.400000,67.01997375,-91.34068298,66.83026123,-90.65480042
184.450000,67.02041626,-91.34086609,66.83076477,-90.65476990
184.500000,67.02085114,-91.34104919,66.83126068,-90.65473938
184.550000,67.02129364,-91.34123230,66.83176422,-90.65470123
184.600000,67.02173615,-91.34141541,66.83226776,-90.65467072
184.650000,67.02217102,-91.34159851,66.83276367,-90.65463257
184.700000,67.02261353,-91.34178925,66.83326721,-90.65460205
184.750000,67.02304840,-91.34197235,66.83377075,-90.65456390
184.800000,67.02349091,-91.34215546,66.83426666,-90.65453339
184.850000,67.02392578,-91.34233856,66.83477020,-90.65449524
184.900000,67.02436829,-91.34252167,66.83527374,-90.65446472
184.950000,67.02480316,-91.34270477,66.83576965,-90.65443420
185.000000,67.02524567,-91.34288788,66.83627319,-90.65439606
185.050000,67.02568054,-91.34307098,66.83676910,-90.65436554
185.100000,67.02612305,-91.34325409,66.83727264,-90.65432739
185.150000,67.02656555,-91.34344482,66.83777618,-90.65429688
185.200000,67.02700043,-91.34362793,66.83827209,-90.65425873
185.250000,67.02743530,-91.34381104,66.83877563,-90.65422821
185.300000,67.02787781,-91.34399414,66.83927155,-90.65419769
185.350000,67.02831268,-91.34417725,66.83977509,-90.65415955
185.400000,67.02875519,-91.34436035,66.84027100,-90.65412903
185.450000,67.02919006,-91.34454346,66.84077454,-90.65409088
185.500000,67.02963257,-91.34472656,66.84127045,-90.65406036
185.550000,67.03006744,-91.34491730,66.84177399,-90.65402222
185.600000,67.03050995,-91.34510040,66.84227753,-90.65399170
185.650000,67.03094482,-91.34528351,66.84277344,-90.65395355
185.700000,67.03138733,-91.34546661,66.84327698,-90.65392303
185.750000,67.03182220,-91.34564972,66.84377289,-90.65389252
185.800000,67.03225708,-91.34583282,66.84426880,-90.65385437
185.850000,67.03269958,-91.34601593,66.84477234,-90.65382385
185.900000,67.03313446,-91.34619904,66.84527588,-90.65378571
185.950000,67.03357697,-91.34638977,66.84577179,-90.65375519
186.000000,67.03401184,-91.34657288,66.84626770,-90.65371704
186.050000,67.03444672,-91.34675598,66.84677124,-90.65368652
186.100000,67.03488922,-91.34693909,66.84726715,-90.65364838
186.150000,67.03532410,-91.34712219,66.84777069,-90.65361786
186.200000,67.03575897,-91.34730530,66.84826660,-90.65358734
186.250000,67.03620148,-91.34748840,66.84877014,-90.65354919
186.300000,67.03663635,-91.34767151,66.84926605,-90.65351868
186.350000,67.03707886,-91.34786224,66.84976196,-90.65348053
186.400000,67.03751373,-91.34804535,66.85026550,-90.65345001
186.450000,67.03794861,-91.34822845,66.85076141,-90.65341187
186.500000,67.03838348,-91.34841156,66.85125732,-90.65338135
186.550000,67.03882599,-91.34859467,66.85176086,-90.65335083
186.600000,67.03926086,-91.34877777,66.85225677,-90.65331268
186.650000,67.03969574,-91.34896088,66.85276031,-90.65328217
186.700000,67.04013824,-91.34914398,66.85325623,-90.65324402
186.750000,67.04057312,-91.34932709,66.85375214,-90.65321350
186.800000,67.04100800,-91.34951019,66.85425568,-90.65317535
186.850000,67.04144287,-91.34970093,66.85475159,-90.65314484
186.900000,67.04188538,-91.34988403,66.85524750,-90.65310669
186.950000,67.04232025,-91.35006714,66.85575104,-90.65307617
187.000000,67.04275513,-91.35025024,66.85624695,-90.65304565
187.050000,67.04319000,-91.35043335,66.85674286,-90.65300751
187.100000,67.04363251,-91.35061646,66.85723877,-90.65297699
187.150000,67.04406738,-91.35079956,66.85774231,-90.65293884
187.200000,67.04450226,-91.35098267,66.85823822,-90.65290833
187.250000,67.04493713,-91.35117340,66.85873413,-90.65287018
187.300000,67.04537964,-91.35135651,66.85923767,-90.65283966
187.350000,67.04581451,-91.35153961,66.85973358,-90.65280151
187.400000,67.04624939,-91.35172272,66.86022949,-90.65277100
187.450000,67.04668427,-91.35190582,66.86072540,-90.65274048
187.500000,67.04711914,-91.35208893,66.86122131,-90.65270233
187.550000,67.04756165,-91.35227203,66.86172485,-90.65267181
187.600000,67.04799652,-91.35245514,66.86222076,-90.65263367
187.650000,67.04843140,-91.35263824,66.86271667,-90.65260315
187.700000,67.04886627,-91.35282898,66.86321259,-90.65256500
187.750000,67.04930115,-91.35301208,66.86371613,-90.65253448
187.800000,67.04973602,-91.35319519,66.86421204,-90.65249634
187.850000,67.05017090,-91.35337830,66.86470795,-90.65246582
187.900000,67.05060577,-91.35356140,66.86520386,-90.65243530
187.950000,67.05104828,-91.35374451,66.86569977,-90.65239716
188.000000,67.05148315,-91.35392761,66.86619568,-90.65236664
188.050000,67.05191803,-91.35411072,66.86669159,-90.65232849
188.100000,67.05235291,-91.35429382,66.86719513,-90.65229797
188.150000,67.05278778,-91.35448456,66.86769104,-90.65225983
188.200000,67.05322266,-91.35466766,66.86818695,-90.65222931
188.250000,67.05365753,-91.35485077,66.86868286,-90.65219116
188.300000,67.05409241,-91.35503387,66.86917877,-90.65216064
188.350000,67.05452728,-91.35521698,66.86967468,-90.65212250
188.400000,67.05496216,-91.35540009,66.87017059,-90.65209198
188.450000,67.05539703,-91.35558319,66.87066650,-90.65206146
188.500000,67.05583191,-91.35576630,66.87116241,-90.65202332
188.550000,67.05626678,-91.35594940,66.87165833,-90.65199280
188.600000,67.05670166,-91.35614014,66.87216187,-90.65195465
188.650000,67.05713654,-91.35632324,66.87265778,-90.65192413
188.700000,67.05757141,-91.35650635,66.87315369,-90.65188599
188.750000,67.05800629,-91.35668945,66.87364960,-90.65185547
188.800000,67.05844116,-91.35687256,66.87414551,-90.65181732
188.850000,67.05887604,-91.35705566,66.87464142,-90.65178680
188.900000,67.05931091,-91.35723877,66.87513733,-90.65174866
188.950000,67.05974579,-91.35742188,66.87563324,-90.65171814
189.000000,67.06018066,-91.35761261,66.87612915,-90.65167999
189.050000,67.06061554,-91.35779572,66.87662506,-90.65164948
189.100000,67.06105042,-91.35797882,66.87712097,-90.65161896
189.150000,67.06148529,-91.35816193,66.87761688,-90.65158081
189.200000,67.06192017,-91.35834503,66.87811279,-90.65155029
189.250000,67.06235504,-91.35852814,66.87860870,-90.65151215
189.300000,67.06278992,-91.35871124,66.87909698,-90.65148163
189.350000,67.06322479,-91.35889435,66.87959290,-90.65144348
189.400000,67.06365967,-91.35908508,66.88008881,-90.65141296
189.450000,67.06409454,-91.35926819,66.88058472,-90.65137482
189.500000,67.06452942,-91.35945129,66.88108063,-90.65134430
189.550000,67.06495667,-91.35963440,66.88157654,-90.65130615
189.600000,67.06539154,-91.35981750,66.88207245,-90.65127563
189.650000,67.06582642,-91.36000061,66.88256836,-90.65124512
189.700000,67.06626129,-91.36018372,66.88306427,-90.65120697
189.750000,67.06669617,-91.36036682,66.88356018,-90.65117645
189.800000,67.06713104,-91.36054993,66.88405609,-90.65113831
189.850000,67.06756592,-91.36074066,66.88454437,-90.65110779
189.900000,67.06800079,-91.36092377,66.88504028,-90.65106964
189.950000,67.06842804,-91.36110687,66.88553619,-90.65103912
190.000000,67.06886292,-91.36128998,66.88603210,-90.65100098
190.050000,67.06929779,-91.36147308,66.88652802,-90.65097046
190.100000,67.06973267,-91.36165619,66.88702393,-90.65093231
190.150000,67.07016754,-91.36183929,66.88751221,-90.65090179
190.200000,67.07060242,-91.36202240,66.88800812,-90.65086365
190.250000,67.07102966,-91.36220551,66.88850403,-90.65083313
190.300000,67.07146454,-91.36239624,66.88899994,-90.65080261
190.350000,67.07189941,-91.36257935,66.88949585,-90.65076447
190.400000,67.07233429,-91.36276245,66.88998413,-90.65073395
190.450000,67.07276154,-91.36294556,66.89048004,-90.65069580
190.500000,67.07319641,-91.36312866,66.89097595,-90.65066528
190.550000,67.07363129,-91.36331177,66.89147186,-90.65062714
190.600000,67.07406616,-91.36349487,66.89196014,-90.65059662
190.650000,67.07449341,-91.36367798,66.89245605,-90.65055847
190.700000,67.07492828,-91.36386108,66.89295197,-90.65052795
190.750000,67.07536316,-91.36405182,66.89344788,-90.65048981
190.800000,67.07579803,-91.36423492,66.89393616,-90.65045929
190.850000,67.07622528,-91.36441803,66.89443207,-90.65042114
190.900000,67.07666016,-91.36460114,66.89492798,-90.65039062
190.950000,67.07709503,-91.36478424,66.89541626,-90.65036011
191.000000,67.07752228,-91.36496735,66.89591217,-90.65032196
191.050000,67.07795715,-91.36515045,66.89640808,-90.65028381
191.100000,67.07839203,-91.36533356,66.89690399,-90.65025330
191.150000,67.07881927,-91.36552429,66.89739227,-90.65022278
191.200000,67.07925415,-91.36570740,66.89788818,-90.65018463
191.250000,67.07968903,-91.36589050,66.89837646,-90.65015411
191.300000,67.08011627,-91.36607361,66.89887238,-90.65011597
191.350000,67.08055115,-91.36625671,66.89936829,-90.65008545
191.400000,67.08098602,-91.36643982,66.89985657,-90.65004730
191.450000,67.08141327,-91.36662292,66.90035248,-90.65001678
191.500000,67.08184814,-91.36680603,66.90084839,-90.64997864
191.550000,67.08228302,-91.36699677,66.90133667,-90.64994812
191.600000,67.08271027,-91.36717987,66.90183258,-90.64990997
191.650000,67.08314514,-91.36736298,66.90232086,-90.64987946
191.700000,67.08357239,-91.36754608,66.90281677,-90.64984131
191.750000,67.08400726,-91.36772919,66.90330505,-90.64981079
191.800000,67.08444214,-91.36791229,66.90380096,-90.64978027
191.850000,67.08486938,-91.36809540,66.90429687,-90.64974213
191.900000,67.08530426,-91.36827850,66.90478516,-90.64971161
191.950000,67.08573151,-91.36846161,66.90528107,-90.64967346
192.000000,67.08616638,-91.36864471,66.90576935,-90.64964294
192.050000,67.08659363,-91.36883545,66.90626526,-90.64960480
192.100000,67.08702850,-91.36901855,66.90675354,-90.64957428
192.150000,67.08745575,-91.36920166,66.90724945,-90.64953613
192.200000,67.08789063,-91.36938477,66.90773773,-90.64950562
192.250000,67.08832550,-91.36956787,66.90823364,-90.64946747
192.300000,67.08875275,-91.36975098,66.90872192,-90.64943695
192.350000,67.08917999,-91.36993408,66.90921783,-90.64939880
192.400000,67.08961487,-91.37011719,66.90970612,-90.64936829
192.450000,67.09004974,-91.37030792,66.91020203,-90.64933014
192.500000,67.09047699,-91.37049103,66.91069031,-90.64929962
192.550000,67.09091187,-91.37067413,66.91118622,-90.64926147
192.600000,67.09133911,-91.37085724,66.91167450,-90.64923096
192.650000,67.09176636,-91.37104034,66.91216278,-90.64919281
192.700000,67.09220123,-91.37122345,66.91265869,-90.64916229
192.750000,67.09262848,-91.37140656,66.91314697,-90.64913177
192.800000,67.09306335,-91.37158966,66.91364288,-90.64909363
192.850000,67.09349060,-91.37178040,66.91413116,-90.64905548
192.900000,67.09392548,-91.37196350,66.91462708,-90.64902496
192.950000,67.09435272,-91.37214661,66.91511536,-90.64899445
193.000000,67.09477997,-91.37232971,66.91560364,-90.64895630
193.050000,67.09521484,-91.37251282,66.91609955,-90.64892578
193.100000,67.09564209,-91.37269592,66.91658783,-90.64888763
193.150000,67.09607697,-91.37287903,66.91707611,-90.64885712
193.200000,67.09650421,-91.37306213,66.91757202,-90.64881897
193.250000,67.09693146,-91.37324524,66.91806030,-90.64878845
193.300000,67.09736633,-91.37343597,66.91854858,-90.64875031
193.350000,67.09779358,-91.37361908,66.91904449,-90.64871979
193.400000,67.09822845,-91.37380219,66.91953278,-90.64868164
193.450000,67.09865570,-91.37398529,66.92002106,-90.64865112
193.500000,67.09908295,-91.37416840,66.92051697,-90.64861298
193.550000,67.09951782,-91.37435150,66.92100525,-90.64858246
193.600000,67.09994507,-91.37453461,66.92149353,-90.64854431
193.650000,67.10037231,-91.37471771,66.92198944,-90.64851379
193.700000,67.10080719,-91.37490082,66.92247772,-90.64847565
193.750000,67.10123444,-91.37509155,66.92296600,-90.64844513
193.800000,67.10166168,-91.37527466,66.92345428,-90.64840698
193.850000,67.10209656,-91.37545776,66.92395020,-90.64837646
193.900000,67.10252380,-91.37564087,66.92443848,-90.64833832
193.950000,67.10295105,-91.37582397,66.92492676,-90.64830780
194.000000,67.10338593,-91.37600708,66.92541504,-90.64826965
194.050000,67.10381317,-91.37619019,66.92591095,-90.64823914
194.100000,67.10424042,-91.37637329,66.92639923,-90.64820099
194.150000,67.10466766,-91.37655640,66.92688751,-90.64817047
194.200000,67.10510254,-91.37674713,66.92737579,-90.64813232
194.250000,67.10552979,-91.37693024,66.92786407,-90.64810181
194.300000,67.10595703,-91.37711334,66.92835999,-90.64807129
194.350000,67.10638428,-91.37729645,66.92884827,-90.64803314
194.400000,67.10681152,-91.37747955,66.92933655,-90.64800262
194.450000,67.10724640,-91.37766266,66.92982483,-90.64796448
194.500000,67.10767365,-91.37784576,66.93031311,-90.64793396
194.550000,67.10810089,-91.37802887,66.93080902,-90.64789581
194.600000,67.10852814,-91.37821960,66.93129730,-90.64786530
194.650000,67.10896301,-91.37840271,66.93178558,-90.64782715
194.700000,67.10939026,-91.37858582,66.93227386,-90.64779663
194.750000,67.10981750,-91.37876892,66.93276215,-90.64775848
194.800000,67.11024475,-91.37895203,66.93325043,-90.64772797
194.850000,67.11067200,-91.37913513,66.93373871,-90.64768982
194.900000,67.11109924,-91.37931824,66.93422699,-90.64765930
194.950000,67.11153412,-91.37950134,66.93471527,-90.64762115
195.000000,67.11196136,-91.37968445,66.93520355,-90.64759064
195.050000,67.11238861,-91.37987518,66.93569946,-90.64755249
195.100000,67.11281586,-91.38005829,66.93618774,-90.64752197
195.150000,67.11324310,-91.38024139,66.93667603,-90.64748383
195.200000,67.11367035,-91.38042450,66.93716431,-90.64745331
195.250000,67.11409760,-91.38060760,66.93765259,-90.64741516
195.300000,67.11452484,-91.38079071,66.93814087,-90.64738464
195.350000,67.11495972,-91.38097382,66.93862915,-90.64734650
195.400000,67.11538696,-91.38115692,66.93911743,-90.64731598
195.450000,67.11581421,-91.38134003,66.93960571,-90.64727783
195.500000,67.11624146,-91.38153076,66.94009399,-90.64724731
195.550000,67.11666870,-91.38171387,66.94058228,-90.64720917
195.600000,67.11709595,-91.38189697,66.94107056,-90.64717865
195.650000,67.11752319,-91.38208008,66.94155884,-90.64714050
195.700000,67.11795044,-91.38226318,66.94204712,-90.64710999
195.750000,67.11837769,-91.38244629,66.94253540,-90.64707184
195.800000,67.11880493,-91.38262939,66.94302368,-90.64704132
195.850000,67.11923218,-91.38281250,66.94351196,-90.64700317
195.900000,67.11965942,-91.38299561,66.94400024,-90.64697266
195.950000,67.12008667,-91.38318634,66.94448853,-90.64693451
196.000000,67.12051392,-91.38336945,66.94496918,-90.64690399
196.050000,67.12094116,-91.38355255,66.94545746,-90.64686584
196.100000,67.12136841,-91.38373566,66.94594574,-90.64683533
196.150000,67.12179565,-91.38391876,66.94643402,-90.64679718
196.200000,67.12222290,-91.38410187,66.94692230,-90.64676666
196.250000,67.12265015,-91.38428497,66.94741058,-90.64672852
196.300000,67.12307739,-91.38446808,66.94789886,-90.64669800
196.350000,67.12350464,-91.38465118,66.94838715,-90.64665985
196.400000,67.12393188,-91.38484192,66.94887543,-90.64662933
196.450000,67.12435913,-91.38502502,66.94935608,-90.64659119
196.500000,67.12478638,-91.38520813,66.94984436,-90.64656067
196.550000,67.12521362,-91.38539124,66.95033264,-90.64652252
196.600000,67.12564087,-91.38557434,66.95082092,-90.64649200
196.650000,67.12606812,-91.38575745,66.95130920,-90.64645386
196.700000,67.12649536,-91.38594055,66.95179749,-90.64642334
196.750000,67.12692261,-91.38612366,66.95227814,-90.64638519
196.800000,67.12734985,-91.38631439,66.95276642,-90.64635468
196.850000,67.12776947,-91.38649750,66.95325470,-90.64631653
196.900000,67.12819672,-91.38668060,66.95374298,-90.64628601
196.950000,67.12862396,-91.38686371,66.95423126,-90.64624786
197.000000,67.12905121,-91.38704681,66.95471954,-90.64621735
197.050000,67.12947845,-91.38722992,66.95520020,-90.64617920
197.100000,67.12990570,-91.38741302,66.95568848,-90.64614868
197.150000,67.13033295,-91.38759613,66.95617676,-90.64611053
197.200000,67.13075256,-91.38777924,66.95666504,-90.64608002
197.250000,67.13117981,-91.38796997,66.95714569,-90.64604187
197.300000,67.13160706,-91.38815308,66.95763397,-90.64601135
197.350000,67.13203430,-91.38833618,66.95812225,-90.64597321
197.400000,67.13246155,-91.38851929,66.95860291,-90.64594269
197.450000,67.13288879,-91.38870239,66.95909119,-90.64590454
197.500000,67.13330841,-91.38888550,66.95957947,-90.64587402
197.550000,67.13373566,-91.38906860,66.96006775,-90.64583588
197.600000,67.13416290,-91.38925171,66.96054840,-90.64580536
197.650000,67.13459015,-91.38943481,66.96103668,-90.64576721
197.700000,67.13500977,-91.38962555,66.96152496,-90.64573669
197.750000,67.13543701,-91.38980865,66.96200562,-90.64569855
197.800000,67.13586426,-91.38999176,66.96249390,-90.64566803
197.850000,67.13629150,-91.39017487,66.96298218,-90.64562988
197.900000,67.13671875,-91.39035797,66.96346283,-90.64559937
197.950000,67.13713837,-91.39054108,66.96395111,-90.64556122
198.000000,67.13756561,-91.39072418,66.96443939,-90.64553070
198.050000,67.13799286,-91.39090729,66.96492004,-90.64549255
198.100000,67.13842010,-91.39109039,66.96540833,-90.64546204
198.150000,67.13883972,-91.39127350,66.96588898,-90.64542389
198.200000,67.13926697,-91.39146423,66.96637726,-90.64539337
198.250000,67.13969421,-91.39164734,66.96686554,-90.64535522
198.300000,67.14011383,-91.39183044,66.96734619,-90.64532471
198.350000,67.14054108,-91.39201355,66.96783447,-90.64528656
198.400000,67.14096832,-91.39219666,66.96831512,-90.64524841
198.450000,67.14138794,-91.39237976,66.96880341,-90.64521790
198.500000,67.14181519,-91.39256287,66.96928406,-90.64518738
198.550000,67.14224243,-91.39274597,66.96977234,-90.64514923
198.600000,67.14266205,-91.39292908,66.97025299,-90.64511108
198.650000,67.14308929,-91.39311981,66.97074127,-90.64508057
198.700000,67.14351654,-91.39330292,66.97122955,-90.64504242
198.750000,67.14393616,-91.39348602,66.97171021,-90.64501190
198.800000,67.14436340,-91.39366913,66.97219849,-90.64497375
198.850000,67.14479065,-91.39385223,66.97267914,-90.64494324
198.900000,67.14521027,-91.39403534,66.97315979,-90.64490509
198.950000,67.14563751,-91.39421844,66.97364807,-90.64487457
199.000000,67.14606476,-91.39440155,66.97412872,-90.64483643
199.050000,67.14648438,-91.39459229,66.97461700,-90.64480591
199.100000,67.14691162,-91.39477539,66.97509766,-90.64476776
199.150000,67.14733124,-91.39495850,66.97558594,-90.64473724
199.200000,67.14775848,-91.39514160,66.97606659,-90.64469910
199.250000,67.14817810,-91.39532471,66.97655487,-90.64466858
199.300000,67.14860535,-91.39550781,66.97703552,-90.64463043
199.350000,67.14903259,-91.39569092,66.97752380,-90.64459991
199.400000,67.14945221,-91.39587402,66.97800446,-90.64456177
199.450000,67.14987946,-91.39605713,66.97849274,-90.64453125
199.500000,67.15029907,-91.39624786,66.97897339,-90.64449310
199.550000,67.15072632,-91.39643097,66.97945404,-90.64446259
199.600000,67.15114594,-91.39661407,66.97994232,-90.64442444
199.650000,67.15157318,-91.39679718,66.98042297,-90.64439392
199.700000,67.15199280,-91.39698029,66.98091125,-90.64435577
199.750000,67.15242004,-91.39716339,66.98139191,-90.64432526
199.800000,67.15283966,-91.39734650,66.98187256,-90.64428711
199.850000,67.15326691,-91.39752960,66.98236084,-90.64425659
199.900000,67.15368652,-91.39771271,66.98284149,-90.64421844
199.950000,67.15411377,-91.39790344,66.98332214,-90.64418030
200.000000,67.15453339,-91.39808655,66.98381042,-90.64414978
200.050000,67.15496063,-91.39826965,66.98429108,-90.64411163
200.100000,67.15538025,-91.39845276,66.98477173,-90.64408112
200.150000,67.15580750,-91.39863586,66.98525238,-90.64404297
200.200000,67.15622711,-91.39881897,66.98574066,-90.64401245
200.250000,67.15664673,-91.39900208,66.98622131,-90.64397430
200.300000,67.15707397,-91.39918518,66.98670197,-90.64394379
200.350000,67.15749359,-91.39936829,66.98719025,-90.64390564
200.400000,67.15792084,-91.39955902,66.98767090,-90.64387512
200.450000,67.15834045,-91.39974213,66.98815155,-90.64383698
200.500000,67.15876770,-91.39992523,66.98863220,-90.64380646
200.550000,67.15918732,-91.40010834,66.98912048,-90.64376831
200.600000,67.15960693,-91.40029144,66.98960114,-90.64373779
200.650000,67.16003418,-91.40047455,66.99008179,-90.64369965
200.700000,67.16045380,-91.40065765,66.99056244,-90.64366150
200.750000,67.16088104,-91.40084076,66.99105072,-90.64363098
200.800000,67.16130066,-91.40102386,66.99153137,-90.64359283
200.850000,67.16172028,-91.40120697,66.99201202,-90.64356232
200.900000,67.16214752,-91.40139771,66.99249268,-90.64352417
200.950000,67.16256714,-91.40158081,66.99297333,-90.64349365
201.000000,67.16298676,-91.40176392,66.99346161,-90.64345551
201.050000,67.16340637,-91.40194702,66.99394226,-90.64342499
201.100000,67.16383362,-91.40213013,66.99442291,-90.64338684
201.150000,67.16425323,-91.40231323,66.99490356,-90.64335632
201.200000,67.16468048,-91.40249634,66.99538422,-90.64331818
201.250000,67.16510010,-91.40267944,66.99586487,-90.64328766
201.300000,67.16551971,-91.40286255,66.99635315,-90.64324951
201.350000,67.16593933,-91.40305328,66.99683380,-90.64321899
201.400000,67.16636658,-91.40323639,66.99731445,-90.64318085
201.450000,67.16678619,-91.40341949,66.99779510,-90.64315033
201.500000,67.16720581,-91.40360260,66.99827576,-90.64311218
201.550000,67.16762543,-91.40378571,66.99875641,-90.64308167
201.600000,67.16805267,-91.40396881,66.99923706,-90.64304352
201.650000,67.16847229,-91.40415192,66.99971771,-90.64300537
201.700000,67.16889191,-91.40433502,67.00019836,-90.64297485
201.750000,67.16931915,-91.40451813,67.00067902,-90.64293671
201.800000,67.16973877,-91.40470886,67.00115967,-90.64290619
201.850000,67.17015839,-91.40489197,67.00164795,-90.64286804
201.900000,67.17057800,-91.40507507,67.00212860,-90.64283752
201.950000,67.17099762,-91.40525818,67.00260925,-90.64279938
202.000000,67.17142487,-91.40544128,67.00308990,-90.64276886
202.050000,67.17184448,-91.40562439,67.00357056,-90.64273071
202.100000,67.17226410,-91.40580750,67.00405121,-90.64269257
202.150000,67.17268372,-91.40599060,67.00453186,-90.64266205
202.200000,67.17310333,-91.40617371,67.00501251,-90.64262390
202.250000,67.17352295,-91.40635681,67.00549316,-90.64259338
202.300000,67.17395020,-91.40654755,67.00597382,-90.64255524
202.350000,67.17436981,-91.40673065,67.00645447,-90.64252472
202.400000,67.17478943,-91.40691376,67.00693512,-90.64248657
202.450000,67.17520905,-91.40709686,67.00741577,-90.64245605
202.500000,67.17562866,-91.40727997,67.00789642,-90.64241791
202.550000,67.17604828,-91.40746307,67.00837708,-90.64238739
202.600000,67.17646790,-91.40764618,67.00885773,-90.64234924
202.650000,67.17689514,-91.40782928,67.00933838,-90.64231873
202.700000,67.17731476,-91.40801239,67.00981140,-90.64228058
202.750000,67.17773438,-91.40820312,67.01029205,-90.64224243
202.800000,67.17815399,-91.40838623,67.01077271,-90.64221191
202.850000,67.17857361,-91.40856934,67.01125336,-90.64217377
202.900000,67.17899323,-91.40875244,67.01173401,-90.64214325
202.950000,67.17941284,-91.40893555,67.01221466,-90.64210510
203.000000,67.17983246,-91.40911865,67.01269531,-90.64207458
203.050000,67.18025208,-91.40930176,67.01317596,-90.64203644
203.100000,67.18067169,-91.40948486,67.01365662,-90.64200592
203.150000,67.18109131,-91.40966797,67.01412964,-90.64196777
203.200000,67.18151093,-91.40985107,67.01461029,-90.64193726
203.250000,67.18193817,-91.41004181,67.01509094,-90.64189911
203.300000,67.18235779,-91.41022491,67.01557159,-90.64186096
203.350000,67.18277740,-91.41040802,67.01605225,-90.64183044
203.400000,67.18319702,-91.41059113,67.01653290,-90.64179230
203.450000,67.18361664,-91.41077423,67.01701355,-90.64176178
203.500000,67.18403625,-91.41095734,67.01748657,-90.64172363
203.550000,67.18445587,-91.41114044,67.01796722,-90.64169312
203.600000,67.18487549,-91.41132355,67.01844788,-90.64165497
203.650000,67.18529510,-91.41150665,67.01892853,-90.64162445
203.700000,67.18571472,-91.41169739,67.01940918,-90.64158630
203.750000,67.18612671,-91.41188049,67.01988220,-90.64154816
203.800000,67.18654633,-91.41206360,67.02036285,-90.64151764
203.850000,67.18696594,-91.41224670,67.02084351,-90.64148712
203.900000,67.18738556,-91.41242981,67.02132416,-90.64144897
203.950000,67.18780518,-91.41261292,67.02179718,-90.64141083
204.000000,67.18822479,-91.41279602,67.02227783,-90.64138031
204.050000,67.18864441,-91.41297913,67.02275848,-90.64134216
204.100000,67.18906403,-91.41316223,67.02323914,-90.64131165
204.150000,67.18948364,-91.41335297,67.02371216,-90.64127350
204.200000,67.18990326,-91.41353607,67.02419281,-90.64124298
204.250000,67.19032288,-91.41371918,67.02467346,-90.64120483
204.300000,67.19074249,-91.41390228,67.02514648,-90.64117432
204.350000,67.19116211,-91.41408539,67.02562714,-90.64113617
204.400000,67.19158173,-91.41426849,67.02610779,-90.64109802
204.450000,67.19199371,-91.41445160,67.02658081,-90.64106750
204.500000,67.19241333,-91.41463470,67.02706146,-90.64102936
204.550000,67.19283295,-91.41481781,67.02754211,-90.64099884
204.600000,67.19325256,-91.41500092,67.02801514,-90.64096069
204.650000,67.19367218,-91.41518402,67.02849579,-90.64093018
204.700000,67.19409180,-91.41537476,67.02897644,-90.64089203
204.750000,67.19451141,-91.41555786,67.02944946,-90.64085388
204.800000,67.19492340,-91.41574097,67.02993011,-90.64082336
204.850000,67.19534302,-91.41592407,67.03041077,-90.64079285
204.900000,67.19576263,-91.41610718,67.03088379,-90.64075470
204.950000,67.19618225,-91.41629028,67.03136444,-90.64071655
205.000000,67.19660187,-91.41647339,67.03183746,-90.64068604
205.050000,67.19701385,-91.41665649,67.03231812,-90.64064789
205.100000,67.19743347,-91.41683960,67.03279877,-90.64061737
205.150000,67.19785309,-91.41702271,67.03327179,-90.64057922
205.200000,67.19827271,-91.41721344,67.03375244,-90.64054108
205.250000,67.19869232,-91.41739655,67.03422546,-90.64051056
205.300000,67.19910431,-91.41757965,67.03470612,-90.64047241
205.350000,67.19952393,-91.41776276,67.03517914,-90.64044189
205.400000,67.19994354,-91.41794586,67.03565979,-90.64040375
205.450000,67.20036316,-91.41812897,67.03613281,-90.64037323
205.500000,67.20077515,-91.41831207,67.03661346,-90.64033508
205.550000,67.20119476,-91.41849518,67.03708649,-90.64030457
205.600000,67.20161438,-91.41867828,67.03756714,-90.64026642
205.650000,67.20203400,-91.41886902,67.03804016,-90.64022827
205.700000,67.20244598,-91.41905212,67.03852081,-90.64019775
205.750000,67.20286560,-91.41923523,67.03899384,-90.64015961
205.800000,67.20328522,-91.41941833,67.03947449,-90.64012909
205.850000,67.20369720,-91.41960144,67.03994751,-90.64009094
205.900000,67.20411682,-91.41978455,67.04042816,-90.64006042
205.950000,67.20453644,-91.41996765,67.04090118,-90.64002228
206.000000,67.20494843,-91.42015076,67.04138184,-90.63998413
206.050000,67.20536804,-91.42033386,67.04185486,-90.63995361
206.100000,67.20578766,-91.42051697,67.04233551,-90.63991547
206.150000,67.20619965,-91.42070770,67.04280853,-90.63988495
206.200000,67.20661926,-91.42089081,67.04328156,-90.63984680
206.250000,67.20703888,-91.42107391,67.04376221,-90.63981628
206.300000,67.20745087,-91.42125702,67.04423523,-90.63977814
206.350000,67.20787048,-91.42144012,67.04471588,-90.63973999
206.400000,67.20829010,-91.42162323,67.04518890,-90.63970947
206.450000,67.20870209,-91.42180634,67.04566193,-90.63967133
206.500000,67.20912170,-91.42198944,67.04614258,-90.63964081
206.550000,67.20953369,-91.42217255,67.04661560,-90.63960266
206.600000,67.20995331,-91.42235565,67.04709625,-90.63957214
206.650000,67.21037292,-91.42254639,67.04756927,-90.63953400
206.700000,67.21078491,-91.42272949,67.04804230,-90.63949585
206.750000,67.21120453,-91.42291260,67.04851532,-90.63946533
206.800000,67.21161652,-91.42309570,67.04899597,-90.63942719
206.850000,67.21203613,-91.42327881,67.04946899,-90.63939667
206.900000,67.21244812,-91.42346191,67.04994965,-90.63935852
206.950000,67.21286774,-91.42364502,67.05042267,-90.63932800
207.000000,67.21327972,-91.42382812,67.05089569,-90.63928986
207.050000,67.21369934,-91.42401123,67.05136871,-90.63925171
207.100000,67.21411896,-91.42420197,67.05184937,-90.63922119
207.150000,67.21453094,-91.42438507,67.05232239,-90.63918304
207.200000,67.21495056,-91.42456818,67.05279541,-90.63915253
207.250000,67.21536255,-91.42475128,67.05326843,-90.63911438
207.300000,67.21578217,-91.42493439,67.05374908,-90.63908386
207.350000,67.21619415,-91.42511749,67.05422211,-90.63904572
207.400000,67.21661377,-91.42530060,67.05469513,-90.63900757
207.450000,67.21702576,-91.42548370,67.05516815,-90.63897705
207.500000,67.21743774,-91.42566681,67.05564880,-90.63893890
207.550000,67.21785736,-91.42584991,67.05612183,-90.63890839
207.600000,67.21827698,-91.42603302,67.05659485,-90.63887024
207.650000,67.21868896,-91.42621613,67.05706787,-90.63883209
207.700000,67.21910095,-91.42640686,67.05754852,-90.63880157
207.750000,67.21952057,-91.42658997,67.05802155,-90.63876343
207.800000,67.21993256,-91.42677307,67.05849457,-90.63873291
207.850000,67.22035217,-91.42695618,67.05896759,-90.63869476
207.900000,67.22076416,-91.42713928,67.05944061,-90.63866425
207.950000,67.22118378,-91.42732239,67.05991364,-90.63862610
208.000000,67.22159576,-91.42750549,67.06039429,-90.63858795
208.050000,67.22200775,-91.42768860,67.06086731,-90.63855743
208.100000,67.22242737,-91.42787170,67.06134033,-90.63851929
208.150000,67.22283936,-91.42805481,67.06181335,-90.63848877
208.200000,67.22325897,-91.42824554,67.06228638,-90.63845062
208.250000,67.22367096,-91.42842865,67.06275940,-90.63841248
208.300000,67.22408295,-91.42861176,67.06323242,-90.63838196
208.350000,67.22450256,-91.42879486,67.06370544,-90.63834381
208.400000,67.22491455,-91.42897797,67.06418610,-90.63831329
208.450000,67.22532654,-91.42916107,67.06465912,-90.63827515
208.500000,67.22574615,-91.42934418,67.06513214,-90.63824463
208.550000,67.22615814,-91.42952728,67.06560516,-90.63820648
208.600000,67.22657013,-91.42971039,67.06607819,-90.63816833
208.650000,67.22698975,-91.42989349,67.06655121,-90.63813782
208.700000,67.22740173,-91.43007660,67.06702423,-90.63809967
208.750000,67.22781372,-91.43026733,67.06749725,-90.63806152
208.800000,67.22823334,-91.43045044,67.06797028,-90.63803101
208.850000,67.22864532,-91.43063354,67.06844330,-90.63799286
208.900000,67.22905731,-91.43081665,67.06891632,-90.63796234
208.950000,67.22947693,-91.43099976,67.06938934,-90.63792419
209.000000,67.22988892,-91.43118286,67.06986237,-90.63789368
209.050000,67.23030090,-91.43136597,67.07033539,-90.63785553
209.100000,67.23071289,-91.43154907,67.07080841,-90.63781738
209.150000,67.23113251,-91.43173218,67.07128143,-90.63778687
209.200000,67.23154449,-91.43191528,67.07175446,-90.63774872
209.250000,67.23195648,-91.43210602,67.07222748,-90.63771820
209.300000,67.23236847,-91.43228912,67.07270050,-90.63768005
209.350000,67.23278809,-91.43247223,67.07317352,-90.63764191
209.400000,67.23320007,-91.43265533,67.07364655,-90.63761139
209.450000,67.23361206,-91.43283844,67.07411957,-90.63757324
209.500000,67.23402405,-91.43302155,67.07459259,-90.63754272
209.550000,67.23443604,-91.43320465,67.07506561,-90.63750458
209.600000,67.23485565,-91.43338776,67.07553864,-90.63746643
209.650000,67.23526764,-91.43357086,67.07601166,-90.63743591
209.700000,67.23567963,-91.43375397,67.07648468,-90.63739777
209.750000,67.23609161,-91.43394470,67.07695007,-90.63736725
209.800000,67.23650360,-91.43412781,67.07742310,-90.63732910
209.850000,67.23692322,-91.43431091,67.07789612,-90.63729095
209.900000,67.23733521,-91.43449402,67.07836914,-90.63726044
209.950000,67.23774719,-91.43467712,67.07884216,-90.63722229
210.000000,67.23815918,-91.43486023,67.07931519,-90.63719177
210.050000,67.23857117,-91.43504333,67.07978821,-90.63715363
210.100000,67.23898315,-91.43522644,67.08026123,-90.63711548
210.150000,67.23939514,-91.43540955,67.08072662,-90.63708496
210.200000,67.23981476,-91.43559265,67.08119965,-90.63704681
210.250000,67.24022675,-91.43577576,67.08167267,-90.63701630
210.300000,67.24063873,-91.43595886,67.08214569,-90.63697815
210.350000,67.24105072,-91.43614960,67.08261871,-90.63694000
210.400000,67.24146271,-91.43633270,67.08309174,-90.63690948
210.450000,67.24187469,-91.43651581,67.08355713,-90.63687134
210.500000,67.24228668,-91.43669891,67.08403015,-90.63684082
210.550000,67.24269867,-91.43688202,67.08450317,-90.63680267
210.600000,67.24311066,-91.43706512,67.08497620,-90.63676453
210.650000,67.24352264,-91.43724823,67.08544922,-90.63673401
210.700000,67.24393463,-91.43743134,67.08591461,-90.63669586
210.750000,67.24434662,-91.43761444,67.08638763,-90.63666534
210.800000,67.24476624,-91.43779755,67.08686066,-90.63662720
210.850000,67.24517822,-91.43798828,67.08733368,-90.63658905
210.900000,67.24559021,-91.43817139,67.08779907,-90.63655853
210.950000,67.24600220,-91.43835449,67.08827209,-90.63652039
211.000000,67.24641418,-91.43853760,67.08874512,-90.63648987
211.050000,67.24682617,-91.43872070,67.08921051,-90.63645172
211.100000,67.24723816,-91.43890381,67.08968353,-90.63641357
211.150000,67.24765015,-91.43908691,67.09015656,-90.63638306
211.200000,67.24806213,-91.43927002,67.09062958,-90.63634491
211.250000,67.24847412,-91.43945312,67.09109497,-90.63630676
211.300000,67.24888611,-91.43963623,67.09156799,-90.63627625
211.350000,67.24929810,-91.43981934,67.09204102,-90.63623810
211.400000,67.24971008,-91.44000244,67.09250641,-90.63620758
211.450000,67.25012207,-91.44019318,67.09297943,-90.63616943
211.500000,67.25052643,-91.44037628,67.09345245,-90.63613892
211.550000,67.25093842,-91.44055939,67.09391785,-90.63610077
211.600000,67.25135040,-91.44074249,67.09439087,-90.63606262
211.650000,67.25176239,-91.44092560,67.09486389,-90.63603210
211.700000,67.25217438,-91.44110870,67.09532928,-90.63599396
211.750000,67.25258636,-91.44129181,67.09580231,-90.63595581
211.800000,67.25299835,-91.44147491,67.09626770,-90.63592529
211.850000,67.25341034,-91.44165802,67.09674072,-90.63588715
211.900000,67.25382233,-91.44184875,67.09720612,-90.63584900
211.950000,67.25423431,-91.44203186,67.09767914,-90.63581848
212.000000,67.25464630,-91.44221497,67.09815216,-90.63578033
212.050000,67.25505066,-91.44239807,67.09861755,-90.63574982
212.100000,67.25546265,-91.44258118,67.09909058,-90.63571167
212.150000,67.25587463,-91.44276428,67.09955597,-90.63567352
212.200000,67.25628662,-91.44294739,67.10002899,-90.63564301
212.250000,67.25669861,-91.44313049,67.10049438,-90.63560486
212.300000,67.25711060,-91.44331360,67.10096741,-90.63557434
212.350000,67.25752258,-91.44349670,67.10143280,-90.63553619
212.400000,67.25792694,-91.44367981,67.10190582,-90.63549805
212.450000,67.25833893,-91.44386292,67.10237122,-90.63546753
212.500000,67.25875092,-91.44405365,67.10284424,-90.63542938
212.550000,67.25916290,-91.44423676,67.10331726,-90.63539886
212.600000,67.25957489,-91.44441986,67.10378265,-90.63536072
212.650000,67.25998688,-91.44460297,67.10425568,-90.63532257
212.700000,67.26039124,-91.44478607,67.10472107,-90.63529205
212.750000,67.26080322,-91.44496918,67.10518646,-90.63525391
212.800000,67.26121521,-91.44515228,67.10565948,-90.63521576
212.850000,67.26162720,-91.44533539,67.10612488,-90.63518524
212.900000,67.26203918,-91.44551849,67.10659790,-90.63514709
212.950000,67.26244354,-91.44570160,67.10706329,-90.63511658
213.000000,67.26285553,-91.44588470,67.10753632,-90.63507843
213.050000,67.26326752,-91.44607544,67.10800171,-90.63504028
213.100000,67.26367950,-91.44625854,67.10847473,-90.63500977
213.150000,67.26408386,-91.44644165,67.10894012,-90.63497162
213.200000,67.26449585,-91.44662476,67.10940552,-90.63493347
213.250000,67.26490784,-91.44680786,67.10987854,-90.63490295
213.300000,67.26531219,-91.44699097,67.11034393,-90.63486481
213.350000,67.26572418,-91.44717407,67.11081696,-90.63483429
213.400000,67.26613617,-91.44735718,67.11128235,-90.63479614
213.450000,67.26654816,-91.44754028,67.11174774,-90.63475800
213.500000,67.26695251,-91.44772339,67.11222076,-90.63472748
213.550000,67.26736450,-91.44790649,67.11268616,-90.63468933
213.600000,67.26777649,-91.44809723,67.11315155,-90.63465118
213.650000,67.26818085,-91.44828033,67.11362457,-90.63462067
213.700000,67.26859283,-91.44846344,67.11408997,-90.63458252
213.750000,67.26900482,-91.44864655,67.11455536,-90.63454437
213.800000,67.26940918,-91.44882965,67.11502838,-90.63451385
213.850000,67.26982117,-91.44901276,67.11549377,-90.63447571
213.900000,67.27023315,-91.44919586,67.11595917,-90.63444519
213.950000,67.27063751,-91.44937897,67.11643219,-90.63440704
214.000000,67.27104950,-91.44956207,67.11689758,-90.63436890
214.050000,67.27146149,-91.44974518,67.11736298,-90.63433838
214.100000,67.27186584,-91.44992828,67.11783600,-90.63430023
214.150000,67.27227783,-91.45011139,67.11830139,-90.63426208
214.200000,67.27268219,-91.45030212,67.11876678,-90.63423157
214.250000,67.27309418,-91.45048523,67.11923218,-90.63419342
214.300000,67.27350616,-91.45066833,67.11969757,-90.63415527
214.350000,67.27391052,-91.45085144,67.12017059,-90.63412476
214.400000,67.27432251,-91.45103455,67.12063599,-90.63408661
214.450000,67.27472687,-91.45121765,67.12110138,-90.63405609
214.500000,67.27513885,-91.45140076,67.12156677,-90.63401794
214.550000,67.27554321,-91.45158386,67.12203979,-90.63397980
214.600000,67.27595520,-91.45176697,67.12250519,-90.63394928
214.650000,67.27636719,-91.45195007,67.12297058,-90.63391113
214.700000,67.27677155,-91.45213318,67.12343597,-90.63387299
214.750000,67.27718353,-91.45232391,67.12390137,-90.63384247
214.800000,67.27758789,-91.45250702,67.12437439,-90.63380432
214.850000,67.27799988,-91.45269012,67.12483978,-90.63376617
214.900000,67.27840424,-91.45287323,67.12530518,-90.63373566
214.950000,67.27881622,-91.45305634,67.12577057,-90.63369751
215.000000,67.27922058,-91.45323944,67.12623596,-90.63365936
215.050000,67.27963257,-91.45342255,67.12670135,-90.63362885
215.100000,67.28003693,-91.45360565,67.12717438,-90.63359070
215.150000,67.28044891,-91.45378876,67.12763977,-90.63356018
215.200000,67.28085327,-91.45397186,67.12810516,-90.63352203
215.250000,67.28126526,-91.45415497,67.12857056,-90.63348389
215.300000,67.28166962,-91.45433807,67.12903595,-90.63345337
215.350000,67.28208160,-91.45452881,67.12950134,-90.63341522
215.400000,67.28248596,-91.45471191,67.12996674,-90.63337708
215.450000,67.28289032,-91.45489502,67.13043213,-90.63334656
215.500000,67.28330231,-91.45507812,67.13089752,-90.63330841
215.550000,67.28370667,-91.45526123,67.13136292,-90.63327026
215.600000,67.28411865,-91.45544434,67.13183594,-90.63323975
215.650000,67.28452301,-91.45562744,67.13230133,-90.63320160
215.700000,67.28493500,-91.45581055,67.13276672,-90.63316345
215.750000,67.28533936,-91.45599365,67.13323212,-90.63313293
215.800000,67.28574371,-91.45617676,67.13369751,-90.63309479
215.850000,67.28615570,-91.45635986,67.13416290,-90.63306427
215.900000,67.28656006,-91.45654297,67.13462830,-90.63302612
215.950000,67.28697205,-91.45672607,67.13509369,-90.63298798
216.000000,67.28737640,-91.45691681,67.13555908,-90.63295746
216.050000,67.28778076,-91.45709991,67.13602448,-90.63291931
216.100000,67.28819275,-91.45728302,67.13648987,-90.63288116
216.150000,67.28859711,-91.45746613,67.13695526,-90.63285065
216.200000,67.28900146,-91.45764923,67.13742065,-90.63281250
216.250000,67.28941345,-91.45783234,67.13788605,-90.63277435
216.300000,67.28981781,-91.45801544,67.13835144,-90.63274384
216.350000,67.29022217,-91.45819855,67.13881683,-90.63270569
216.400000,67.29063416,-91.45838165,67.13928223,-90.63266754
216.450000,67.29103851,-91.45856476,67.13974762,-90.63263702
216.500000,67.29144287,-91.45874786,67.14020538,-90.63259888
216.550000,67.29185486,-91.45893860,67.14067078,-90.63256073
216.600000,67.29225922,-91.45912170,67.14113617,-90.63253021
216.650000,67.29266357,-91.45930481,67.14160156,-90.63249207
216.700000,67.29306793,-91.45948792,67.14206696,-90.63245392
216.750000,67.29347992,-91.45967102,67.14253235,-90.63242340
216.800000,67.29388428,-91.45985413,67.14299774,-90.63238525
216.850000,67.29428864,-91.46003723,67.14346313,-90.63234711
216.900000,67.29470062,-91.46022034,67.14392853,-90.63231659
216.950000,67.29510498,-91.46040344,67.14439392,-90.63227844
217.000000,67.29550934,-91.46058655,67.14485931,-90.63224030
217.050000,67.29591370,-91.46076965,67.14531708,-90.63220978
217.100000,67.29631805,-91.46095276,67.14578247,-90.63217163
217.150000,67.29673004,-91.46113586,67.14624786,-90.63213348
217.200000,67.29713440,-91.46131897,67.14671326,-90.63210297
217.250000,67.29753876,-91.46150970,67.14717865,-90.63206482
217.300000,67.29794312,-91.46169281,67.14763641,-90.63202667
217.350000,67.29835510,-91.46187592,67.14810181,-90.63199615
217.400000,67.29875946,-91.46205902,67.14856720,-90.63195801
217.450000,67.29916382,-91.46224213,67.14903259,-90.63191986
217.500000,67.29956818,-91.46242523,67.14949799,-90.63188934
217.550000,67.29997253,-91.46260834,67.14996338,-90.63185120
217.600000,67.30037689,-91.46279144,67.15042114,-90.63181305
217.650000,67.30078888,-91.46297455,67.15088654,-90.63178253
217.700000,67.30119324,-91.46315765,67.15135193,-90.63174438
217.750000,67.30159760,-91.46334076,67.15181732,-90.63170624
217.800000,67.30200195,-91.46352386,67.15227509,-90.63167572
217.850000,67.30240631,-91.46371460,67.15274048,-90.63163757
217.900000,67.30281067,-91.46389771,67.15320587,-90.63159943
217.950000,67.30321503,-91.46408081,67.15367126,-90.63156891
218.000000,67.30362701,-91.46426392,67.15412903,-90.63153076
218.050000,67.30403137,-91.46444702,67.15459442,-90.63149261
218.100000,67.30443573,-91.46463013,67.15505981,-90.63146210
218.150000,67.30484009,-91.46481323,67.15551758,-90.63142395
218.200000,67.30524445,-91.46499634,67.15598297,-90.63138580
218.250000,67.30564880,-91.46517944,67.15644836,-90.63135529
218.300000,67.30605316,-91.46536255,67.15690613,-90.63131714
218.350000,67.30645752,-91.46554565,67.15737152,-90.63127899
218.400000,67.30686188,-91.46572876,67.15783691,-90.63124847
218.450000,67.30726624,-91.46591187,67.15829468,-90.63121033
218.500000,67.30767059,-91.46610260,67.15876007,-90.63117218
218.550000,67.30807495,-91.46628571,67.15922546,-90.63114166
218.600000,67.30847931,-91.46646881,67.15968323,-90.63110352
218.650000,67.30889130,-91.46665192,67.16014862,-90.63106537
218.700000,67.30928802,-91.46683502,67.16061401,-90.63102722
218.750000,67.30969238,-91.46701813,67.16107178,-90.63099670
218.800000,67.31010437,-91.46720123,67.16153717,-90.63095856
218.850000,67.31050873,-91.46738434,67.16199493,-90.63092041
218.900000,67.31091309,-91.46756744,67.16246033,-90.63088989
218.950000,67.31131744,-91.46775055,67.16292572,-90.63085175
219.000000,67.31171417,-91.46793365,67.16338348,-90.63081360
219.050000,67.31212616,-91.46811676,67.16384888,-90.63078308
219.100000,67.31253052,-91.46829987,67.16430664,-90.63074493
219.150000,67.31293488,-91.46848297,67.16477203,-90.63070679
219.200000,67.31333160,-91.46867371,67.16523743,-90.63067627
219.250000,67.31373596,-91.46885681,67.16569519,-90.63063812
219.300000,67.31414032,-91.46903992,67.16616058,-90.63059998
219.350000,67.31454468,-91.46922302,67.16661835,-90.63056946
219.400000,67.31494904,-91.46940613,67.16708374,-90.63053131
219.450000,67.31535339,-91.46958923,67.16754150,-90.63049316
219.500000,67.31575775,-91.46977234,67.16800690,-90.63046265
219.550000,67.31616211,-91.46995544,67.16846466,-90.63042450
219.600000,67.31656647,-91.47013855,67.16893005,-90.63038635
219.650000,67.31697083,-91.47032166,67.16938782,-90.63035583
219.700000,67.31737518,-91.47050476,67.16985321,-90.63031769
219.750000,67.31777954,-91.47068787,67.17031097,-90.63027954
219.800000,67.31818390,-91.47087097,67.17077637,-90.63024902
219.850000,67.31858063,-91.47105408,67.17123413,-90.63021088
219.900000,67.31898499,-91.47124481,67.17169952,-90.63017273
219.950000,67.31938934,-91.47142792,67.17215729,-90.63013458
220.000000,67.31979370,-91.47161102,67.17261505,-90.63010406
220.050000,67.32019806,-91.47179413,67.17308044,-90.63006592
220.100000,67.32060242,-91.47197723,67.17353821,-90.63002777
220.150000,67.32100677,-91.47216034,67.17400360,-90.62999725
220.200000,67.32140350,-91.47234344,67.17446136,-90.62995911
220.250000,67.32180786,-91.47252655,67.17492676,-90.62992096
220.300000,67.32221222,-91.47270966,67.17538452,-90.62989044
220.350000,67.32261658,-91.47289276,67.17584229,-90.62985229
220.400000,67.32302094,-91.47307587,67.17630768,-90.62981415
220.450000,67.32341766,-91.47325897,67.17676544,-90.62977600
220.500000,67.32382202,-91.47344208,67.17723083,-90.62974548
220.550000,67.32422638,-91.47362518,67.17768860,-90.62970734
220.600000,67.32463074,-91.47381592,67.17814636,-90.62966919
220.650000,67.32503510,-91.47399902,67.17861176,-90.62963867
220.700000,67.32543182,-91.47418213,67.17906952,-90.62960052
220.750000,67.32583618,-91.47436523,67.17952728,-90.62956238
220.800000,67.32624054,-91.47454834,67.17999268,-90.62953186
220.850000,67.32664490,-91.47473145,67.18045044,-90.62949371
220.900000,67.32704163,-91.47491455,67.18090820,-90.62945557
220.950000,67.32744598,-91.47509766,67.18137360,-90.62941742
221.000000,67.32785034,-91.47528076,67.18183136,-90.62938690
221.050000,67.32825470,-91.47546387,67.18228912,-90.62934875
221.100000,67.32865143,-91.47564697,67.18274689,-90.62931061
221.150000,67.32905579,-91.47583008,67.18321228,-90.62928009
221.200000,67.32946014,-91.47601318,67.18367004,-90.62924194
221.250000,67.32985687,-91.47619629,67.18412781,-90.62920380
221.300000,67.33026123,-91.47638702,67.18459320,-90.62917328
221.350000,67.33066559,-91.47657013,67.18505096,-90.62913513
221.400000,67.33106995,-91.47675323,67.18550873,-90.62909698
221.450000,67.33146667,-91.47693634,67.18596649,-90.62906647
221.500000,67.33187103,-91.47711945,67.18643188,-90.62902832
221.550000,67.33227539,-91.47730255,67.18688965,-90.62899017
221.600000,67.33267212,-91.47748566,67.18734741,-90.62895203
221.650000,67.33307648,-91.47766876,67.18780518,-90.62892151
221.700000,67.33347321,-91.47785187,67.18826294,-90.62888336
221.750000,67.33387756,-91.47803497,67.18872833,-90.62884521
221.800000,67.33428192,-91.47821808,67.18918610,-90.62880707
221.850000,67.33467865,-91.47840118,67.18964386,-90.62877655
221.900000,67.33508301,-91.47858429,67.19010162,-90.62873840
221.950000,67.33548737,-91.47876740,67.19055939,-90.62870026
222.000000,67.33588409,-91.47895813,67.19102478,-90.62866974
222.050000,67.33628845,-91.47914124,67.19148254,-90.62863159
222.100000,67.33668518,-91.47932434,67.19194031,-90.62859344
222.150000,67.33708954,-91.47950745,67.19239807,-90.62855530
222.200000,67.33749390,-91.47969055,67.19285583,-90.62852478
222.250000,67.33789063,-91.47987366,67.19331360,-90.62848663
222.300000,67.33829498,-91.48005676,67.19377136,-90.62844849
222.350000,67.33869171,-91.48023987,67.19423676,-90.62841797
222.400000,67.33909607,-91.48042297,67.19469452,-90.62837982
222.450000,67.33949280,-91.48060608,67.19515228,-90.62834167
222.500000,67.33989716,-91.48078918,67.19561005,-90.62831116
222.550000,67.34030151,-91.48097229,67.19606781,-90.62827301
222.600000,67.34069824,-91.48115540,67.19652557,-90.62823486
222.650000,67.34110260,-91.48133850,67.19698334,-90.62819672
222.700000,67.34149933,-91.48152161,67.19744110,-90.62816620
222.750000,67.34190369,-91.48170471,67.19789886,-90.62812805
222.800000,67.34230042,-91.48189545,67.19835663,-90.62808990
222.850000,67.34270477,-91.48207855,67.19881439,-90.62805939
222.900000,67.34310150,-91.48226166,67.19927216,-90.62802124
222.950000,67.34350586,-91.48244476,67.19972992,-90.62798309
223.000000,67.34390259,-91.48262787,67.20018768,-90.62794495
223.050000,67.34430695,-91.48281097,67.20064545,-90.62791443
223.100000,67.34470367,-91.48299408,67.20110321,-90.62787628
223.150000,67.34510040,-91.48317719,67.20156097,-90.62783813
223.200000,67.34550476,-91.48336029,67.20201874,-90.62779999
223.250000,67.34590149,-91.48354340,67.20247650,-90.62776947
223.300000,67.34630585,-91.48372650,67.20293427,-90.62773132
223.350000,67.34670258,-91.48390961,67.20339203,-90.62769318
223.400000,67.34710693,-91.48409271,67.20384979,-90.62766266
223.450000,67.34750366,-91.48427582,67.20430756,-90.62762451
223.500000,67.34790802,-91.48446655,67.20476532,-90.62758636
223.550000,67.34830475,-91.48464966,67.20522308,-90.62754822
223.600000,67.34870148,-91.48483276,67.20568085,-90.62751770
223.650000,67.34910583,-91.48501587,67.20613861,-90.62747955
223.700000,67.34950256,-91.48519897,67.20659637,-90.62744141
223.750000,67.34990692,-91.48538208,67.20705414,-90.62740326
223.800000,67.35030365,-91.48556519,67.20751190,-90.62737274
223.850000,67.35070038,-91.48574829,67.20796967,-90.62733459
223.900000,67.35110474,-91.48593140,67.20842743,-90.62729645
223.950000,67.35150146,-91.48611450,67.20888519,-90.62726593
224.000000,67.35189819,-91.48629761,67.20933533,-90.62722778
224.050000,67.35230255,-91.48648071,67.20979309,-90.62718964
224.100000,67.35269928,-91.48666382,67.21025085,-90.62715149
224.150000,67.35310364,-91.48684692,67.21070862,-90.62711334
224.200000,67.35350037,-91.48703003,67.21116638,-90.62708282
224.250000,67.35389709,-91.48722076,67.21162415,-90.62704468
224.300000,67.35429382,-91.48739624,67.21208191,-90.62700653
224.350000,67.35469818,-91.48758698,67.21253204,-90.62697601
224.400000,67.35509491,-91.48777008,67.21298981,-90.62693787
224.450000,67.35549164,-91.48795319,67.21344757,-90.62689972
224.500000,67.35589600,-91.48813629,67.21390533,-90.62686157
224.550000,67.35629272,-91.48831940,67.21436310,-90.62683105
224.600000,67.35668945,-91.48850250,67.21482086,-90.62679291
224.650000,67.35708618,-91.48868561,67.21527100,-90.62675476
224.700000,67.35749054,-91.48886871,67.21572876,-90.62671661
224.750000,67.35788727,-91.48905182,67.21618652,-90.62668610
224.800000,67.35828400,-91.48923492,67.21664429,-90.62664795
224.850000,67.35868835,-91.48941803,67.21709442,-90.62660980
224.900000,67.35908508,-91.48960114,67.21755219,-90.62657166
224.950000,67.35948181,-91.48978424,67.21800995,-90.62654114
225.000000,67.35987854,-91.48996735,67.21846771,-90.62650299
225.050000,67.36028290,-91.49015045,67.21891785,-90.62646484
225.100000,67.36067963,-91.49033356,67.21937561,-90.62643433
225.150000,67.36107635,-91.49052429,67.21983337,-90.62639618
225.200000,67.36147308,-91.49070740,67.22029114,-90.62635803
225.250000,67.36186981,-91.49089050,67.22074127,-90.62631989
225.300000,67.36227417,-91.49107361,67.22119904,-90.62628937
225.350000,67.36267090,-91.49125671,67.22165680,-90.62625122
225.400000,67.36306763,-91.49143982,67.22210693,-90.62621307
225.450000,67.36346436,-91.49162292,67.22256470,-90.62617493
225.500000,67.36386108,-91.49180603,67.22302246,-90.62614441
225.550000,67.36425781,-91.49198914,67.22347260,-90.62610626
225.600000,67.36466217,-91.49217224,67.22393036,-90.62606812
225.650000,67.36505890,-91.49235535,67.22438812,-90.62602997
225.700000,67.36545563,-91.49253845,67.22483826,-90.62599945
225.750000,67.36585236,-91.49272156,67.22529602,-90.62596130
225.800000,67.36624908,-91.49290466,67.22575378,-90.62592316
225.850000,67.36664581,-91.49308777,67.22620392,-90.62588501
225.900000,67.36704254,-91.49327087,67.22666168,-90.62585449
225.950000,67.36743927,-91.49345398,67.22711945,-90.62581635
226.000000,67.36784363,-91.49363708,67.22756958,-90.62577820
226.050000,67.36824036,-91.49382782,67.22802734,-90.62574005
226.100000,67.36863708,-91.49401093,67.22847748,-90.62570953
226.150000,67.36903381,-91.49419403,67.22893524,-90.62567139
226.200000,67.36943054,-91.49437714,67.22939301,-90.62563324
226.250000,67.36982727,-91.49456024,67.22984314,-90.62559509
226.300000,67.37022400,-91.49474335,67.23030090,-90.62556458
226.350000,67.37062073,-91.49492645,67.23075104,-90.62552643
226.400000,67.37101746,-91.49510956,67.23120880,-90.62548828
226.450000,67.37141418,-91.49529266,67.23165894,-90.62545013
226.500000,67.37181091,-91.49547577,67.23211670,-90.62541962
226.550000,67.37220764,-91.49565887,67.23256683,-90.62538147
226.600000,67.37260437,-91.49584198,67.23302460,-90.62534332
226.650000,67.37300110,-91.49602509,67.23348236,-90.62530518
226.700000,67.37339783,-91.49620819,67.23393250,-90.62527466
226.750000,67.37379456,-91.49639130,67.23439026,-90.62523651
226.800000,67.37419128,-91.49657440,67.23484039,-90.62519836
226.850000,67.37458801,-91.49676514,67.23529816,-90.62516022
226.900000,67.37498474,-91.49694824,67.23574829,-90.62512970
226.950000,67.37538147,-91.49713135,67.23619843,-90.62509155
227.000000,67.37577820,-91.49731445,67.23665619,-90.62505341
227.050000,67.37617493,-91.49749756,67.23710632,-90.62501526
227.100000,67.37657166,-91.49768066,67.23756409,-90.62497711
227.150000,67.37696838,-91.49786377,67.23801422,-90.62494659
227.200000,67.37736511,-91.49804688,67.23847198,-90.62490845
227.250000,67.37776184,-91.49822998,67.23892212,-90.62487030
227.300000,67.37815857,-91.49841309,67.23937988,-90.62483215
227.350000,67.37855530,-91.49859619,67.23983002,-90.62480164
227.400000,67.37895203,-91.49877930,67.24028015,-90.62476349
227.450000,67.37934875,-91.49896240,67.24073792,-90.62472534
227.500000,67.37974548,-91.49914551,67.24118805,-90.62468719
227.550000,67.38014221,-91.49932861,67.24164581,-90.62464905
227.600000,67.38053894,-91.49951172,67.24209595,-90.62461853
227.650000,67.38093567,-91.49969482,67.24254608,-90.62458038
227.700000,67.38133240,-91.49987793,67.24300385,-90.62454224
227.750000,67.38172150,-91.50006104,67.24345398,-90.62450409
227.800000,67.38211823,-91.50024414,67.24391174,-90.62447357
227.850000,67.38251495,-91.50042725,67.24436188,-90.62443542
227.900000,67.38291168,-91.50061798,67.24481201,-90.62439728
227.950000,67.38330841,-91.50080109,67.24526978,-90.62435913
228.000000,67.38370514,-91.50098419,67.24571991,-90.62432861
228.050000,67.38410187,-91.50116730,67.24617004,-90.62429047
228.100000,67.38449097,-91.50135040,67.24662781,-90.62425232
228.150000,67.38488770,-91.50153351,67.24707794,-90.62421417
228.200000,67.38528442,-91.50171661,67.24752808,-90.62418365
228.250000,67.38568115,-91.50189972,67.24798584,-90.62414551
228.300000,67.38607788,-91.50208282,67.24843597,-90.62410736
228.350000,67.38647461,-91.50226593,67.24888611,-90.62406921
228.400000,67.38686371,-91.50244904,67.24933624,-90.62403107
228.450000,67.38726044,-91.50263214,67.24979401,-90.62400055
228.500000,67.38765717,-91.50281525,67.25024414,-90.62396240
228.550000,67.38805389,-91.50299835,67.25069427,-90.62392426
228.600000,67.38844299,-91.50318146,67.25115204,-90.62388611
228.650000,67.38883972,-91.50336456,67.25160217,-90.62384796
228.700000,67.38923645,-91.50354767,67.25205231,-90.62381744
228.750000,67.38963318,-91.50373077,67.25250244,-90.62377930
228.800000,67.39002991,-91.50391388,67.25295258,-90.62374115
228.850000,67.39041901,-91.50409698,67.25341034,-90.62370300
228.900000,67.39081573,-91.50428009,67.25386047,-90.62367249
228.950000,67.39121246,-91.50447083,67.25431061,-90.62363434
229.000000,67.39160919,-91.50465393,67.25476074,-90.62359619
229.050000,67.39199829,-91.50483704,67.25521088,-90.62355804
229.100000,67.39239502,-91.50502014,67.25566864,-90.62351990
229.150000,67.39279175,-91.50520325,67.25611877,-90.62348938
229.200000,67.39318085,-91.50538635,67.25656891,-90.62345123
229.250000,67.39357758,-91.50556946,67.25701904,-90.62341309
229.300000,67.39397430,-91.50575256,67.25746918,-90.62337494
229.350000,67.39436340,-91.50593567,67.25792694,-90.62334442
229.400000,67.39476013,-91.50611877,67.25837708,-90.62330627
229.450000,67.39515686,-91.50630188,67.25882721,-90.62326813
229.500000,67.39555359,-91.50648499,67.25927734,-90.62322998
229.550000,67.39594269,-91.50666809,67.25972748,-90.62319183
229.600000,67.39633942,-91.50685120,67.26017761,-90.62316132
229.650000,67.39672852,-91.50703430,67.26062775,-90.62312317
229.700000,67.39712524,-91.50721741,67.26107788,-90.62308502
229.750000,67.39752197,-91.50740051,67.26152802,-90.62304688
229.800000,67.39791107,-91.50758362,67.26197815,-90.62300873
229.850000,67.39830780,-91.50776672,67.26243591,-90.62297821
229.900000,67.39870453,-91.50794983,67.26288605,-90.62294006
229.950000,67.39909363,-91.50814056,67.26333618,-90.62290192
230.000000,67.39949036,-91.50831604,67.26378632,-90.62286377
230.050000,67.39988708,-91.50850677,67.26423645,-90.62282562
230.100000,67.40027618,-91.50868988,67.26468658,-90.62279510
230.150000,67.40067291,-91.50887299,67.26513672,-90.62275696
230.200000,67.40106201,-91.50905609,67.26558685,-90.62271881
230.250000,67.40145874,-91.50923920,67.26603699,-90.62268066
230.300000,67.40184784,-91.50942230,67.26648712,-90.62264252
230.350000,67.40224457,-91.50960541,67.26693726,-90.62261200
230.400000,67.40263367,-91.50978851,67.26738739,-90.62257385
230.450000,67.40303040,-91.50997162,67.26783752,-90.62253571
230.500000,67.40342712,-91.51015472,67.26828766,-90.62249756
230.550000,67.40381622,-91.51033783,67.26873779,-90.62245941
230.600000,67.40421295,-91.51052094,67.26918793,-90.62242889
230.650000,67.40460205,-91.51070404,67.26963806,-90.62239075
230.700000,67.40499878,-91.51088715,67.27008820,-90.62235260
230.750000,67.40538788,-91.51107025,67.27053833,-90.62231445
230.800000,67.40578461,-91.51125336,67.27098846,-90.62227631
230.850000,67.40617371,-91.51143646,67.27143860,-90.62224579
230.900000,67.40657043,-91.51161957,67.27188873,-90.62220764
230.950000,67.40695953,-91.51180267,67.27233887,-90.62216949
231.000000,67.40735626,-91.51198578,67.27278900,-90.62213135
231.050000,67.40774536,-91.51216888,67.27323914,-90.62210083
231.100000,67.40814209,-91.51235962,67.27368164,-90.62206268
231.150000,67.40853119,-91.51253510,67.27413177,-90.62202454
231.200000,67.40892792,-91.51272583,67.27458191,-90.62198639
231.250000,67.40931702,-91.51290894,67.27503204,-90.62194824
231.300000,67.40970612,-91.51309204,67.27548218,-90.62191010
231.350000,67.41010284,-91.51327515,67.27593231,-90.62187958
231.400000,67.41049194,-91.51345825,67.27638245,-90.62184143
231.450000,67.41088867,-91.51364136,67.27683258,-90.62180328
231.500000,67.41127777,-91.51382446,67.27728271,-90.62176514
231.550000,67.41167450,-91.51400757,67.27772522,-90.62172699
231.600000,67.41206360,-91.51419067,67.27817535,-90.62169647
231.650000,67.41246033,-91.51437378,67.27862549,-90.62165833
231.700000,67.41284943,-91.51455688,67.27907562,-90.62162018
231.750000,67.41323853,-91.51473999,67.27952576,-90.62158203
231.800000,67.41363525,-91.51492310,67.27997589,-90.62154388
231.850000,67.41402435,-91.51510620,67.28041840,-90.62150574
231.900000,67.41441345,-91.51528931,67.28086853,-90.62147522
231.950000,67.41481018,-91.51547241,67.28131866,-90.62143707
232.000000,67.41519928,-91.51565552,67.28176880,-90.62139893
232.050000,67.41558838,-91.51583862,67.28221893,-90.62136078
232.100000,67.41598511,-91.51602173,67.28266144,-90.62132263
232.150000,67.41637421,-91.51620483,67.28311157,-90.62129211
232.200000,67.41677094,-91.51638794,67.28356171,-90.62125397
232.250000,67.41716003,-91.51657104,67.28401184,-90.62121582
232.300000,67.41754913,-91.51675415,67.28445435,-90.62117767
232.350000,67.41794586,-91.51693726,67.28490448,-90.62113953
232.400000,67.41833496,-91.51712036,67.28535461,-90.62110901
232.450000,67.41872406,-91.51731110,67.28580475,-90.62107086
232.500000,67.41911316,-91.51749420,67.28624725,-90.62103271
232.550000,67.41950989,-91.51767731,67.28669739,-90.62099457
232.600000,67.41989899,-91.51786041,67.28714752,-90.62095642
232.650000,67.42028809,-91.51804352,67.28759003,-90.62091827
232.700000,67.42068481,-91.51822662,67.28804016,-90.62088776
232.750000,67.42107391,-91.51840973,67.28849030,-90.62084961
232.800000,67.42146301,-91.51859283,67.28893280,-90.62081146
232.850000,67.42185211,-91.51877594,67.28938293,-90.62077332
232.900000,67.42224884,-91.51895905,67.28983307,-90.62073517
232.950000,67.42263794,-91.51914215,67.29028320,-90.62069702
233.000000,67.42302704,-91.51932526,67.29072571,-90.62066650
233.050000,67.42341614,-91.51950836,67.29117584,-90.62062836
233.100000,67.42381287,-91.51969147,67.29161835,-90.62059021
233.150000,67.42420197,-91.51987457,67.29206848,-90.62055206
233.200000,67.42459106,-91.52005768,67.29251862,-90.62051392
233.250000,67.42498016,-91.52024078,67.29296112,-90.62047577
233.300000,67.42536926,-91.52042389,67.29341125,-90.62044525
233.350000,67.42576599,-91.52060699,67.29386139,-90.62040710
233.400000,67.42615509,-91.52079010,67.29430389,-90.62036896
233.450000,67.42654419,-91.52097321,67.29475403,-90.62033081
233.500000,67.42693329,-91.52115631,67.29519653,-90.62029266
233.550000,67.42732239,-91.52133942,67.29564667,-90.62025452
233.600000,67.42771149,-91.52152252,67.29608917,-90.62022400
233.650000,67.42810822,-91.52170563,67.29653931,-90.62018585
233.700000,67.42849731,-91.52188873,67.29698944,-90.62014771
233.750000,67.42888641,-91.52207184,67.29743195,-90.62010956
233.800000,67.42927551,-91.52225494,67.29788208,-90.62007141
233.850000,67.42966461,-91.52244568,67.29832458,-90.62003326
233.900000,67.43005371,-91.52262878,67.29877472,-90.62000275
233.950000,67.43044281,-91.52281189,67.29921722,-90.61996460
234.000000,67.43083954,-91.52299500,67.29966736,-90.61992645
234.050000,67.43122864,-91.52317810,67.30010986,-90.61988831
234.100000,67.43161774,-91.52336121,67.30056000,-90.61985016
234.150000,67.43200684,-91.52354431,67.30100250,-90.61981201
234.200000,67.43239594,-91.52372742,67.30145264,-90.61978149
234.250000,67.43278503,-91.52391052,67.30189514,-90.61974335
234.300000,67.43317413,-91.52409363,67.30234528,-90.61970520
234.350000,67.43356323,-91.52427673,67.30278778,-90.61966705
234.400000,67.43395233,-91.52445984,67.30323792,-90.61962891
234.450000,67.43434143,-91.52464294,67.30368042,-90.61959076
234.500000,67.43473053,-91.52482605,67.30413055,-90.61956024
234.550000,67.43511963,-91.52500916,67.30457306,-90.61952209
234.600000,67.43551636,-91.52519226,67.30502319,-90.61948395
234.650000,67.43590546,-91.52537537,67.30546570,-90.61944580
234.700000,67.43629456,-91.52555847,67.30590820,-90.61940765
234.750000,67.43668365,-91.52574158,67.30635834,-90.61936951
234.800000,67.43707275,-91.52592468,67.30680084,-90.61933136
234.850000,67.43746185,-91.52610779,67.30725098,-90.61930084
234.900000,67.43785095,-91.52629089,67.30769348,-90.61926270
234.950000,67.43824005,-91.52647400,67.30813599,-90.61922455
235.000000,67.43862915,-91.52665710,67.30858612,-90.61918640
235.050000,67.43901825,-91.52684021,67.30902863,-90.61914825
235.100000,67.43940735,-91.52702332,67.30947876,-90.61911011
235.150000,67.43979645,-91.52720642,67.30992126,-90.61907196
235.200000,67.44018555,-91.52738953,67.31036377,-90.61904144
235.250000,67.44056702,-91.52757263,67.31081390,-90.61900330
235.300000,67.44095612,-91.52775574,67.31125641,-90.61896515
235.350000,67.44134521,-91.52793884,67.31169891,-90.61892700
235.400000,67.44173431,-91.52812195,67.31214905,-90.61888885
235.450000,67.44212341,-91.52830505,67.31259155,-90.61885071
235.500000,67.44251251,-91.52848816,67.31303406,-90.61882019
235.550000,67.44290161,-91.52867126,67.31348419,-90.61878204
235.600000,67.44329071,-91.52885437,67.31392670,-90.61874390
235.650000,67.44367981,-91.52903748,67.31436920,-90.61870575
235.700000,67.44406891,-91.52922821,67.31481934,-90.61866760
235.750000,67.44445801,-91.52941132,67.31526184,-90.61862946
235.800000,67.44484711,-91.52959442,67.31570435,-90.61859131
235.850000,67.44523621,-91.52977753,67.31614685,-90.61855316
235.900000,67.44562531,-91.52996063,67.31659698,-90.61852264
235.950000,67.44600677,-91.53014374,67.31703949,-90.61848450
236.000000,67.44639587,-91.53032684,67.31748199,-90.61844635
236.050000,67.44678497,-91.53050995,67.31792450,-90.61840820
236.100000,67.44717407,-91.53069305,67.31837463,-90.61837006
236.150000,67.44756317,-91.53087616,67.31881714,-90.61833191
236.200000,67.44795227,-91.53105927,67.31925964,-90.61829376
236.250000,67.44833374,-91.53124237,67.31970215,-90.61825562
236.300000,67.44872284,-91.53142548,67.32015228,-90.61822510
236.350000,67.44911194,-91.53160858,67.32059479,-90.61818695
236.400000,67.44950104,-91.53179169,67.32103729,-90.61814880
236.450000,67.44989014,-91.53197479,67.32147980,-90.61811066
236.500000,67.45027924,-91.53215790,67.32192230,-90.61807251
236.550000,67.45066071,-91.53234100,67.32236481,-90.61803436
236.600000,67.45104980,-91.53252411,67.32281494,-90.61799622
236.650000,67.45143890,-91.53270721,67.32325745,-90.61796570
236.700000,67.45182800,-91.53289032,67.32369995,-90.61792755
236.750000,67.45221710,-91.53307343,67.32414246,-90.61788940
236.800000,67.45259857,-91.53325653,67.32458496,-90.61785126
236.850000,67.45298767,-91.53343964,67.32502747,-90.61781311
236.900000,67.45337677,-91.53362274,67.32547760,-90.61777496
236.950000,67.45376587,-91.53380585,67.32592010,-90.61773682
237.000000,67.45414734,-91.53398895,67.32636261,-90.61769867
237.050000,67.45453644,-91.53417206,67.32680511,-90.61766815
237.100000,67.45492554,-91.53435516,67.32724762,-90.61763000
237.150000,67.45531464,-91.53453827,67.32769012,-90.61759186
237.200000,67.45569611,-91.53472137,67.32813263,-90.61755371
237.250000,67.45608521,-91.53490448,67.32857513,-90.61751556
237.300000,67.45647430,-91.53508759,67.32901764,-90.61747742
237.350000,67.45685577,-91.53527069,67.32946014,-90.61743927
237.400000,67.45724487,-91.53545380,67.32991028,-90.61740112
237.450000,67.45763397,-91.53563690,67.33035278,-90.61737061
237.500000,67.45802307,-91.53582001,67.33079529,-90.61733246
237.550000,67.45840454,-91.53600311,67.33123779,-90.61729431
237.600000,67.45879364,-91.53618622,67.33168030,-90.61725616
237.650000,67.45918274,-91.53637695,67.33212280,-90.61721802
237.700000,67.45956421,-91.53655243,67.33256531,-90.61717987
237.750000,67.45995331,-91.53673553,67.33300781,-90.61714172
237.800000,67.46034241,-91.53691864,67.33345032,-90.61710358
237.850000,67.46072388,-91.53710938,67.33389282,-90.61706543
237.900000,67.46111298,-91.53729248,67.33433533,-90.61703491
237.950000,67.46149445,-91.53747559,67.33477783,-90.61699677
238.000000,67.46188354,-91.53765869,67.33522034,-90.61695862
238.050000,67.46227264,-91.53784180,67.33566284,-90.61692047
238.100000,67.46265411,-91.53802490,67.33610535,-90.61688232
238.150000,67.46304321,-91.53820801,67.33654785,-90.61684418
238.200000,67.46343231,-91.53839111,67.33699036,-90.61680603
238.250000,67.46381378,-91.53857422,67.33743286,-90.61676788
238.300000,67.46420288,-91.53875732,67.33787537,-90.61673737
238.350000,67.46458435,-91.53894043,67.33831024,-90.61669922
238.400000,67.46497345,-91.53912354,67.33875275,-90.61666107
238.450000,67.46535492,-91.53930664,67.33919525,-90.61662292
238.500000,67.46574402,-91.53948975,67.33963776,-90.61658478
238.550000,67.46613312,-91.53967285,67.34008026,-90.61654663
238.600000,67.46651459,-91.53985596,67.34052277,-90.61650848
238.650000,67.46690369,-91.54003906,67.34096527,-90.61647034
238.700000,67.46728516,-91.54022217,67.34140778,-90.61643219
238.750000,67.46767426,-91.54040527,67.34185028,-90.61639404
238.800000,67.46805573,-91.54058838,67.34229279,-90.61636353
238.850000,67.46844482,-91.54077148,67.34273529,-90.61632538
238.900000,67.46882629,-91.54095459,67.34317017,-90.61628723
238.950000,67.46921539,-91.54113770,67.34361267,-90.61624908
239.000000,67.46959686,-91.54132080,67.34405518,-90.61621094
239.050000,67.46998596,-91.54150391,67.34449768,-90.61617279
239.100000,67.47037506,-91.54168701,67.34494019,-90.61613464
239.150000,67.47075653,-91.54187012,67.34538269,-90.61609650
239.200000,67.47113800,-91.54205322,67.34581757,-90.61605835
239.250000,67.47152710,-91.54223633,67.34626007,-90.61602020
239.300000,67.47190857,-91.54241943,67.34670258,-90.61598206
239.350000,67.47229767,-91.54260254,67.34714508,-90.61595154
239.400000,67.47267914,-91.54278564,67.34758759,-90.61591339
239.450000,67.47306824,-91.54296875,67.34803009,-90.61587524
239.500000,67.47344971,-91.54315186,67.34846497,-90.61583710
239.550000,67.47383881,-91.54333496,67.34890747,-90.61579895
239.600000,67.47422028,-91.54351807,67.34934998,-90.61576080
239.650000,67.47460938,-91.54370117,67.34979248,-90.61572266
239.700000,67.47499084,-91.54388428,67.35022736,-90.61568451
239.750000,67.47537231,-91.54406738,67.35066986,-90.61564636
239.800000,67.47576141,-91.54425049,67.35111237,-90.61560822
239.850000,67.47614288,-91.54443359,67.35155487,-90.61557770
239.900000,67.47653198,-91.54461670,67.35198975,-90.61553955
239.950000,67.47691345,-91.54479980,67.35243225,-90.61550140
240.000000,67.47729492,-91.54498291,67.35287476,-90.61546326
240.050000,67.47768402,-91.54516602,67.35331726,-90.61542511
240.100000,67.47806549,-91.54534912,67.35375214,-90.61538696
240.150000,67.47845459,-91.54553223,67.35419464,-90.61534882
240.200000,67.47883606,-91.54571533,67.35463715,-90.61531067
240.250000,67.47921753,-91.54589844,67.35507202,-90.61527252
240.300000,67.47959900,-91.54608154,67.35551453,-90.61523438
240.350000,67.47998810,-91.54626465,67.35595703,-90.61519623
240.400000,67.48036957,-91.54644775,67.35639191,-90.61515808
240.450000,67.48075867,-91.54663086,67.35683441,-90.61512756
240.500000,67.48114014,-91.54681396,67.35727692,-90.61508942
240.550000,67.48152161,-91.54699707,67.35771179,-90.61505127
240.600000,67.48190308,-91.54718018,67.35815430,-90.61501312
240.650000,67.48229218,-91.54736328,67.35858917,-90.61497498
240.700000,67.48267365,-91.54754639,67.35903168,-90.61493683
240.750000,67.48305511,-91.54772949,67.35947418,-90.61489868
240.800000,67.48344421,-91.54791260,67.35990906,-90.61486053
240.850000,67.48382568,-91.54809570,67.36035156,-90.61482239
240.900000,67.48420715,-91.54827881,67.36079407,-90.61478424
240.950000,67.48458862,-91.54846191,67.36122894,-90.61474609
241.000000,67.48497772,-91.54864502,67.36167145,-90.61470795
241.050000,67.48535919,-91.54882812,67.36210632,-90.61466980
241.100000,67.48574066,-91.54901123,67.36254883,-90.61463928
241.150000,67.48612976,-91.54919434,67.36298370,-90.61460114
241.200000,67.48651123,-91.54937744,67.36342621,-90.61456299
241.250000,67.48689270,-91.54956055,67.36386871,-90.61452484
241.300000,67.48727417,-91.54974365,67.36430359,-90.61448669
241.350000,67.48765564,-91.54992676,67.36474609,-90.61444855
241.400000,67.48804474,-91.55010986,67.36518097,-90.61441040
241.450000,67.48842621,-91.55029297,67.36562347,-90.61437225
241.500000,67.48880768,-91.55047607,67.36605835,-90.61433411
241.550000,67.48918915,-91.55065918,67.36650085,-90.61429596
241.600000,67.48957825,-91.55084229,67.36693573,-90.61425781
241.650000,67.48995972,-91.55102539,67.36737823,-90.61421967
241.700000,67.49034119,-91.55120850,67.36781311,-90.61418152
241.750000,67.49072266,-91.55139160,67.36825562,-90.61414337
241.800000,67.49110413,-91.55157471,67.36869049,-90.61410522
241.850000,67.49148560,-91.55175781,67.36913300,-90.61406708
241.900000,67.49187469,-91.55194092,67.36956787,-90.61403656
241.950000,67.49225616,-91.55212402,67.37001038,-90.61399841
242.000000,67.49263763,-91.55230713,67.37044525,-90.61396027
242.050000,67.49301910,-91.55249023,67.37088776,-90.61392212
242.100000,67.49340057,-91.55267334,67.37132263,-90.61388397
242.150000,67.49378204,-91.55285645,67.37175751,-90.61384583
242.200000,67.49416351,-91.55303955,67.37220001,-90.61380768
242.250000,67.49454498,-91.55322266,67.37263489,-90.61376953
242.300000,67.49493408,-91.55340576,67.37307739,-90.61373138
242.350000,67.49531555,-91.55358887,67.37351227,-90.61369324
242.400000,67.49569702,-91.55377197,67.37395477,-90.61365509
242.450000,67.49607849,-91.55395508,67.37438965,-90.61361694
242.500000,67.49645996,-91.55413818,67.37482452,-90.61357880
242.550000,67.49684143,-91.55432129,67.37526703,-90.61354065
242.600000,67.49722290,-91.55450439,67.37570190,-90.61350250
242.650000,67.49760437,-91.55468750,67.37613678,-90.61346436
242.700000,67.49798584,-91.55487061,67.37657928,-90.61342621
242.750000,67.49836731,-91.55505371,67.37701416,-90.61339569
242.800000,67.49874878,-91.55523682,67.37744904,-90.61335754
242.850000,67.49913788,-91.55541992,67.37789154,-90.61331940
242.900000,67.49951172,-91.55560303,67.37832642,-90.61328125
242.950000,67.49990082,-91.55578613,67.37876129,-90.61324310
243.000000,67.50028229,-91.55596924,67.37920380,-90.61320496
243.050000,67.50066376,-91.55615234,67.37963867,-90.61316681
243.100000,67.50104523,-91.55633545,67.38007355,-90.61312866
243.150000,67.50142670,-91.55651855,67.38051605,-90.61309052
243.200000,67.50180817,-91.55670166,67.38095093,-90.61305237
243.250000,67.50218964,-91.55688477,67.38138580,-90.61301422
243.300000,67.50257111,-91.55706787,67.38182831,-90.61297607
243.350000,67.50295258,-91.55725098,67.38226318,-90.61293793
243.400000,67.50333405,-91.55743408,67.38269806,-90.61289978
243.450000,67.50371552,-91.55761719,67.38313293,-90.61286163
243.500000,67.50408936,-91.55780029,67.38357544,-90.61282349
243.550000,67.50447083,-91.55798340,67.38401031,-90.61278534
243.600000,67.50485229,-91.55816650,67.38444519,-90.61274719
243.650000,67.50523376,-91.55834961,67.38488007,-90.61270905
243.700000,67.50561523,-91.55853271,67.38532257,-90.61267090
243.750000,67.50599670,-91.55871582,67.38575745,-90.61263275
243.800000,67.50637817,-91.55889893,67.38619232,-90.61260223
243.850000,67.50675964,-91.55908203,67.38662720,-90.61256409
243.900000,67.50714111,-91.55926514,67.38706970,-90.61252594
243.950000,67.50752258,-91.55944824,67.38750458,-90.61248779
244.000000,67.50790405,-91.55963135,67.38793945,-90.61244965
244.050000,67.50828552,-91.55981445,67.38837433,-90.61241150
244.100000,67.50866699,-91.55999756,67.38880920,-90.61237335
244.150000,67.50904083,-91.56018066,67.38924408,-90.61233521
244.200000,67.50942230,-91.56036377,67.38968658,-90.61229706
244.250000,67.50980377,-91.56054688,67.39012146,-90.61225891
244.300000,67.51018524,-91.56072998,67.39055634,-90.61222076
244.350000,67.51056671,-91.56091309,67.39099121,-90.61218262
244.400000,67.51094818,-91.56109619,67.39142609,-90.61214447
244.450000,67.51132965,-91.56127930,67.39186096,-90.61210632
244.500000,67.51171112,-91.56146240,67.39229584,-90.61206818
244.550000,67.51208496,-91.56164551,67.39273834,-90.61203003
244.600000,67.51246643,-91.56182861,67.39317322,-90.61199188
244.650000,67.51284790,-91.56201172,67.39360809,-90.61195374
244.700000,67.51322937,-91.56219482,67.39404297,-90.61191559
244.750000,67.51361084,-91.56237793,67.39447784,-90.61187744
244.800000,67.51399231,-91.56256104,67.39491272,-90.61183929
244.850000,67.51436615,-91.56274414,67.39534760,-90.61180115
244.900000,67.51474762,-91.56292725,67.39578247,-90.61176300
244.950000,67.51512909,-91.56311035,67.39621735,-90.61172485
245.000000,67.51551056,-91.56329346,67.39665222,-90.61168671
245.050000,67.51588440,-91.56347656,67.39709473,-90.61164856
245.100000,67.51626587,-91.56365967,67.39752197,-90.61161041
245.150000,67.51664734,-91.56384277,67.39796448,-90.61157227
245.200000,67.51702881,-91.56402588,67.39839935,-90.61153412
245.250000,67.51741028,-91.56420898,67.39883423,-90.61149597
245.300000,67.51778412,-91.56439209,67.39926910,-90.61145782
245.350000,67.51816559,-91.56457520,67.39970398,-90.61141968
245.400000,67.51854706,-91.56475830,67.40013885,-90.61138153
245.450000,67.51892853,-91.56494141,67.40057373,-90.61134338
245.500000,67.51930237,-91.56512451,67.40100861,-90.61130524
245.550000,67.51968384,-91.56530762,67.40144348,-90.61127472
245.600000,67.52006531,-91.56549072,67.40187836,-90.61123657
245.650000,67.52043915,-91.56567383,67.40231323,-90.61119843
245.700000,67.52082062,-91.56585693,67.40274811,-90.61116028
245.750000,67.52120209,-91.56604004,67.40317535,-90.61112213
245.800000,67.52157593,-91.56622314,67.40361023,-90.61108398
245.850000,67.52195740,-91.56640625,67.40404510,-90.61104584
245.900000,67.52233887,-91.56658936,67.40447998,-90.61100769
245.950000,67.52272034,-91.56677246,67.40491486,-90.61096954
246.000000,67.52309418,-91.56695557,67.40534973,-90.61093140
246.050000,67.52347565,-91.56713867,67.40578461,-90.61089325
246.100000,67.52385712,-91.56732178,67.40621948,-90.61085510
246.150000,67.52423096,-91.56750488,67.40665436,-90.61081696
246.200000,67.52461243,-91.56768799,67.40708923,-90.61077881
246.250000,67.52498627,-91.56787109,67.40752411,-90.61074066
246.300000,67.52536774,-91.56805420,67.40795898,-90.61070251
246.350000,67.52574921,-91.56823730,67.40839386,-90.61066437
246.400000,67.52612305,-91.56842041,67.40882874,-90.61062622
246.450000,67.52650452,-91.56860352,67.40925598,-90.61058807
246.500000,67.52688599,-91.56878662,67.40969086,-90.61054993
246.550000,67.52725983,-91.56896210,67.41012573,-90.61051178
246.600000,67.52764130,-91.56914520,67.41056061,-90.61047363
246.650000,67.52801514,-91.56932831,67.41099548,-90.61043549
246.700000,67.52839661,-91.56951141,67.41143036,-90.61039734
246.750000,67.52877808,-91.56970215,67.41185760,-90.61035919
246.800000,67.52915192,-91.56987762,67.41229248,-90.61032104
246.850000,67.52953339,-91.57006073,67.41272736,-90.61028290
246.900000,67.52990723,-91.57024384,67.41316223,-90.61024475
246.950000,67.53028870,-91.57042694,67.41359711,-90.61020660
247.000000,67.53066254,-91.57061005,67.41403198,-90.61016846
247.050000,67.53104401,-91.57079315,67.41445923,-90.61013031
247.100000,67.53141785,-91.57097626,67.41489410,-90.61009216
247.150000,67.53179932,-91.57115936,67.41532898,-90.61005402
247.200000,67.53218079,-91.57134247,67.41576385,-90.61001587
247.250000,67.53255463,-91.57152557,67.41619110,-90.60997009
247.300000,67.53292847,-91.57170868,67.41662598,-90.60993958
247.350000,67.53330994,-91.57189178,67.41706085,-90.60990143
247.400000,67.53368378,-91.57207489,67.41749573,-90.60986328
247.450000,67.53406525,-91.57225800,67.41792297,-90.60981750
247.500000,67.53444672,-91.57244110,67.41835785,-90.60978699
247.550000,67.53482056,-91.57262421,67.41879272,-90.60974884
247.600000,67.53519440,-91.57280731,67.41922760,-90.60971069
247.650000,67.53557587,-91.57299042,67.41965485,-90.60966492
247.700000,67.53594971,-91.57317352,67.42008972,-90.60963440
247.750000,67.53633118,-91.57335663,67.42052460,-90.60959625
247.800000,67.53670502,-91.57353973,67.42095184,-90.60955048
247.850000,67.53708649,-91.57372284,67.42138672,-90.60951233
247.900000,67.53746033,-91.57390594,67.42182159,-90.60947418
247.950000,67.53784180,-91.57408905,67.42225647,-90.60943604
248.000000,67.53821564,-91.57427216,67.42268372,-90.60939789
248.050000,67.53858948,-91.57445526,67.42311859,-90.60935974
248.100000,67.53897095,-91.57463837,67.42355347,-90.60932159
248.150000,67.53934479,-91.57482147,67.42398071,-90.60928345
248.200000,67.53972626,-91.57500458,67.42441559,-90.60924530
248.250000,67.54010010,-91.57518768,67.42484283,-90.60920715
248.300000,67.54048157,-91.57537079,67.42527771,-90.60916901
248.350000,67.54085541,-91.57555389,67.42571259,-90.60913086
248.400000,67.54122925,-91.57573700,67.42613983,-90.60909271
248.450000,67.54161072,-91.57592010,67.42657471,-90.60905457
248.500000,67.54198456,-91.57610321,67.42700958,-90.60901642
248.550000,67.54235840,-91.57628632,67.42743683,-90.60897827
248.600000,67.54273987,-91.57646942,67.42787170,-90.60894012
248.650000,67.54311371,-91.57665253,67.42829895,-90.60890198
248.700000,67.54348755,-91.57683563,67.42873383,-90.60886383
248.750000,67.54386902,-91.57701874,67.42916107,-90.60882568
248.800000,67.54424286,-91.57720184,67.42959595,-90.60878754
248.850000,67.54462433,-91.57738495,67.43003082,-90.60874939
248.900000,67.54499817,-91.57756042,67.43045807,-90.60871124
248.950000,67.54537201,-91.57774353,67.43089294,-90.60867310
249.000000,67.54575348,-91.57793427,67.43132019,-90.60863495
249.050000,67.54612732,-91.57811737,67.43175507,-90.60859680
249.100000,67.54650116,-91.57830048,67.43218231,-90.60855865
249.150000,67.54687500,-91.57847595,67.43261719,-90.60852051
249.200000,67.54725647,-91.57865906,67.43304443,-90.60848236
249.250000,67.54763031,-91.57884216,67.43347931,-90.60844421
249.300000,67.54800415,-91.57902527,67.43390656,-90.60840607
249.350000,67.54837799,-91.57920837,67.43434143,-90.60836792
249.400000,67.54875946,-91.57939148,67.43476868,-90.60832977
249.450000,67.54913330,-91.57957458,67.43520355,-90.60829163
249.500000,67.54950714,-91.57975769,67.43563080,-90.60825348
249.550000,67.54988861,-91.57994080,67.43606567,-90.60821533
249.600000,67.55026245,-91.58012390,67.43649292,-90.60817719
249.650000,67.55063629,-91.58030701,67.43692780,-90.60813141
249.700000,67.55101013,-91.58049011,67.43735504,-90.60809326
249.750000,67.55138397,-91.58067322,67.43778992,-90.60805511
249.800000,67.55176544,-91.58085632,67.43821716,-90.60801697
249.850000,67.55213928,-91.58103943,67.43865204,-90.60797882
249.900000,67.55251312,-91.58122253,67.43907928,-90.60794067
249.950000,67.55288696,-91.58140564,67.43950653,-90.60790253
250.000000,67.55326843,-91.58158875,67.43994141,-90.60786438
250.050000,67.55364227,-91.58177185,67.44036865,-90.60782623
250.100000,67.55401611,-91.58195496,67.44080353,-90.60778809
250.150000,67.55438995,-91.58213806,67.44123077,-90.60774994
250.200000,67.55476379,-91.58232117,67.44165802,-90.60771179
250.250000,67.55513763,-91.58250427,67.44209290,-90.60767365
250.300000,67.55551910,-91.58268738,67.44252014,-90.60763550
250.350000,67.55589294,-91.58287048,67.44295502,-90.60759735
250.400000,67.55626678,-91.58305359,67.44338226,-90.60755920
250.450000,67.55664063,-91.58323669,67.44380951,-90.60752106
250.500000,67.55701447,-91.58341980,67.44424438,-90.60748291
250.550000,67.55738831,-91.58360291,67.44467163,-90.60744476
250.600000,67.55776215,-91.58378601,67.44509888,-90.60740662
250.650000,67.55813599,-91.58396149,67.44553375,-90.60736847
250.700000,67.55851746,-91.58415222,67.44596100,-90.60733032
250.750000,67.55889130,-91.58432770,67.44638824,-90.60728455
250.800000,67.55926514,-91.58451080,67.44682312,-90.60724640
250.850000,67.55963898,-91.58469391,67.44725037,-90.60720825
250.900000,67.56001282,-91.58487701,67.44767761,-90.60717010
250.950000,67.56038666,-91.58506012,67.44810486,-90.60713196
251.000000,67.56076050,-91.58524323,67.44853973,-90.60709381
251.050000,67.56113434,-91.58542633,67.44896698,-90.60705566
251.100000,67.56150818,-91.58560944,67.44939423,-90.60701752
251.150000,67.56188202,-91.58579254,67.44982910,-90.60697937
251.200000,67.56225586,-91.58597565,67.45025635,-90.60694122
251.250000,67.56262970,-91.58615875,67.45068359,-90.60690308
251.300000,67.56301117,-91.58634186,67.45111084,-90.60686493
251.350000,67.56338501,-91.58652496,67.45154572,-90.60682678
251.400000,67.56375885,-91.58670807,67.45197296,-90.60678864
251.450000,67.56413269,-91.58689117,67.45240021,-90.60675049
251.500000,67.56450653,-91.58707428,67.45282745,-90.60671234
251.550000,67.56488037,-91.58725739,67.45325470,-90.60666656
251.600000,67.56525421,-91.58744049,67.45368958,-90.60662842
251.650000,67.56562805,-91.58762360,67.45411682,-90.60659027
251.700000,67.56600189,-91.58780670,67.45454407,-90.60655212
251.750000,67.56637573,-91.58798981,67.45497131,-90.60651398
251.800000,67.56674957,-91.58817291,67.45539856,-90.60647583
251.850000,67.56712341,-91.58835602,67.45583344,-90.60643768
251.900000,67.56749725,-91.58853912,67.45626068,-90.60639954
251.950000,67.56787109,-91.58872223,67.45668793,-90.60636139
252.000000,67.56823730,-91.58889771,67.45711517,-90.60632324
252.050000,67.56861877,-91.58908081,67.45754242,-90.60628510
252.100000,67.56898499,-91.58926392,67.45796967,-90.60624695
252.150000,67.56935883,-91.58944702,67.45839691,-90.60620880
252.200000,67.56973267,-91.58963013,67.45883179,-90.60617065
252.250000,67.57010651,-91.58981323,67.45925903,-90.60612488
252.300000,67.57048035,-91.58999634,67.45968628,-90.60608673
252.350000,67.57085419,-91.59017944,67.46011353,-90.60604858
252.400000,67.57122803,-91.59036255,67.46054077,-90.60601044
252.450000,67.57160187,-91.59054565,67.46096802,-90.60597229
252.500000,67.57197571,-91.59072876,67.46139526,-90.60593414
252.550000,67.57234955,-91.59091187,67.46182251,-90.60589600
252.600000,67.57272339,-91.59109497,67.46224976,-90.60585785
252.650000,67.57308960,-91.59127808,67.46267700,-90.60581970
252.700000,67.57346344,-91.59146118,67.46311188,-90.60578156
252.750000,67.57383728,-91.59164429,67.46353912,-90.60574341
252.800000,67.57421112,-91.59182739,67.46396637,-90.60570526
252.850000,67.57458496,-91.59201050,67.46439362,-90.60566711
252.900000,67.57495880,-91.59219360,67.46482086,-90.60562134
252.950000,67.57533264,-91.59237671,67.46524811,-90.60558319
253.000000,67.57569885,-91.59255981,67.46567535,-90.60554504
253.050000,67.57607269,-91.59273529,67.46610260,-90.60550690
253.100000,67.57644653,-91.59291840,67.46652985,-90.60546875
253.150000,67.57682037,-91.59310150,67.46695709,-90.60543060
253.200000,67.57719421,-91.59328461,67.46738434,-90.60539246
253.250000,67.57756805,-91.59346771,67.46781158,-90.60535431
253.300000,67.57793427,-91.59365082,67.46823883,-90.60531616
253.350000,67.57830811,-91.59383392,67.46866608,-90.60527802
253.400000,67.57868195,-91.59401703,67.46909332,-90.60523987
253.450000,67.57905579,-91.59420013,67.46952057,-90.60519409
253.500000,67.57942963,-91.59438324,67.46994781,-90.60515594
253.550000,67.57979584,-91.59456635,67.47037506,-90.60511780
253.600000,67.58016968,-91.59474945,67.47080231,-90.60507965
253.650000,67.58054352,-91.59493256,67.47122955,-90.60504150
253.700000,67.58091736,-91.59511566,67.47165680,-90.60500336
253.750000,67.58128357,-91.59529877,67.47208405,-90.60496521
253.800000,67.58165741,-91.59548187,67.47250366,-90.60492706
253.850000,67.58203125,-91.59566498,67.47293091,-90.60488892
253.900000,67.58240509,-91.59584808,67.47335815,-90.60485077
253.950000,67.58277130,-91.59603119,67.47378540,-90.60481262
254.000000,67.58314514,-91.59621429,67.47421265,-90.60476685
254.050000,67.58351898,-91.59639740,67.47463989,-90.60472870
254.100000,67.58389282,-91.59658051,67.47506714,-90.60469055
254.150000,67.58425903,-91.59675598,67.47549438,-90.60465240
254.200000,67.58463287,-91.59694672,67.47592163,-90.60461426
254.250000,67.58500671,-91.59712219,67.47634888,-90.60457611
254.300000,67.58537292,-91.59730530,67.47676849,-90.60453796
254.350000,67.58574677,-91.59748840,67.47719574,-90.60449982
254.400000,67.58612061,-91.59767151,67.47762299,-90.60446167
254.450000,67.58648682,-91.59785461,67.47805023,-90.60442352
254.500000,67.58686066,-91.59803772,67.47847748,-90.60437775
254.550000,67.58723450,-91.59822083,67.47890472,-90.60433960
254.600000,67.58760834,-91.59840393,67.47932434,-90.60430145
254.650000,67.58797455,-91.59858704,67.47975159,-90.60426331
254.700000,67.58834839,-91.59877014,67.48017883,-90.60422516
254.750000,67.58871460,-91.59895325,67.48060608,-90.60418701
254.800000,67.58908844,-91.59913635,67.48103333,-90.60414886
254.850000,67.58946228,-91.59931946,67.48145294,-90.60411072
254.900000,67.58982849,-91.59950256,67.48188019,-90.60406494
254.950000,67.59020233,-91.59968567,67.48230743,-90.60402679
255.000000,67.59057617,-91.59986877,67.48273468,-90.60398865
255.050000,67.59094238,-91.60005188,67.48316193,-90.60395050
255.100000,67.59131622,-91.60023499,67.48358154,-90.60391235
255.150000,67.59168243,-91.60041046,67.48400879,-90.60387421
255.200000,67.59205627,-91.60059357,67.48443604,-90.60383606
255.250000,67.59242249,-91.60077667,67.48486328,-90.60379791
255.300000,67.59279633,-91.60095978,67.48528290,-90.60375214
255.350000,67.59317017,-91.60114288,67.48571014,-90.60371399
255.400000,67.59353638,-91.60132599,67.48613739,-90.60367584
255.450000,67.59391022,-91.60150909,67.48656464,-90.60363770
255.500000,67.59427643,-91.60169220,67.48698425,-90.60359955
255.550000,67.59465027,-91.60187531,67.48741150,-90.60356140
255.600000,67.59501648,-91.60205841,67.48783875,-90.60352325
255.650000,67.59539032,-91.60224152,67.48825836,-90.60348511
255.700000,67.59575653,-91.60242462,67.48868561,-90.60344696
255.750000,67.59613037,-91.60260773,67.48911285,-90.60340118
255.800000,67.59650421,-91.60279083,67.48953247,-90.60336304
255.850000,67.59687042,-91.60297394,67.48995972,-90.60332489
255.900000,67.59724426,-91.60315704,67.49038696,-90.60328674
255.950000,67.59761047,-91.60333252,67.49080658,-90.60324860
256.000000,67.59798431,-91.60351562,67.49123383,-90.60321045
256.050000,67.59835052,-91.60369873,67.49166107,-90.60317230
256.100000,67.59872437,-91.60388184,67.49208069,-90.60313416
256.150000,67.59909058,-91.60406494,67.49250793,-90.60308838
256.200000,67.59945679,-91.60424805,67.49293518,-90.60305023
256.250000,67.59983063,-91.60443115,67.49335480,-90.60301208
256.300000,67.60019684,-91.60461426,67.49378204,-90.60297394
256.350000,67.60057068,-91.60479736,67.49420166,-90.60293579
256.400000,67.60093689,-91.60498047,67.49462891,-90.60289764
256.450000,67.60131073,-91.60516357,67.49505615,-90.60285950
256.500000,67.60167694,-91.60534668,67.49547577,-90.60282135
256.550000,67.60205078,-91.60552979,67.49590302,-90.60277557
256.600000,67.60241699,-91.60571289,67.49632263,-90.60273743
256.650000,67.60278320,-91.60589600,67.49674988,-90.60269928
256.700000,67.60315704,-91.60607910,67.49716949,-90.60266113
256.750000,67.60352325,-91.60625458,67.49759674,-90.60262299
256.800000,67.60389709,-91.60643768,67.49802399,-90.60258484
256.850000,67.60426331,-91.60662079,67.49844360,-90.60253906
256.900000,67.60462952,-91.60680389,67.49887085,-90.60250092
256.950000,67.60500336,-91.60698700,67.49929047,-90.60246277
257.000000,67.60536957,-91.60717010,67.49971771,-90.60242462
257.050000,67.60574341,-91.60735321,67.50013733,-90.60238647
257.100000,67.60610962,-91.60753632,67.50056458,-90.60234833
257.150000,67.60647583,-91.60771942,67.50098419,-90.60231018
257.200000,67.60684967,-91.60790253,67.50141144,-90.60226440
257.250000,67.60721588,-91.60808563,67.50183105,-90.60222626
257.300000,67.60758209,-91.60826874,67.50225830,-90.60218811
257.350000,67.60795593,-91.60845184,67.50267792,-90.60214996
257.400000,67.60832214,-91.60863495,67.50310516,-90.60211182
257.450000,67.60868835,-91.60881805,67.50352478,-90.60207367
257.500000,67.60906219,-91.60900116,67.50395203,-90.60203552
257.550000,67.60942841,-91.60917664,67.50437164,-90.60198975
257.600000,67.60979462,-91.60935974,67.50479126,-90.60195160
257.650000,67.61016846,-91.60954285,67.50521851,-90.60191345
257.700000,67.61053467,-91.60972595,67.50563812,-90.60187531
257.750000,67.61090088,-91.60990906,67.50606537,-90.60183716
257.800000,67.61127472,-91.61009216,67.50648499,-90.60179901
257.850000,67.61164093,-91.61027527,67.50691223,-90.60175323
257.900000,67.61200714,-91.61045837,67.50733185,-90.60171509
257.950000,67.61237335,-91.61064148,67.50775146,-90.60167694
258.000000,67.61274719,-91.61082458,67.50817871,-90.60163879
258.050000,67.61311340,-91.61100769,67.50859833,-90.60160065
258.100000,67.61347961,-91.61119080,67.50901794,-90.60156250
258.150000,67.61384583,-91.61137390,67.50944519,-90.60152435
258.200000,67.61421967,-91.61155701,67.50986481,-90.60147858
258.250000,67.61458588,-91.61174011,67.51029205,-90.60144043
258.300000,67.61495209,-91.61192322,67.51071167,-90.60140228
258.350000,67.61531830,-91.61209869,67.51113129,-90.60136414
258.400000,67.61569214,-91.61228180,67.51155853,-90.60132599
258.450000,67.61605835,-91.61246490,67.51197815,-90.60128784
258.500000,67.61642456,-91.61264801,67.51239777,-90.60124207
258.550000,67.61679077,-91.61283112,67.51282501,-90.60120392
258.600000,67.61715698,-91.61301422,67.51324463,-90.60116577
258.650000,67.61752319,-91.61319733,67.51366425,-90.60112762
258.700000,67.61789703,-91.61338043,67.51409149,-90.60108948
258.750000,67.61826324,-91.61356354,67.51451111,-90.60105133
258.800000,67.61862946,-91.61374664,67.51493073,-90.60100555
258.850000,67.61899567,-91.61392975,67.51535034,-90.60096741
258.900000,67.61936188,-91.61411285,67.51577759,-90.60092926
258.950000,67.61973572,-91.61429596,67.51619720,-90.60089111
259.000000,67.62010193,-91.61447144,67.51661682,-90.60085297
259.050000,67.62046814,-91.61465454,67.51704407,-90.60081482
259.100000,67.62083435,-91.61483765,67.51746368,-90.60076904
259.150000,67.62120056,-91.61502075,67.51788330,-90.60073090
259.200000,67.62156677,-91.61520386,67.51830292,-90.60069275
259.250000,67.62193298,-91.61538696,67.51873016,-90.60065460
259.300000,67.62230682,-91.61557007,67.51914978,-90.60061646
259.350000,67.62267303,-91.61575317,67.51956940,-90.60057068
259.400000,67.62303925,-91.61593628,67.51998901,-90.60053253
259.450000,67.62340546,-91.61611938,67.52040863,-90.60049438
259.500000,67.62377167,-91.61630249,67.52083588,-90.60045624
259.550000,67.62413788,-91.61648560,67.52125549,-90.60041809
259.600000,67.62450409,-91.61666870,67.52167511,-90.60037994
259.650000,67.62487030,-91.61684418,67.52209473,-90.60033417
259.700000,67.62523651,-91.61702728,67.52251434,-90.60029602
259.750000,67.62560272,-91.61721039,67.52294159,-90.60025787
259.800000,67.62596893,-91.61739349,67.52336121,-90.60021973
259.850000,67.62633514,-91.61757660,67.52378082,-90.60018158
259.900000,67.62670135,-91.61775970,67.52420044,-90.60013580
259.950000,67.62707520,-91.61794281,67.52462006,-90.60009766
260.000000,67.62744141,-91.61812592,67.52503967,-90.60005951
260.050000,67.62780762,-91.61830902,67.52546692,-90.60002136
260.100000,67.62817383,-91.61849213,67.52588654,-90.59998322
260.150000,67.62854004,-91.61867523,67.52630615,-90.59994507
260.200000,67.62890625,-91.61885834,67.52672577,-90.59989929
260.250000,67.62927246,-91.61904144,67.52714539,-90.59986115
260.300000,67.62963867,-91.61922455,67.52756500,-90.59982300
260.350000,67.63000488,-91.61940002,67.52798462,-90.59978485
260.400000,67.63037109,-91.61958313,67.52840424,-90.59974670
260.450000,67.63073730,-91.61976624,67.52882385,-90.59970093
260.500000,67.63110352,-91.61994934,67.52924347,-90.59966278
260.550000,67.63146973,-91.62013245,67.52967072,-90.59962463
260.600000,67.63182831,-91.62031555,67.53009033,-90.59958649
260.650000,67.63219452,-91.62049866,67.53050995,-90.59954834
260.700000,67.63256073,-91.62068176,67.53092957,-90.59950256
260.750000,67.63292694,-91.62086487,67.53134918,-90.59946442
260.800000,67.63329315,-91.62104797,67.53176880,-90.59942627
260.850000,67.63365936,-91.62123108,67.53218842,-90.59938812
260.900000,67.63402557,-91.62140656,67.53260803,-90.59934998
260.950000,67.63439178,-91.62158966,67.53302765,-90.59930420
261.000000,67.63475800,-91.62177277,67.53344727,-90.59926605
261.050000,67.63512421,-91.62195587,67.53386688,-90.59922791
261.100000,67.63549042,-91.62213898,67.53428650,-90.59918976
261.150000,67.63585663,-91.62232208,67.53470612,-90.59915161
261.200000,67.63622284,-91.62250519,67.53512573,-90.59910583
261.250000,67.63658905,-91.62268829,67.53554535,-90.59906769
261.300000,67.63694763,-91.62287140,67.53596497,-90.59902954
261.350000,67.63731384,-91.62305450,67.53638458,-90.59899139
261.400000,67.63768005,-91.62323761,67.53680420,-90.59894562
261.450000,67.63804626,-91.62342072,67.53722382,-90.59890747
261.500000,67.63841248,-91.62359619,67.53764343,-90.59886932
261.550000,67.63877869,-91.62377930,67.53806305,-90.59883118
261.600000,67.63914490,-91.62396240,67.53848267,-90.59879303
261.650000,67.63950348,-91.62414551,67.53890228,-90.59874725
261.700000,67.63986969,-91.62432861,67.53932190,-90.59870911
261.750000,67.64023590,-91.62451172,67.53973389,-90.59867096
261.800000,67.64060211,-91.62469482,67.54015350,-90.59863281
261.850000,67.64096832,-91.62487793,67.54057312,-90.59859467
261.900000,67.64133453,-91.62506104,67.54099274,-90.59854889
261.950000,67.64169312,-91.62524414,67.54141235,-90.59851074
262.000000,67.64205933,-91.62542725,67.54183197,-90.59847260
262.050000,67.64242554,-91.62561035,67.54225159,-90.59843445
262.100000,67.64279175,-91.62579346,67.54267120,-90.59839630
262.150000,67.64315796,-91.62596893,67.54309082,-90.59835052
262.200000,67.64351654,-91.62615204,67.54350281,-90.59831238
262.250000,67.64388275,-91.62633514,67.54392242,-90.59827423
262.300000,67.64424896,-91.62651825,67.54434204,-90.59823608
262.350000,67.64461517,-91.62670135,67.54476166,-90.59819031
262.400000,67.64497375,-91.62688446,67.54518127,-90.59815216
262.450000,67.64533997,-91.62706757,67.54560089,-90.59811401
262.500000,67.64570618,-91.62725067,67.54602051,-90.59807587
262.550000,67.64607239,-91.62743378,67.54643250,-90.59803009
262.600000,67.64643097,-91.62760925,67.54685211,-90.59799194
262.650000,67.64679718,-91.62779236,67.54727173,-90.59795380
262.700000,67.64716339,-91.62797546,67.54769135,-90.59791565
262.750000,67.64752960,-91.62815857,67.54811096,-90.59787750
262.800000,67.64788818,-91.62834167,67.54852295,-90.59783173
262.850000,67.64825439,-91.62852478,67.54894257,-90.59779358
262.900000,67.64862061,-91.62870789,67.54936218,-90.59775543
262.950000,67.64897919,-91.62889099,67.54978180,-90.59771729
263.000000,67.64934540,-91.62907410,67.55020142,-90.59767151
263.050000,67.64971161,-91.62925720,67.55061340,-90.59763336
263.100000,67.65007782,-91.62944031,67.55103302,-90.59759521
263.150000,67.65043640,-91.62961578,67.55145264,-90.59755707
263.200000,67.65080261,-91.62979889,67.55187225,-90.59751129
263.250000,67.65116882,-91.62998199,67.55228424,-90.59747314
263.300000,67.65152740,-91.63016510,67.55270386,-90.59743500
263.350000,67.65189362,-91.63034821,67.55312347,-90.59739685
263.400000,67.65225983,-91.63053131,67.55354309,-90.59735870
263.450000,67.65261841,-91.63071442,67.55395508,-90.59731293
263.500000,67.65298462,-91.63089752,67.55437469,-90.59727478
263.550000,67.65334320,-91.63108063,67.55479431,-90.59723663
263.600000,67.65370941,-91.63126373,67.55520630,-90.59719086
263.650000,67.65407562,-91.63144684,67.55562592,-90.59715271
263.700000,67.65443420,-91.63162231,67.55604553,-90.59711456
263.750000,67.65480042,-91.63180542,67.55645752,-90.59707642
263.800000,67.65515900,-91.63198853,67.55687714,-90.59703827
263.850000,67.65552521,-91.63217163,67.55729675,-90.59699249
263.900000,67.65589142,-91.63235474,67.55770874,-90.59695435
263.950000,67.65625000,-91.63253784,67.55812836,-90.59691620
264.000000,67.65661621,-91.63272095,67.55854797,-90.59687042
264.050000,67.65697479,-91.63290405,67.55895996,-90.59683228
264.100000,67.65734100,-91.63308716,67.55937958,-90.59679413
264.150000,67.65770721,-91.63326263,67.55979919,-90.59675598
264.200000,67.65806580,-91.63344574,67.56021118,-90.59671783
264.250000,67.65843201,-91.63362885,67.56063080,-90.59667206
264.300000,67.65879059,-91.63381195,67.56104279,-90.59663391
264.350000,67.65915680,-91.63399506,67.56146240,-90.59659576
264.400000,67.65951538,-91.63417816,67.56188202,-90.59655762
264.450000,67.65988159,-91.63436127,67.56229401,-90.59651184
264.500000,67.66024017,-91.63454437,67.56271362,-90.59647369
264.550000,67.66060638,-91.63472748,67.56312561,-90.59643555
264.600000,67.66096497,-91.63491058,67.56354523,-90.59639740
264.650000,67.66133118,-91.63509369,67.56396484,-90.59635162
264.700000,67.66168976,-91.63526917,67.56437683,-90.59631348
264.750000,67.66205597,-91.63545227,67.56479645,-90.59627533
264.800000,67.66241455,-91.63563538,67.56520844,-90.59622955
264.850000,67.66278076,-91.63581848,67.56562805,-90.59619141
264.900000,67.66313934,-91.63600159,67.56604004,-90.59615326
264.950000,67.66350555,-91.63618469,67.56645966,-90.59611511
265.000000,67.66386414,-91.63636780,67.56687164,-90.59606934
265.050000,67.66423035,-91.63655090,67.56729126,-90.59603119
265.100000,67.66458893,-91.63673401,67.56770325,-90.59599304
265.150000,67.66495514,-91.63691711,67.56812286,-90.59595490
265.200000,67.66531372,-91.63709259,67.56853485,-90.59590912
265.250000,67.66567230,-91.63727570,67.56895447,-90.59587097
265.300000,67.66603851,-91.63745880,67.56936646,-90.59583282
265.350000,67.66639709,-91.63764191,67.56978607,-90.59578705
265.400000,67.66676331,-91.63782501,67.57019806,-90.59574890
265.450000,67.66712189,-91.63800812,67.57061768,-90.59571075
265.500000,67.66748810,-91.63819122,67.57102966,-90.59567261
265.550000,67.66784668,-91.63837433,67.57144928,-90.59562683
265.600000,67.66820526,-91.63855743,67.57186127,-90.59558868
265.650000,67.66857147,-91.63873291,67.57227325,-90.59555054
265.700000,67.66893005,-91.63891602,67.57269287,-90.59551239
265.750000,67.66929626,-91.63909912,67.57310486,-90.59546661
265.800000,67.66965485,-91.63928223,67.57352448,-90.59542847
265.850000,67.67001343,-91.63946533,67.57393646,-90.59539032
265.900000,67.67037964,-91.63964844,67.57435608,-90.59534454
265.950000,67.67073822,-91.63983154,67.57476807,-90.59530640
266.000000,67.67109680,-91.64001465,67.57518005,-90.59526825
266.050000,67.67146301,-91.64019012,67.57559967,-90.59523010
266.100000,67.67182159,-91.64037323,67.57601166,-90.59518433
266.150000,67.67218018,-91.64055634,67.57643127,-90.59514618
266.200000,67.67254639,-91.64073944,67.57684326,-90.59510803
266.250000,67.67290497,-91.64092255,67.57725525,-90.59506226
266.300000,67.67326355,-91.64110565,67.57767487,-90.59502411
266.350000,67.67362976,-91.64128876,67.57808685,-90.59498596
266.400000,67.67398834,-91.64147186,67.57849884,-90.59494781
266.450000,67.67434692,-91.64165497,67.57891846,-90.59490204
266.500000,67.67470551,-91.64183807,67.57933044,-90.59486389
266.550000,67.67507172,-91.64201355,67.57974243,-90.59482574
266.600000,67.67543030,-91.64219666,67.58016205,-90.59477997
266.650000,67.67578888,-91.64237976,67.58057404,-90.59474182
266.700000,67.67615509,-91.64256287,67.58098602,-90.59470367
266.750000,67.67651367,-91.64274597,67.58140564,-90.59466553
266.800000,67.67687225,-91.64292908,67.58181763,-90.59461975
266.850000,67.67723083,-91.64311218,67.58222961,-90.59458160
266.900000,67.67759705,-91.64329529,67.58264923,-90.59454346
266.950000,67.67795563,-91.64347076,67.58306122,-90.59449768
267.000000,67.67831421,-91.64365387,67.58347321,-90.59445953
267.050000,67.67867279,-91.64383698,67.58388519,-90.59442139
267.100000,67.67903900,-91.64402008,67.58430481,-90.59437561
267.150000,67.67939758,-91.64420319,67.58471680,-90.59433746
267.200000,67.67975616,-91.64438629,67.58512878,-90.59429932
267.250000,67.68011475,-91.64456940,67.58554077,-90.59426117
267.300000,67.68047333,-91.64475250,67.58596039,-90.59421539
267.350000,67.68083954,-91.64493561,67.58637238,-90.59417725
267.400000,67.68119812,-91.64511108,67.58678436,-90.59413910
267.450000,67.68155670,-91.64529419,67.58719635,-90.59409332
267.500000,67.68191528,-91.64547729,67.58760834,-90.59405518
267.550000,67.68227386,-91.64566040,67.58802795,-90.59401703
267.600000,67.68264008,-91.64584351,67.58843994,-90.59397125
267.650000,67.68299866,-91.64602661,67.58885193,-90.59393311
267.700000,67.68335724,-91.64620972,67.58926392,-90.59389496
267.750000,67.68371582,-91.64639282,67.58968353,-90.59384918
267.800000,67.68407440,-91.64656830,67.59009552,-90.59381104
267.850000,67.68443298,-91.64675140,67.59050751,-90.59377289
267.900000,67.68479919,-91.64693451,67.59091949,-90.59373474
267.950000,67.68515778,-91.64711761,67.59133148,-90.59368896
268.000000,67.68551636,-91.64730072,67.59174347,-90.59365082
268.050000,67.68587494,-91.64748383,67.59216309,-90.59361267
268.100000,67.68623352,-91.64766693,67.59257507,-90.59356689
268.150000,67.68659210,-91.64785004,67.59298706,-90.59352875
268.200000,67.68695068,-91.64803314,67.59339905,-90.59349060
268.250000,67.68730927,-91.64820862,67.59381104,-90.59344482
268.300000,67.68766785,-91.64839172,67.59422302,-90.59340668
268.350000,67.68802643,-91.64857483,67.59463501,-90.59336853
268.400000,67.68839264,-91.64875793,67.59504700,-90.59332275
268.450000,67.68875122,-91.64894104,67.59545898,-90.59328461
268.500000,67.68910980,-91.64912415,67.59587860,-90.59324646
268.550000,67.68946838,-91.64930725,67.59629059,-90.59320068
268.600000,67.68982697,-91.64949036,67.59670258,-90.59316254
268.650000,67.69018555,-91.64966583,67.59711456,-90.59312439
268.700000,67.69054413,-91.64984894,67.59752655,-90.59307861
268.750000,67.69090271,-91.65003204,67.59793854,-90.59304047
268.800000,67.69126129,-91.65021515,67.59835052,-90.59300232
268.850000,67.69161987,-91.65039825,67.59876251,-90.59296417
268.900000,67.69197845,-91.65058136,67.59917450,-90.59291840
268.950000,67.69233704,-91.65076447,67.59958649,-90.59288025
269.000000,67.69269562,-91.65094757,67.59999847,-90.59283447
269.050000,67.69305420,-91.65112305,67.60041046,-90.59279633
269.100000,67.69341278,-91.65130615,67.60082245,-90.59275818
269.150000,67.69377136,-91.65148926,67.60123444,-90.59271240
269.200000,67.69412994,-91.65167236,67.60164642,-90.59267426
269.250000,67.69448853,-91.65185547,67.60205841,-90.59263611
269.300000,67.69484711,-91.65203857,67.60247040,-90.59259033
269.350000,67.69520569,-91.65222168,67.60288239,-90.59255219
269.400000,67.69556427,-91.65240479,67.60329437,-90.59251404
269.450000,67.69592285,-91.65258026,67.60370636,-90.59247589
269.500000,67.69628143,-91.65276337,67.60411835,-90.59243011
269.550000,67.69664001,-91.65294647,67.60453033,-90.59239197
269.600000,67.69699860,-91.65312958,67.60494232,-90.59234619
269.650000,67.69735718,-91.65331268,67.60535431,-90.59230804
269.700000,67.69771576,-91.65349579,67.60576630,-90.59226990
269.750000,67.69807434,-91.65367889,67.60617828,-90.59222412
269.800000,67.69842529,-91.65386200,67.60659027,-90.59218597
269.850000,67.69878387,-91.65403748,67.60700226,-90.59214783
269.900000,67.69914246,-91.65422058,67.60741425,-90.59210205
269.950000,67.69950104,-91.65440369,67.60781860,-90.59206390
270.000000,67.69985962,-91.65458679,67.60823059,-90.59202576
270.050000,67.70021820,-91.65476990,67.60864258,-90.59197998
270.100000,67.70057678,-91.65495300,67.60905457,-90.59194183
270.150000,67.70093536,-91.65513611,67.60946655,-90.59190369
270.200000,67.70129395,-91.65531921,67.60987854,-90.59185791
270.250000,67.70165253,-91.65549469,67.61029053,-90.59181976
270.300000,67.70200348,-91.65567780,67.61070251,-90.59178162
270.350000,67.70236206,-91.65586090,67.61111450,-90.59173584
270.400000,67.70272064,-91.65604401,67.61151886,-90.59169769
270.450000,67.70307922,-91.65622711,67.61193085,-90.59165955
270.500000,67.70343781,-91.65641022,67.61234283,-90.59161377
270.550000,67.70379639,-91.65659332,67.61275482,-90.59157562
270.600000,67.70415497,-91.65676880,67.61316681,-90.59153748
270.650000,67.70450592,-91.65695190,67.61357880,-90.59149170
270.700000,67.70486450,-91.65713501,67.61399078,-90.59145355
270.750000,67.70522308,-91.65731812,67.61439514,-90.59140778
270.800000,67.70558167,-91.65750122,67.61480713,-90.59136963
270.850000,67.70594025,-91.65768433,67.61521912,-90.59133148
270.900000,67.70629120,-91.65786743,67.61563110,-90.59128571
270.950000,67.70664978,-91.65804291,67.61604309,-90.59124756
271.000000,67.70700836,-91.65822601,67.61644745,-90.59120941
271.050000,67.70736694,-91.65840912,67.61685944,-90.59116364
271.100000,67.70772552,-91.65859222,67.61727142,-90.59112549
271.150000,67.70807648,-91.65877533,67.61768341,-90.59108734
271.200000,67.70843506,-91.65895844,67.61808777,-90.59104156
271.250000,67.70879364,-91.65914154,67.61849976,-90.59100342
271.300000,67.70915222,-91.65932465,67.61891174,-90.59096527
271.350000,67.70950317,-91.65950012,67.61932373,-90.59091949
271.400000,67.70986176,-91.65968323,67.61972809,-90.59088135
271.450000,67.71022034,-91.65986633,67.62014008,-90.59083557
271.500000,67.71057892,-91.66004944,67.62055206,-90.59079742
271.550000,67.71092987,-91.66023254,67.62096405,-90.59075928
271.600000,67.71128845,-91.66041565,67.62136841,-90.59071350
271.650000,67.71164703,-91.66059875,67.62178040,-90.59067535
271.700000,67.71200562,-91.66077423,67.62219238,-90.59062958
271.750000,67.71235657,-91.66095734,67.62259674,-90.59059143
271.800000,67.71271515,-91.66114044,67.62300873,-90.59055328
271.850000,67.71307373,-91.66132355,67.62342072,-90.59050751
271.900000,67.71342468,-91.66150665,67.62382507,-90.59046936
271.950000,67.71378326,-91.66168976,67.62423706,-90.59043121
272.000000,67.71414185,-91.66187286,67.62464905,-90.59038544
272.050000,67.71449280,-91.66204834,67.62505341,-90.59034729
272.100000,67.71485138,-91.66223145,67.62546539,-90.59030151
272.150000,67.71520996,-91.66241455,67.62587738,-90.59026337
272.200000,67.71556091,-91.66259766,67.62628174,-90.59022522
272.250000,67.71591949,-91.66278076,67.62669373,-90.59017944
272.300000,67.71627808,-91.66296387,67.62710571,-90.59014130
272.350000,67.71662903,-91.66313934,67.62751007,-90.59010315
272.400000,67.71698761,-91.66332245,67.62792206,-90.59005737
272.450000,67.71734619,-91.66350555,67.62832642,-90.59001923
272.500000,67.71769714,-91.66368866,67.62873840,-90.58997345
272.550000,67.71805573,-91.66387177,67.62915039,-90.58993530
272.600000,67.71840668,-91.66405487,67.62955475,-90.58989716
272.650000,67.71876526,-91.66423798,67.62996674,-90.58985138
272.700000,67.71912384,-91.66442108,67.63037109,-90.58981323
272.750000,67.71947479,-91.66459656,67.63078308,-90.58977509
272.800000,67.71983337,-91.66477966,67.63119507,-90.58972931
272.850000,67.72018433,-91.66496277,67.63159943,-90.58969116
272.900000,67.72054291,-91.66514587,67.63201141,-90.58964539
272.950000,67.72090149,-91.66532898,67.63241577,-90.58960724
273.000000,67.72125244,-91.66551208,67.63282776,-90.58956909
273.050000,67.72161102,-91.66569519,67.63323212,-90.58952332
273.100000,67.72196198,-91.66587067,67.63364410,-90.58948517
273.150000,67.72232056,-91.66605377,67.63404846,-90.58943939
273.200000,67.72267151,-91.66623688,67.63446045,-90.58940125
273.250000,67.72303009,-91.66641998,67.63486481,-90.58935547
273.300000,67.72338104,-91.66660309,67.63527679,-90.58931732
273.350000,67.72373962,-91.66678619,67.63568115,-90.58927917
273.400000,67.72409058,-91.66696167,67.63609314,-90.58923340
273.450000,67.72444916,-91.66714478,67.63649750,-90.58919525
273.500000,67.72480011,-91.66732788,67.63690948,-90.58915710
273.550000,67.72515869,-91.66751099,67.63731384,-90.58911133
273.600000,67.72551727,-91.66769409,67.63772583,-90.58907318
273.650000,67.72586823,-91.66787720,67.63813019,-90.58902740
273.700000,67.72621918,-91.66806030,67.63854218,-90.58898926
273.750000,67.72657776,-91.66823578,67.63894653,-90.58894348
273.800000,67.72692871,-91.66841888,67.63935852,-90.58890533
273.850000,67.72728729,-91.66860199,67.63976288,-90.58886719
273.900000,67.72763824,-91.66878510,67.64017487,-90.58882141
273.950000,67.72799683,-91.66896820,67.64057922,-90.58878326
274.000000,67.72834778,-91.66915131,67.64098358,-90.58873749
274.050000,67.72870636,-91.66932678,67.64139557,-90.58869934
274.100000,67.72905731,-91.66950989,67.64179993,-90.58865356
274.150000,67.72941589,-91.66969299,67.64221191,-90.58861542
274.200000,67.72976685,-91.66987610,67.64261627,-90.58857727
274.250000,67.73012543,-91.67005920,67.64302063,-90.58853149
274.300000,67.73047638,-91.67024231,67.64343262,-90.58849335
274.350000,67.73082733,-91.67042542,67.64383698,-90.58844757
274.400000,67.73118591,-91.67060089,67.64424896,-90.58840942
274.450000,67.73153687,-91.67078400,67.64465332,-90.58837128
274.500000,67.73189545,-91.67096710,67.64505768,-90.58832550
274.550000,67.73224640,-91.67115021,67.64546967,-90.58828735
274.600000,67.73259735,-91.67133331,67.64587402,-90.58824158
274.650000,67.73295593,-91.67151642,67.64627838,-90.58820343
274.700000,67.73330688,-91.67169189,67.64669037,-90.58815765
274.750000,67.73365784,-91.67187500,67.64709473,-90.58811951
274.800000,67.73401642,-91.67205811,67.64749908,-90.58808136
274.850000,67.73436737,-91.67224121,67.64791107,-90.58803558
274.900000,67.73471832,-91.67242432,67.64831543,-90.58799744
274.950000,67.73507690,-91.67260742,67.64871979,-90.58795166
275.000000,67.73542786,-91.67278290,67.64913177,-90.58791351
275.050000,67.73578644,-91.67296600,67.64953613,-90.58787537
275.100000,67.73613739,-91.67314911,67.64994049,-90.58782959
275.150000,67.73648834,-91.67333221,67.65035248,-90.58779144
275.200000,67.73684692,-91.67351532,67.65075684,-90.58774567
275.250000,67.73719788,-91.67369843,67.65116119,-90.58770752
275.300000,67.73754883,-91.67388153,67.65156555,-90.58766174
275.350000,67.73790741,-91.67405701,67.65197754,-90.58762360
275.400000,67.73825836,-91.67424011,67.65238190,-90.58757782
275.450000,67.73860931,-91.67442322,67.65278625,-90.58753967
275.500000,67.73896027,-91.67460632,67.65319061,-90.58750153
275.550000,67.73931885,-91.67478943,67.65360260,-90.58745575
275.600000,67.73966980,-91.67497253,67.65400696,-90.58741760
275.650000,67.74002075,-91.67514801,67.65441132,-90.58737183
275.700000,67.74037933,-91.67533112,67.65481567,-90.58733368
275.750000,67.74073029,-91.67551422,67.65522003,-90.58728790
275.800000,67.74108124,-91.67569733,67.65563202,-90.58724976
275.850000,67.74143219,-91.67588043,67.65603638,-90.58720398
275.900000,67.74178314,-91.67605591,67.65644073,-90.58716583
275.950000,67.74214172,-91.67623901,67.65684509,-90.58712769
276.000000,67.74249268,-91.67642212,67.65724945,-90.58708191
276.050000,67.74284363,-91.67660522,67.65766144,-90.58704376
276.100000,67.74319458,-91.67678833,67.65806580,-90.58699799
276.150000,67.74355316,-91.67697144,67.65847015,-90.58695984
276.200000,67.74390411,-91.67715454,67.65887451,-90.58691406
276.250000,67.74425507,-91.67733002,67.65927887,-90.58687592
276.300000,67.74460602,-91.67751312,67.65968323,-90.58683014
276.350000,67.74496460,-91.67769623,67.66008759,-90.58679199
276.400000,67.74531555,-91.67787933,67.66049957,-90.58675385
276.450000,67.74566650,-91.67806244,67.66090393,-90.58670807
276.500000,67.74601746,-91.67823792,67.66130829,-90.58666992
276.550000,67.74636841,-91.67842102,67.66171265,-90.58662415
276.600000,67.74671936,-91.67860413,67.66211700,-90.58658600
276.650000,67.74707794,-91.67878723,67.66252136,-90.58654022
276.700000,67.74742889,-91.67897034,67.66292572,-90.58650208
276.750000,67.74777985,-91.67915344,67.66333008,-90.58645630
276.800000,67.74813080,-91.67933655,67.66373444,-90.58641815
276.850000,67.74848175,-91.67951202,67.66414642,-90.58637238
276.900000,67.74883270,-91.67969513,67.66455078,-90.58633423
276.950000,67.74918365,-91.67987823,67.66495514,-90.58628845
277.000000,67.74954224,-91.68006134,67.66535950,-90.58625031
277.050000,67.74989319,-91.68024445,67.66576385,-90.58620453
277.100000,67.75024414,-91.68042755,67.66616821,-90.58616638
277.150000,67.75059509,-91.68060303,67.66657257,-90.58612823
277.200000,67.75094604,-91.68078613,67.66697693,-90.58608246
277.250000,67.75129700,-91.68096924,67.66738129,-90.58604431
277.300000,67.75164795,-91.68115234,67.66778564,-90.58599854
277.350000,67.75199890,-91.68133545,67.66819000,-90.58596039
277.400000,67.75234985,-91.68151093,67.66859436,-90.58591461
277.450000,67.75270081,-91.68169403,67.66899872,-90.58587646
277.500000,67.75305939,-91.68187714,67.66940308,-90.58583069
277.550000,67.75341034,-91.68206024,67.66980743,-90.58579254
277.600000,67.75376129,-91.68224335,67.67021179,-90.58574677
277.650000,67.75411224,-91.68242645,67.67061615,-90.58570862
277.700000,67.75446320,-91.68260193,67.67102051,-90.58566284
277.750000,67.75481415,-91.68278503,67.67142487,-90.58562469
277.800000,67.75516510,-91.68296814,67.67182922,-90.58557892
277.850000,67.75551605,-91.68315125,67.67223358,-90.58554077
277.900000,67.75586700,-91.68333435,67.67263794,-90.58550262
277.950000,67.75621796,-91.68351746,67.67304230,-90.58545685
278.000000,67.75656891,-91.68369293,67.67344666,-90.58541870
278.050000,67.75691986,-91.68387604,67.67385101,-90.58537292
278.100000,67.75727081,-91.68405914,67.67425537,-90.58532715
278.150000,67.75762177,-91.68424225,67.67465973,-90.58528900
278.200000,67.75797272,-91.68442535,67.67506409,-90.58525085
278.250000,67.75832367,-91.68460083,67.67546082,-90.58520508
278.300000,67.75867462,-91.68478394,67.67586517,-90.58516693
278.350000,67.75902557,-91.68496704,67.67626953,-90.58512115
278.400000,67.75937653,-91.68515015,67.67667389,-90.58508301
278.450000,67.75972748,-91.68533325,67.67707825,-90.58503723
278.500000,67.76007843,-91.68551636,67.67748260,-90.58499908
278.550000,67.76042938,-91.68569183,67.67788696,-90.58495331
278.600000,67.76078033,-91.68587494,67.67829132,-90.58491516
278.650000,67.76113129,-91.68605804,67.67868805,-90.58486938
278.700000,67.76148224,-91.68624115,67.67909241,-90.58483124
278.750000,67.76182556,-91.68642426,67.67949677,-90.58478546
278.800000,67.76217651,-91.68660736,67.67990112,-90.58474731
278.850000,67.76252747,-91.68678284,67.68030548,-90.58470154
278.900000,67.76287842,-91.68696594,67.68070984,-90.58466339
278.950000,67.76322937,-91.68714905,67.68111420,-90.58461761
279.000000,67.76358032,-91.68733215,67.68151093,-90.58457947
279.050000,67.76393127,-91.68751526,67.68191528,-90.58453369
279.100000,67.76428223,-91.68769073,67.68231964,-90.58449554
279.150000,67.76463318,-91.68787384,67.68272400,-90.58444977
279.200000,67.76498413,-91.68805695,67.68312836,-90.58441162
279.250000,67.76532745,-91.68824005,67.68352509,-90.58436584
279.300000,67.76567841,-91.68842316,67.68392944,-90.58432770
279.350000,67.76602936,-91.68860626,67.68433380,-90.58428192
279.400000,67.76638031,-91.68878174,67.68473816,-90.58424377
279.450000,67.76673126,-91.68896484,67.68514252,-90.58419800
279.500000,67.76708221,-91.68914795,67.68553925,-90.58415985
279.550000,67.76743317,-91.68933105,67.68594360,-90.58411407
279.600000,67.76777649,-91.68951416,67.68634796,-90.58407593
279.650000,67.76812744,-91.68968964,67.68675232,-90.58403015
279.700000,67.76847839,-91.68987274,67.68714905,-90.58399200
279.750000,67.76882935,-91.69005585,67.68755341,-90.58394623
279.800000,67.76918030,-91.69023895,67.68795776,-90.58390808
279.850000,67.76953125,-91.69042206,67.68836212,-90.58386230
279.900000,67.76987457,-91.69059753,67.68875885,-90.58382416
279.950000,67.77022552,-91.69078064,67.68916321,-90.58377838
280.000000,67.77057648,-91.69096375,67.68956757,-90.58374023
280.050000,67.77092743,-91.69114685,67.68996429,-90.58369446
280.100000,67.77127838,-91.69132996,67.69036865,-90.58364868
280.150000,67.77162170,-91.69150543,67.69077301,-90.58361053
280.200000,67.77197266,-91.69168854,67.69116974,-90.58356476
280.250000,67.77232361,-91.69187164,67.69157410,-90.58352661
280.300000,67.77267456,-91.69205475,67.69197845,-90.58348083
280.350000,67.77301788,-91.69223785,67.69237518,-90.58344269
280.400000,67.77336884,-91.69241333,67.69277954,-90.58339691
280.450000,67.77371979,-91.69259644,67.69318390,-90.58335876
280.500000,67.77407074,-91.69277954,67.69358063,-90.58331299
280.550000,67.77441406,-91.69296265,67.69398499,-90.58327484
280.600000,67.77476501,-91.69314575,67.69438934,-90.58322906
280.650000,67.77511597,-91.69332886,67.69478607,-90.58319092
280.700000,67.77546692,-91.69350433,67.69519043,-90.58314514
280.750000,67.77581024,-91.69368744,67.69558716,-90.58310699
280.800000,67.77616119,-91.69387054,67.69599152,-90.58306122
280.850000,67.77651215,-91.69405365,67.69639587,-90.58302307
280.900000,67.77685547,-91.69423676,67.69679260,-90.58297729
280.950000,67.77720642,-91.69441223,67.69719696,-90.58293152
281.000000,67.77755737,-91.69459534,67.69759369,-90.58289337
281.050000,67.77790070,-91.69477844,67.69799805,-90.58284760
281.100000,67.77825165,-91.69496155,67.69840240,-90.58280945
281.150000,67.77860260,-91.69514465,67.69879913,-90.58276367
281.200000,67.77894592,-91.69532013,67.69920349,-90.58272552
281.250000,67.77929688,-91.69550323,67.69960022,-90.58267975
281.300000,67.77964783,-91.69568634,67.70000458,-90.58264160
281.350000,67.77999115,-91.69586945,67.70040131,-90.58259583
281.400000,67.78034210,-91.69605255,67.70080566,-90.58255768
281.450000,67.78069305,-91.69622803,67.70120239,-90.58251190
281.500000,67.78103638,-91.69641113,67.70160675,-90.58246613
281.550000,67.78138733,-91.69659424,67.70201111,-90.58242798
281.600000,67.78173828,-91.69677734,67.70240784,-90.58238220
281.650000,67.78208160,-91.69696045,67.70281219,-90.58234406
281.700000,67.78243256,-91.69713593,67.70320892,-90.58229828
281.750000,67.78277588,-91.69731903,67.70361328,-90.58226013
281.800000,67.78312683,-91.69750214,67.70401001,-90.58221436
281.850000,67.78347778,-91.69768524,67.70441437,-90.58217621
281.900000,67.78382111,-91.69786835,67.70481110,-90.58213043
281.950000,67.78417206,-91.69804382,67.70520782,-90.58208466
282.000000,67.78451538,-91.69822693,67.70561218,-90.58204651
282.050000,67.78486633,-91.69841003,67.70600891,-90.58200073
282.100000,67.78520966,-91.69859314,67.70641327,-90.58196259
282.150000,67.78556061,-91.69877625,67.70681000,-90.58191681
282.200000,67.78591156,-91.69895172,67.70721436,-90.58187866
282.250000,67.78625488,-91.69913483,67.70761108,-90.58183289
282.300000,67.78660583,-91.69931793,67.70801544,-90.58179474
282.350000,67.78694916,-91.69950104,67.70841217,-90.58174896
282.400000,67.78730011,-91.69968414,67.70880890,-90.58171082
282.450000,67.78764343,-91.69985962,67.70921326,-90.58166504
282.500000,67.78799438,-91.70004272,67.70960999,-90.58161926
282.550000,67.78833771,-91.70022583,67.71001434,-90.58158112
282.600000,67.78868866,-91.70040894,67.71041107,-90.58153534
282.650000,67.78903198,-91.70059204,67.71080780,-90.58149719
282.700000,67.78938293,-91.70076752,67.71121216,-90.58145142
282.750000,67.78972626,-91.70095062,67.71160889,-90.58141327
282.800000,67.79007721,-91.70113373,67.71201324,-90.58136749
282.850000,67.79042053,-91.70131683,67.71240997,-90.58132935
282.900000,67.79077148,-91.70149231,67.71280670,-90.58128357
282.950000,67.79111481,-91.70167542,67.71321106,-90.58123779
283.000000,67.79146576,-91.70185852,67.71360779,-90.58119965
283.050000,67.79180908,-91.70204163,67.71400452,-90.58115387
283.100000,67.79216003,-91.70222473,67.71440887,-90.58111572
283.150000,67.79250336,-91.70240021,67.71480560,-90.58106995
283.200000,67.79285431,-91.70258331,67.71520233,-90.58102417
283.250000,67.79319763,-91.70276642,67.71560669,-90.58098602
283.300000,67.79354095,-91.70294952,67.71600342,-90.58094025
283.350000,67.79389191,-91.70313263,67.71640015,-90.58090210
283.400000,67.79423523,-91.70330811,67.71680450,-90.58085632
283.450000,67.79458618,-91.70349121,67.71720123,-90.58081818
283.500000,67.79492950,-91.70367432,67.71759796,-90.58077240
283.550000,67.79528046,-91.70385742,67.71800232,-90.58072662
283.600000,67.79562378,-91.70404053,67.71839905,-90.58068848
283.650000,67.79596710,-91.70421600,67.71879578,-90.58064270
283.700000,67.79631805,-91.70439911,67.71919250,-90.58060455
283.750000,67.79666138,-91.70458221,67.71959686,-90.58055878
283.800000,67.79700470,-91.70476532,67.71999359,-90.58052063
283.850000,67.79735565,-91.70494080,67.72039032,-90.58047485
283.900000,67.79769897,-91.70512390,67.72078705,-90.58042908
283.950000,67.79804993,-91.70530701,67.72119141,-90.58039093
284.000000,67.79839325,-91.70549011,67.72158813,-90.58034515
284.050000,67.79873657,-91.70567322,67.72198486,-90.58030701
284.100000,67.79908752,-91.70584869,67.72238159,-90.58026123
284.150000,67.79943085,-91.70603180,67.72277832,-90.58021545
284.200000,67.79977417,-91.70621490,67.72318268,-90.58017731
284.250000,67.80012512,-91.70639801,67.72357941,-90.58013153
284.300000,67.80046844,-91.70658112,67.72397614,-90.58009338
284.350000,67.80081177,-91.70675659,67.72437286,-90.58004761
284.400000,67.80116272,-91.70693970,67.72476959,-90.58000183
284.450000,67.80150604,-91.70712280,67.72517395,-90.57996368
284.500000,67.80184937,-91.70730591,67.72557068,-90.57991791
284.550000,67.80220032,-91.70748138,67.72596741,-90.57987976
284.600000,67.80254364,-91.70766449,67.72636414,-90.57983398
284.650000,67.80288696,-91.70784760,67.72676086,-90.57978821
284.700000,67.80323029,-91.70803070,67.72715759,-90.57975006
284.750000,67.80358124,-91.70821381,67.72756195,-90.57970428
284.800000,67.80392456,-91.70838928,67.72795868,-90.57966614
284.850000,67.80426788,-91.70857239,67.72835541,-90.57962036
284.900000,67.80461884,-91.70875549,67.72875214,-90.57957458
284.950000,67.80496216,-91.70893860,67.72914886,-90.57953644
285.000000,67.80530548,-91.70911407,67.72954559,-90.57949066
285.050000,67.80564880,-91.70929718,67.72994232,-90.57945251
285.100000,67.80599976,-91.70948029,67.73033905,-90.57940674
285.150000,67.80634308,-91.70966339,67.73074341,-90.57936096
285.200000,67.80668640,-91.70984650,67.73114014,-90.57932281
285.250000,67.80702972,-91.71002197,67.73153687,-90.57927704
285.300000,67.80737305,-91.71020508,67.73193359,-90.57923126
285.350000,67.80772400,-91.71038818,67.73233032,-90.57919312
285.400000,67.80806732,-91.71057129,67.73272705,-90.57914734
285.450000,67.80841064,-91.71074677,67.73312378,-90.57910919
285.500000,67.80875397,-91.71092987,67.73352051,-90.57906342
285.550000,67.80910492,-91.71111298,67.73391724,-90.57902527
285.600000,67.80944824,-91.71129608,67.73431396,-90.57897949
285.650000,67.80979156,-91.71147919,67.73471069,-90.57893372
285.700000,67.81013489,-91.71165466,67.73510742,-90.57889557
285.750000,67.81047821,-91.71183777,67.73550415,-90.57884979
285.800000,67.81082916,-91.71202087,67.73590088,-90.57880402
285.850000,67.81117249,-91.71220398,67.73629761,-90.57876587
285.900000,67.81151581,-91.71237946,67.73669434,-90.57872009
285.950000,67.81185913,-91.71256256,67.73709106,-90.57867432
286.000000,67.81220245,-91.71274567,67.73748779,-90.57863617
286.050000,67.81254578,-91.71292877,67.73788452,-90.57859039
286.100000,67.81288910,-91.71311188,67.73828125,-90.57855225
286.150000,67.81323242,-91.71328735,67.73867798,-90.57850647
286.200000,67.81358337,-91.71347046,67.73907471,-90.57846069
286.250000,67.81392670,-91.71365356,67.73947144,-90.57842255
286.300000,67.81427002,-91.71383667,67.73986816,-90.57837677
286.350000,67.81461334,-91.71401215,67.74026489,-90.57833099
286.400000,67.81495667,-91.71419525,67.74066162,-90.57829285
286.450000,67.81529999,-91.71437836,67.74105835,-90.57824707
286.500000,67.81564331,-91.71456146,67.74145508,-90.57820892
286.550000,67.81598663,-91.71474457,67.74185181,-90.57816315
286.600000,67.81632996,-91.71492004,67.74224854,-90.57811737
286.650000,67.81667328,-91.71510315,67.74264526,-90.57807922
286.700000,67.81701660,-91.71528625,67.74304199,-90.57803345
286.750000,67.81736755,-91.71546936,67.74343872,-90.57798767
286.800000,67.81771088,-91.71564484,67.74383545,-90.57794952
286.850000,67.81805420,-91.71582794,67.74422455,-90.57790375
286.900000,67.81839752,-91.71601105,67.74462128,-90.57785797
286.950000,67.81874084,-91.71619415,67.74501801,-90.57781982
287.000000,67.81908417,-91.71636963,67.74541473,-90.57777405
287.050000,67.81942749,-91.71655273,67.74581146,-90.57772827
287.100000,67.81977081,-91.71673584,67.74620819,-90.57769012
287.150000,67.82011414,-91.71691895,67.74660492,-90.57764435
287.200000,67.82045746,-91.71709442,67.74700165,-90.57760620
287.250000,67.82080078,-91.71727753,67.74739075,-90.57756042
287.300000,67.82114410,-91.71746063,67.74778748,-90.57751465
287.350000,67.82148743,-91.71764374,67.74818420,-90.57747650
287.400000,67.82183075,-91.71782684,67.74858093,-90.57743073
287.450000,67.82217407,-91.71800232,67.74897766,-90.57738495
287.500000,67.82251740,-91.71818542,67.74937439,-90.57734680
287.550000,67.82286072,-91.71836853,67.74976349,-90.57730103
287.600000,67.82320404,-91.71855164,67.75016022,-90.57725525
287.650000,67.82354736,-91.71872711,67.75055695,-90.57721710
287.700000,67.82389069,-91.71891022,67.75095367,-90.57717133
287.750000,67.82423401,-91.71909332,67.75135040,-90.57712555
287.800000,67.82457733,-91.71927643,67.75173950,-90.57708740
287.850000,67.82492065,-91.71945190,67.75213623,-90.57704163
287.900000,67.82526398,-91.71963501,67.75253296,-90.57699585
287.950000,67.82559967,-91.71981812,67.75292969,-90.57695770
288.000000,67.82594299,-91.72000122,67.75332642,-90.57691193
288.050000,67.82628632,-91.72017670,67.75371552,-90.57687378
288.100000,67.82662964,-91.72035980,67.75411224,-90.57682800
288.150000,67.82697296,-91.72054291,67.75450897,-90.57678223
288.200000,67.82731628,-91.72072601,67.75490570,-90.57673645
288.250000,67.82765961,-91.72090149,67.75529480,-90.57669830
288.300000,67.82800293,-91.72108459,67.75569153,-90.57665253
288.350000,67.82834625,-91.72126770,67.75608826,-90.57660675
288.400000,67.82868958,-91.72145081,67.75647736,-90.57656860
288.450000,67.82903290,-91.72162628,67.75687408,-90.57652283
288.500000,67.82936859,-91.72180939,67.75727081,-90.57647705
288.550000,67.82971191,-91.72199249,67.75765991,-90.57643890
288.600000,67.83005524,-91.72217560,67.75805664,-90.57639313
288.650000,67.83039856,-91.72235107,67.75845337,-90.57634735
288.700000,67.83074188,-91.72253418,67.75885010,-90.57630920
288.750000,67.83108521,-91.72271729,67.75923920,-90.57626343
288.800000,67.83142853,-91.72290039,67.75963593,-90.57621765
288.850000,67.83176422,-91.72308350,67.76003265,-90.57617950
288.900000,67.83210754,-91.72325897,67.76042175,-90.57613373
288.950000,67.83245087,-91.72344208,67.76081848,-90.57608795
289.000000,67.83279419,-91.72362518,67.76121521,-90.57604980
289.050000,67.83313751,-91.72380829,67.76160431,-90.57600403
289.100000,67.83348083,-91.72398376,67.76200104,-90.57595825
289.150000,67.83381653,-91.72416687,67.76239014,-90.57592010
289.200000,67.83415985,-91.72434998,67.76278687,-90.57587433
289.250000,67.83450317,-91.72453308,67.76318359,-90.57582855
289.300000,67.83484650,-91.72470856,67.76357269,-90.57579041
289.350000,67.83518982,-91.72489166,67.76396942,-90.57574463
289.400000,67.83552551,-91.72507477,67.76436615,-90.57569885
289.450000,67.83586884,-91.72525787,67.76475525,-90.57566071
289.500000,67.83621216,-91.72543335,67.76515198,-90.57561493
289.550000,67.83655548,-91.72561646,67.76554108,-90.57556915
289.600000,67.83689117,-91.72579956,67.76593781,-90.57552338
289.650000,67.83723450,-91.72598267,67.76632690,-90.57548523
289.700000,67.83757782,-91.72615814,67.76672363,-90.57543945
289.750000,67.83792114,-91.72634125,67.76712036,-90.57539368
289.800000,67.83825684,-91.72652435,67.76750946,-90.57535553
289.850000,67.83860016,-91.72670746,67.76790619,-90.57530975
289.900000,67.83894348,-91.72688293,67.76829529,-90.57526398
289.950000,67.83928680,-91.72706604,67.76869202,-90.57522583
290.000000,67.83962250,-91.72724915,67.76908112,-90.57518005
290.050000,67.83996582,-91.72742462,67.76947784,-90.57513428
290.100000,67.84030914,-91.72760773,67.76986694,-90.57509613
290.150000,67.84064484,-91.72779083,67.77026367,-90.57505035
290.200000,67.84098816,-91.72797394,67.77065277,-90.57500458
290.250000,67.84133148,-91.72814941,67.77104950,-90.57495880
290.300000,67.84166718,-91.72833252,67.77143860,-90.57492065
290.350000,67.84201050,-91.72851562,67.77183533,-90.57487488
290.400000,67.84235382,-91.72869873,67.77222443,-90.57482910
290.450000,67.84268951,-91.72887421,67.77262115,-90.57479095
290.500000,67.84303284,-91.72905731,67.77301025,-90.57474518
290.550000,67.84337616,-91.72924042,67.77340698,-90.57469940
290.600000,67.84371185,-91.72942352,67.77379608,-90.57465363
290.650000,67.84405518,-91.72959900,67.77419281,-90.57461548
290.700000,67.84439850,-91.72978210,67.77458191,-90.57456970
290.750000,67.84473419,-91.72996521,67.77497864,-90.57452393
290.800000,67.84507751,-91.73014832,67.77536774,-90.57447815
290.850000,67.84542084,-91.73032379,67.77575684,-90.57444000
290.900000,67.84575653,-91.73050690,67.77615356,-90.57439423
290.950000,67.84609985,-91.73069000,67.77654266,-90.57434845
291.000000,67.84643555,-91.73087311,67.77693939,-90.57431030
291.050000,67.84677887,-91.73104858,67.77732849,-90.57426453
291.100000,67.84712219,-91.73123169,67.77772522,-90.57421875
291.150000,67.84745789,-91.73141479,67.77811432,-90.57417297
291.200000,67.84780121,-91.73159027,67.77850342,-90.57413483
291.250000,67.84813690,-91.73177338,67.77890015,-90.57408905
291.300000,67.84848022,-91.73195648,67.77928925,-90.57404327
291.350000,67.84882355,-91.73213959,67.77968597,-90.57400513
291.400000,67.84915924,-91.73231506,67.78007507,-90.57395935
291.450000,67.84950256,-91.73249817,67.78046417,-90.57391357
291.500000,67.84983826,-91.73268127,67.78086090,-90.57386780
291.550000,67.85018158,-91.73286438,67.78125000,-90.57382965
291.600000,67.85051727,-91.73303986,67.78163910,-90.57378387
291.650000,67.85086060,-91.73322296,67.78203583,-90.57373810
291.700000,67.85119629,-91.73340607,67.78242493,-90.57369232
291.750000,67.85153961,-91.73358917,67.78281403,-90.57365417
291.800000,67.85187531,-91.73376465,67.78321075,-90.57360840
291.850000,67.85221863,-91.73394775,67.78359985,-90.57356262
291.900000,67.85255432,-91.73413086,67.78398895,-90.57352448
291.950000,67.85289764,-91.73430634,67.78438568,-90.57347870
292.000000,67.85323334,-91.73448944,67.78477478,-90.57343292
292.050000,67.85357666,-91.73467255,67.78516388,-90.57338715
292.100000,67.85391235,-91.73485565,67.78555298,-90.57334900
292.150000,67.85425568,-91.73503113,67.78594971,-90.57330322
292.200000,67.85459137,-91.73521423,67.78633881,-90.57325745
292.250000,67.85493469,-91.73539734,67.78672791,-90.57321167
292.300000,67.85527039,-91.73558044,67.78712463,-90.57317352
292.350000,67.85561371,-91.73575592,67.78751373,-90.57312775
292.400000,67.85594940,-91.73593903,67.78790283,-90.57308197
292.450000,67.85629272,-91.73612213,67.78829193,-90.57303619
292.500000,67.85662842,-91.73630524,67.78868866,-90.57299805
292.550000,67.85697174,-91.73648071,67.78907776,-90.57295227
292.600000,67.85730743,-91.73666382,67.78946686,-90.57290649
292.650000,67.85764313,-91.73684692,67.78985596,-90.57286072
292.700000,67.85798645,-91.73703003,67.79025269,-90.57282257
292.750000,67.85832214,-91.73720551,67.79064178,-90.57277679
292.800000,67.85866547,-91.73738861,67.79103088,-90.57273102
292.850000,67.85900116,-91.73757172,67.79141998,-90.57268524
292.900000,67.85934448,-91.73774719,67.79180908,-90.57264709
292.950000,67.85968018,-91.73793030,67.79220581,-90.57260132
293.000000,67.86001587,-91.73811340,67.79259491,-90.57255554
293.050000,67.86035919,-91.73829651,67.79298401,-90.57250977
293.100000,67.86069489,-91.73847198,67.79337311,-90.57247162
293.150000,67.86103821,-91.73865509,67.79376221,-90.57242584
293.200000,67.86137390,-91.73883820,67.79415131,-90.57238007
293.250000,67.86170959,-91.73901367,67.79454803,-90.57233429
293.300000,67.86205292,-91.73919678,67.79493713,-90.57228851
293.350000,67.86238861,-91.73937988,67.79532623,-90.57225037
293.400000,67.86272430,-91.73956299,67.79571533,-90.57220459
293.450000,67.86306763,-91.73973846,67.79610443,-90.57215881
293.500000,67.86340332,-91.73992157,67.79649353,-90.57211304
293.550000,67.86373901,-91.74010468,67.79688263,-90.57207489
293.600000,67.86408234,-91.74028778,67.79727936,-90.57202911
293.650000,67.86441803,-91.74046326,67.79766846,-90.57198334
293.700000,67.86475372,-91.74064636,67.79805756,-90.57193756
293.750000,67.86509705,-91.74082947,67.79844666,-90.57189941
293.800000,67.86543274,-91.74100494,67.79883575,-90.57185364
293.850000,67.86576843,-91.74118805,67.79922485,-90.57180786
293.900000,67.86611176,-91.74137115,67.79961395,-90.57176208
293.950000,67.86644745,-91.74155426,67.80000305,-90.57171631
294.000000,67.86678314,-91.74172974,67.80039215,-90.57167816
294.050000,67.86712646,-91.74191284,67.80078125,-90.57163239
294.100000,67.86746216,-91.74209595,67.80117035,-90.57158661
294.150000,67.86779785,-91.74227142,67.80155945,-90.57154083
294.200000,67.86813354,-91.74245453,67.80194855,-90.57150269
294.250000,67.86847687,-91.74263763,67.80234528,-90.57145691
294.300000,67.86881256,-91.74282074,67.80273437,-90.57141113
294.350000,67.86914825,-91.74299622,67.80312347,-90.57136536
294.400000,67.86948395,-91.74317932,67.80351257,-90.57131958
294.450000,67.86982727,-91.74336243,67.80390167,-90.57128143
294.500000,67.87016296,-91.74353790,67.80429077,-90.57123566
294.550000,67.87049866,-91.74372101,67.80467987,-90.57118988
294.600000,67.87083435,-91.74390411,67.80506897,-90.57114410
294.650000,67.87117004,-91.74407959,67.80545807,-90.57109833
294.700000,67.87151337,-91.74426270,67.80584717,-90.57106018
294.750000,67.87184906,-91.74444580,67.80623627,-90.57101440
294.800000,67.87218475,-91.74462891,67.80662537,-90.57096863
294.850000,67.87252045,-91.74480438,67.80701447,-90.57092285
294.900000,67.87286377,-91.74498749,67.80740356,-90.57087708
294.950000,67.87319946,-91.74517059,67.80779266,-90.57083893
295.000000,67.87353516,-91.74535370,67.80818176,-90.57079315
295.050000,67.87387085,-91.74552917,67.80857086,-90.57074738
295.100000,67.87420654,-91.74571228,67.80895233,-90.57070160
295.150000,67.87454224,-91.74589539,67.80934143,-90.57066345
295.200000,67.87488556,-91.74607086,67.80973053,-90.57061768
295.250000,67.87522125,-91.74625397,67.81011963,-90.57057190
295.300000,67.87555695,-91.74643707,67.81050873,-90.57052612
295.350000,67.87589264,-91.74661255,67.81089783,-90.57048035
295.400000,67.87622833,-91.74679565,67.81128693,-90.57043457
295.450000,67.87656403,-91.74697876,67.81167603,-90.57039642
295.500000,67.87690735,-91.74716187,67.81206512,-90.57035065
295.550000,67.87724304,-91.74733734,67.81245422,-90.57030487
295.600000,67.87757874,-91.74752045,67.81284332,-90.57025909
295.650000,67.87791443,-91.74770355,67.81322479,-90.57022095
295.700000,67.87825012,-91.74788666,67.81361389,-90.57017517
295.750000,67.87858582,-91.74806213,67.81400299,-90.57012939
295.800000,67.87892151,-91.74824524,67.81439209,-90.57008362
295.850000,67.87925720,-91.74842834,67.81478119,-90.57003784
295.900000,67.87959290,-91.74860382,67.81517029,-90.56999207
295.950000,67.87992859,-91.74878693,67.81555939,-90.56995392
296.000000,67.88026428,-91.74897003,67.81594849,-90.56990814
296.050000,67.88060760,-91.74914551,67.81632996,-90.56986237
296.100000,67.88094330,-91.74932861,67.81671906,-90.56981659
296.150000,67.88127899,-91.74951172,67.81710815,-90.56977081
296.200000,67.88161469,-91.74969482,67.81749725,-90.56972504
296.250000,67.88195038,-91.74987030,67.81788635,-90.56968689
296.300000,67.88228607,-91.75005341,67.81826782,-90.56964111
296.350000,67.88262177,-91.75023651,67.81865692,-90.56959534
296.400000,67.88295746,-91.75041199,67.81904602,-90.56954956
296.450000,67.88329315,-91.75059509,67.81943512,-90.56950378
296.500000,67.88362885,-91.75077820,67.81982422,-90.56946564
296.550000,67.88396454,-91.75096130,67.82020569,-90.56941986
296.600000,67.88430023,-91.75113678,67.82059479,-90.56937408
296.650000,67.88463593,-91.75131989,67.82098389,-90.56932831
296.700000,67.88497162,-91.75150299,67.82137299,-90.56928253
296.750000,67.88530731,-91.75167847,67.82175446,-90.56923676
296.800000,67.88564301,-91.75186157,67.82214355,-90.56919861
296.850000,67.88597870,-91.75204468,67.82253265,-90.56915283
296.900000,67.88631439,-91.75222015,67.82292175,-90.56910706
296.950000,67.88665009,-91.75240326,67.82330322,-90.56906128
297.000000,67.88698578,-91.75258636,67.82369232,-90.56901550
297.050000,67.88732147,-91.75276184,67.82408142,-90.56896973
297.100000,67.88765717,-91.75294495,67.82447052,-90.56893158
297.150000,67.88799286,-91.75312805,67.82485199,-90.56888580
297.200000,67.88832855,-91.75331116,67.82524109,-90.56884003
297.250000,67.88866425,-91.75348663,67.82563019,-90.56879425
297.300000,67.88899994,-91.75366974,67.82601929,-90.56874847
297.350000,67.88933563,-91.75385284,67.82640076,-90.56870270
297.400000,67.88967133,-91.75402832,67.82678986,-90.56866455
297.450000,67.89000702,-91.75421143,67.82717896,-90.56861877
297.500000,67.89033508,-91.75439453,67.82756042,-90.56857300
297.550000,67.89067078,-91.75457001,67.82794952,-90.56852722
297.600000,67.89100647,-91.75475311,67.82833862,-90.56848145
297.650000,67.89134216,-91.75493622,67.82872009,-90.56843567
297.700000,67.89167786,-91.75511932,67.82910919,-90.56838989
297.750000,67.89201355,-91.75529480,67.82949066,-90.56835175
297.800000,67.89234924,-91.75547791,67.82987976,-90.56830597
297.850000,67.89268494,-91.75566101,67.83026886,-90.56826019
297.900000,67.89302063,-91.75583649,67.83065033,-90.56821442
297.950000,67.89335632,-91.75601959,67.83103943,-90.56816864
298.000000,67.89368439,-91.75620270,67.83142853,-90.56812286
298.050000,67.89402008,-91.75637817,67.83181000,-90.56807709
298.100000,67.89435577,-91.75656128,67.83219910,-90.56803894
298.150000,67.89469147,-91.75674438,67.83258057,-90.56799316
298.200000,67.89502716,-91.75691986,67.83296967,-90.56794739
298.250000,67.89536285,-91.75710297,67.83335876,-90.56790161
298.300000,67.89569092,-91.75728607,67.83374023,-90.56785583
298.350000,67.89602661,-91.75746155,67.83412933,-90.56781006
298.400000,67.89636230,-91.75764465,67.83451080,-90.56776428
298.450000,67.89669800,-91.75782776,67.83489990,-90.56772614
298.500000,67.89703369,-91.75801086,67.83528137,-90.56768036
298.550000,67.89736938,-91.75818634,67.83567047,-90.56763458
298.600000,67.89769745,-91.75836945,67.83605957,-90.56758881
298.650000,67.89803314,-91.75855255,67.83644104,-90.56754303
298.700000,67.89836884,-91.75872803,67.83683014,-90.56749725
298.750000,67.89870453,-91.75891113,67.83721161,-90.56745148
298.800000,67.89904022,-91.75909424,67.83760071,-90.56740570
298.850000,67.89936829,-91.75926971,67.83798218,-90.56736755
298.900000,67.89970398,-91.75945282,67.83837128,-90.56732178
298.950000,67.90003967,-91.75963593,67.83875275,-90.56727600
299.000000,67.90037537,-91.75981140,67.83914185,-90.56723022
299.050000,67.90070343,-91.75999451,67.83952332,-90.56718445
299.100000,67.90103912,-91.76017761,67.83991241,-90.56713867
299.150000,67.90137482,-91.76035309,67.84029388,-90.56709290
299.200000,67.90171051,-91.76053619,67.84068298,-90.56704712
299.250000,67.90203857,-91.76071930,67.84106445,-90.56700897
299.300000,67.90237427,-91.76090240,67.84145355,-90.56696320
299.350000,67.90270996,-91.76107788,67.84183502,-90.56691742
299.400000,67.90304565,-91.76126099,67.84222412,-90.56687164
299.450000,67.90337372,-91.76144409,67.84260559,-90.56682587
299.500000,67.90370941,-91.76161957,67.84298706,-90.56678009
299.550000,67.90404510,-91.76180267,67.84337616,-90.56673431
299.600000,67.90437317,-91.76198578,67.84375763,-90.56668854
299.650000,67.90470886,-91.76216125,67.84414673,-90.56664276
299.700000,67.90504456,-91.76234436,67.84452820,-90.56660461
299.750000,67.90538025,-91.76252747,67.84491730,-90.56655884
299.800000,67.90570831,-91.76270294,67.84529877,-90.56651306
299.850000,67.90604401,-91.76288605,67.84568024,-90.56646729
299.900000,67.90637970,-91.76306915,67.84606934,-90.56642151
299.950000,67.90670776,-91.76324463,67.84645081,-90.56637573
300.000000,67.90704346,-91.76342773,67.84683990,-90.56632996
300.050000,67.90737915,-91.76361084,67.84722137,-90.56628418
300.100000,67.90770721,-91.76378632,67.84760284,-90.56623840
300.150000,67.90804291,-91.76396942,67.84799194,-90.56620026
300.200000,67.90837097,-91.76415253,67.84837341,-90.56615448
300.250000,67.90870667,-91.76432800,67.84876251,-90.56610870
300.300000,67.90904236,-91.76451111,67.84914398,-90.56606293
300.350000,67.90937042,-91.76469421,67.84952545,-90.56601715
300.400000,67.90970612,-91.76486969,67.84991455,-90.56597137
300.450000,67.91004181,-91.76505280,67.85029602,-90.56592560
300.500000,67.91036987,-91.76523590,67.85067749,-90.56587982
300.550000,67.91070557,-91.76541138,67.85106659,-90.56583405
300.600000,67.91103363,-91.76559448,67.85144806,-90.56578827
300.650000,67.91136932,-91.76577759,67.85182953,-90.56574249
300.700000,67.91170502,-91.76596069,67.85221863,-90.56569672
300.750000,67.91203308,-91.76613617,67.85260010,-90.56565857
300.800000,67.91236877,-91.76631927,67.85298157,-90.56561279
300.850000,67.91269684,-91.76650238,67.85336304,-90.56556702
300.900000,67.91303253,-91.76667786,67.85375214,-90.56552124
300.950000,67.91336060,-91.76686096,67.85413361,-90.56547546
301.000000,67.91369629,-91.76704407,67.85451508,-90.56542969
301.050000,67.91403198,-91.76721954,67.85490417,-90.56538391
301.100000,67.91436005,-91.76740265,67.85528564,-90.56533813
301.150000,67.91469574,-91.76757812,67.85566711,-90.56529236
301.200000,67.91502380,-91.76776123,67.85604858,-90.56524658
301.250000,67.91535950,-91.76794434,67.85643768,-90.56520081
301.300000,67.91568756,-91.76811981,67.85681915,-90.56516266
301.350000,67.91602325,-91.76830292,67.85720062,-90.56511688
301.400000,67.91635132,-91.76848602,67.85758209,-90.56507111
301.450000,67.91668701,-91.76866150,67.85796356,-90.56502533
301.500000,67.91701508,-91.76884460,67.85835266,-90.56497955
301.550000,67.91735077,-91.76902771,67.85873413,-90.56493378
301.600000,67.91767883,-91.76920319,67.85911560,-90.56488800
301.650000,67.91801453,-91.76938629,67.85949707,-90.56484222
301.700000,67.91834259,-91.76956940,67.85988617,-90.56479645
301.750000,67.91867828,-91.76974487,67.86026764,-90.56475067
301.800000,67.91900635,-91.76992798,67.86064911,-90.56470490
301.850000,67.91934204,-91.77011108,67.86103058,-90.56465912
301.900000,67.91967010,-91.77028656,67.86141205,-90.56461334
301.950000,67.92000580,-91.77046967,67.86179352,-90.56456757
302.000000,67.92033386,-91.77065277,67.86218262,-90.56452942
302.050000,67.92066956,-91.77082825,67.86256409,-90.56448364
302.100000,67.92099762,-91.77101135,67.86294556,-90.56443787
302.150000,67.92132568,-91.77119446,67.86332703,-90.56439209
302.200000,67.92166138,-91.77136993,67.86370850,-90.56434631
302.250000,67.92198944,-91.77155304,67.86408997,-90.56430054
302.300000,67.92232513,-91.77173615,67.86447906,-90.56425476
302.350000,67.92265320,-91.77191925,67.86486053,-90.56420898
302.400000,67.92298889,-91.77209473,67.86524200,-90.56416321
302.450000,67.92331696,-91.77227783,67.86562347,-90.56411743
302.500000,67.92364502,-91.77245331,67.86600494,-90.56407166
302.550000,67.92398071,-91.77263641,67.86638641,-90.56402588
302.600000,67.92430878,-91.77281952,67.86676788,-90.56398010
302.650000,67.92463684,-91.77299500,67.86714935,-90.56393433
302.700000,67.92497253,-91.77317810,67.86753082,-90.56388855
302.750000,67.92530060,-91.77336121,67.86791992,-90.56384277
302.800000,67.92563629,-91.77353668,67.86830139,-90.56379700
302.850000,67.92596436,-91.77371979,67.86868286,-90.56375122
302.900000,67.92629242,-91.77390289,67.86906433,-90.56370544
302.950000,67.92662811,-91.77407837,67.86944580,-90.56365967
303.000000,67.92695618,-91.77426147,67.86982727,-90.56362152
303.050000,67.92728424,-91.77444458,67.87020874,-90.56357574
303.100000,67.92761993,-91.77462006,67.87059021,-90.56352997
303.150000,67.92794800,-91.77480316,67.87097168,-90.56348419
303.200000,67.92827606,-91.77497864,67.87135315,-90.56343842
303.250000,67.92861176,-91.77516174,67.87173462,-90.56339264
303.300000,67.92893982,-91.77534485,67.87211609,-90.56334686
303.350000,67.92926788,-91.77552032,67.87249756,-90.56330109
303.400000,67.92960358,-91.77570343,67.87287903,-90.56325531
303.450000,67.92993164,-91.77588654,67.87326050,-90.56320953
303.500000,67.93025970,-91.77606201,67.87364197,-90.56316376
303.550000,67.93058777,-91.77624512,67.87402344,-90.56311798
303.600000,67.93092346,-91.77642822,67.87440491,-90.56307220
303.650000,67.93125153,-91.77660370,67.87478638,-90.56302643
303.700000,67.93157959,-91.77678680,67.87516785,-90.56298065
303.750000,67.93191528,-91.77696991,67.87554932,-90.56293488
303.800000,67.93224335,-91.77714539,67.87593079,-90.56288910
303.850000,67.93257141,-91.77732849,67.87631226,-90.56284332
303.900000,67.93289948,-91.77751160,67.87669373,-90.56279755
303.950000,67.93323517,-91.77768707,67.87707520,-90.56275177
304.000000,67.93356323,-91.77787018,67.87745667,-90.56270599
304.050000,67.93389130,-91.77805328,67.87783813,-90.56266022
304.100000,67.93421936,-91.77822876,67.87821960,-90.56261444
304.150000,67.93455505,-91.77841187,67.87860107,-90.56256866
304.200000,67.93488312,-91.77859497,67.87897491,-90.56252289
304.250000,67.93521118,-91.77877045,67.87935638,-90.56247711
304.300000,67.93553925,-91.77895355,67.87973785,-90.56243134
304.350000,67.93586731,-91.77912903,67.88011932,-90.56238556
304.400000,67.93620300,-91.77931213,67.88050079,-90.56233978
304.450000,67.93653107,-91.77949524,67.88088226,-90.56229401
304.500000,67.93685913,-91.77967072,67.88126373,-90.56224823
304.550000,67.93718719,-91.77985382,67.88164520,-90.56220245
304.600000,67.93751526,-91.78003693,67.88202667,-90.56215668
304.650000,67.93785095,-91.78021240,67.88240814,-90.56211090
304.700000,67.93817902,-91.78039551,67.88278198,-90.56206512
304.750000,67.93850708,-91.78057861,67.88316345,-90.56201935
304.800000,67.93883514,-91.78075409,67.88354492,-90.56197357
304.850000,67.93916321,-91.78093719,67.88392639,-90.56192780
304.900000,67.93949127,-91.78111267,67.88430786,-90.56188202
304.950000,67.93982697,-91.78129578,67.88468933,-90.56183624
305.000000,67.94015503,-91.78147888,67.88506317,-90.56179047
305.050000,67.94048309,-91.78165436,67.88544464,-90.56174469
305.100000,67.94081116,-91.78183746,67.88582611,-90.56169891
305.150000,67.94113922,-91.78202057,67.88620758,-90.56165314
305.200000,67.94146729,-91.78219604,67.88658905,-90.56160736
305.250000,67.94179535,-91.78237915,67.88697052,-90.56156158
305.300000,67.94213104,-91.78256226,67.88734436,-90.56151581
305.350000,67.94245911,-91.78273773,67.88772583,-90.56147003
305.400000,67.94278717,-91.78292084,67.88810730,-90.56142426
305.450000,67.94311523,-91.78309631,67.88848877,-90.56137848
305.500000,67.94344330,-91.78327942,67.88887024,-90.56133270
305.550000,67.94377136,-91.78346252,67.88924408,-90.56128693
305.600000,67.94409943,-91.78363800,67.88962555,-90.56124115
305.650000,67.94442749,-91.78382111,67.89000702,-90.56119537
305.700000,67.94475555,-91.78400421,67.89038086,-90.56114960
305.750000,67.94508362,-91.78417969,67.89076233,-90.56110382
305.800000,67.94541168,-91.78436279,67.89114380,-90.56105804
305.850000,67.94573975,-91.78454590,67.89152527,-90.56101227
305.900000,67.94606781,-91.78472137,67.89189911,-90.56096649
305.950000,67.94639587,-91.78490448,67.89228058,-90.56092072
306.000000,67.94672394,-91.78507996,67.89266205,-90.56087494
306.050000,67.94705963,-91.78526306,67.89304352,-90.56082916
306.100000,67.94738770,-91.78544617,67.89341736,-90.56078339
306.150000,67.94771576,-91.78562164,67.89379883,-90.56073761
306.200000,67.94804382,-91.78580475,67.89418030,-90.56069183
306.250000,67.94837189,-91.78598785,67.89455414,-90.56064606
306.300000,67.94869995,-91.78616333,67.89493561,-90.56060028
306.350000,67.94902802,-91.78634644,67.89531708,-90.56055450
306.400000,67.94935608,-91.78652191,67.89569092,-90.56050873
306.450000,67.94968414,-91.78670502,67.89607239,-90.56046295
306.500000,67.95001221,-91.78688812,67.89645386,-90.56041718
306.550000,67.95034027,-91.78706360,67.89682770,-90.56037140
306.600000,67.95066833,-91.78724670,67.89720917,-90.56032562
306.650000,67.95099640,-91.78742981,67.89759064,-90.56027985
306.700000,67.95132446,-91.78760529,67.89796448,-90.56023407
306.750000,67.95164490,-91.78778839,67.89834595,-90.56018829
306.800000,67.95197296,-91.78796387,67.89872742,-90.56014252
306.850000,67.95230103,-91.78814697,67.89910126,-90.56009674
306.900000,67.95262909,-91.78833008,67.89948273,-90.56004333
306.950000,67.95295715,-91.78851318,67.89986420,-90.55999756
307.000000,67.95328522,-91.78868866,67.90023804,-90.55995178
307.050000,67.95361328,-91.78887177,67.90061951,-90.55990601
307.100000,67.95394135,-91.78904724,67.90099335,-90.55986023
307.150000,67.95426941,-91.78923035,67.90137482,-90.55981445
307.200000,67.95459747,-91.78940582,67.90175629,-90.55976868
307.250000,67.95492554,-91.78958893,67.90213013,-90.55972290
307.300000,67.95525360,-91.78977203,67.90251160,-90.55967712
307.350000,67.95558167,-91.78994751,67.90288544,-90.55963135
307.400000,67.95590973,-91.79013062,67.90326691,-90.55958557
307.450000,67.95623016,-91.79031372,67.90364075,-90.55953979
307.500000,67.95655823,-91.79048920,67.90402222,-90.55949402
307.550000,67.95688629,-91.79067230,67.90439606,-90.55944824
307.600000,67.95721436,-91.79085541,67.90477753,-90.55940247
307.650000,67.95754242,-91.79103088,67.90515900,-90.55935669
307.700000,67.95787048,-91.79121399,67.90553284,-90.55931091
307.750000,67.95819855,-91.79138947,67.90591431,-90.55926514
307.800000,67.95852661,-91.79157257,67.90628815,-90.55921936
307.850000,67.95884705,-91.79175568,67.90666962,-90.55917358
307.900000,67.95917511,-91.79193115,67.90704346,-90.55912018
307.950000,67.95950317,-91.79211426,67.90742493,-90.55907440
308.000000,67.95983124,-91.79228973,67.90779877,-90.55902863
308.050000,67.96015930,-91.79247284,67.90818024,-90.55898285
308.100000,67.96047974,-91.79265594,67.90855408,-90.55893707
308.150000,67.96080780,-91.79283142,67.90893555,-90.55889130
308.200000,67.96113586,-91.79301453,67.90930939,-90.55884552
308.250000,67.96146393,-91.79319763,67.90969086,-90.55879974
308.300000,67.96179199,-91.79337311,67.91006470,-90.55875397
308.350000,67.96212006,-91.79355621,67.91044617,-90.55870819
308.400000,67.96244049,-91.79373169,67.91082001,-90.55866241
308.450000,67.96276855,-91.79391479,67.91119385,-90.55861664
308.500000,67.96309662,-91.79409790,67.91157532,-90.55857086
308.550000,67.96342468,-91.79427338,67.91194916,-90.55852509
308.600000,67.96375275,-91.79445648,67.91233063,-90.55847168
308.650000,67.96407318,-91.79463196,67.91270447,-90.55842590
308.700000,67.96440125,-91.79481506,67.91308594,-90.55838013
308.750000,67.96472931,-91.79499817,67.91345978,-90.55833435
308.800000,67.96505737,-91.79517365,67.91383362,-90.55828857
308.850000,67.96537781,-91.79535675,67.91421509,-90.55824280
308.900000,67.96570587,-91.79553986,67.91458893,-90.55819702
308.950000,67.96603394,-91.79571533,67.91497040,-90.55815125
309.000000,67.96635437,-91.79589844,67.91534424,-90.55810547
309.050000,67.96668243,-91.79607391,67.91571808,-90.55805969
309.100000,67.96701050,-91.79625702,67.91609955,-90.55801392
309.150000,67.96733856,-91.79644012,67.91647339,-90.55796814
309.200000,67.96765900,-91.79661560,67.91684723,-90.55791473
309.250000,67.96798706,-91.79679871,67.91722870,-90.55786896
309.300000,67.96831512,-91.79697418,67.91760254,-90.55782318
309.350000,67.96863556,-91.79715729,67.91798401,-90.55777740
309.400000,67.96896362,-91.79734039,67.91835785,-90.55773163
309.450000,67.96929169,-91.79751587,67.91873169,-90.55768585
309.500000,67.96961975,-91.79769897,67.91911316,-90.55764008
309.550000,67.96994019,-91.79787445,67.91948700,-90.55759430
309.600000,67.97026825,-91.79805756,67.91986084,-90.55754852
309.650000,67.97059631,-91.79824066,67.92024231,-90.55750275
309.700000,67.97091675,-91.79841614,67.92061615,-90.55745697
309.750000,67.97124481,-91.79859924,67.92098999,-90.55740356
309.800000,67.97156525,-91.79877472,67.92137146,-90.55735779
309.850000,67.97189331,-91.79895782,67.92174530,-90.55731201
309.900000,67.97222137,-91.79914093,67.92211914,-90.55726624
309.950000,67.97254181,-91.79931641,67.92249298,-90.55722046
310.000000,67.97286987,-91.79949951,67.92287445,-90.55717468
310.050000,67.97319794,-91.79967499,67.92324829,-90.55712891
310.100000,67.97351837,-91.79985809,67.92362213,-90.55708313
310.150000,67.97384644,-91.80004120,67.92399597,-90.55703735
310.200000,67.97416687,-91.80021667,67.92437744,-90.55698395
310.250000,67.97449493,-91.80039978,67.92475128,-90.55693817
310.300000,67.97482300,-91.80057526,67.92512512,-90.55689240
310.350000,67.97514343,-91.80075836,67.92549896,-90.55684662
310.400000,67.97547150,-91.80094147,67.92588043,-90.55680084
310.450000,67.97579193,-91.80111694,67.92625427,-90.55675507
310.500000,67.97612000,-91.80130005,67.92662811,-90.55670929
310.550000,67.97644806,-91.80147552,67.92700195,-90.55666351
310.600000,67.97676849,-91.80165863,67.92738342,-90.55661774
310.650000,67.97709656,-91.80184174,67.92775726,-90.55656433
310.700000,67.97741699,-91.80201721,67.92813110,-90.55651855
310.750000,67.97774506,-91.80220032,67.92850494,-90.55647278
310.800000,67.97806549,-91.80237579,67.92887878,-90.55642700
310.850000,67.97839355,-91.80255890,67.92926025,-90.55638123
310.900000,67.97871399,-91.80274200,67.92963409,-90.55633545
310.950000,67.97904205,-91.80291748,67.93000793,-90.55628967
311.000000,67.97937012,-91.80310059,67.93038177,-90.55624390
311.050000,67.97969055,-91.80327606,67.93075562,-90.55619049
311.100000,67.98001862,-91.80345917,67.93112946,-90.55614471
311.150000,67.98033905,-91.80364227,67.93150330,-90.55609894
311.200000,67.98066711,-91.80381775,67.93188477,-90.55605316
311.250000,67.98098755,-91.80400085,67.93225861,-90.55600739
311.300000,67.98131561,-91.80417633,67.93263245,-90.55596161
311.350000,67.98163605,-91.80435944,67.93300629,-90.55591583
311.400000,67.98196411,-91.80453491,67.93338013,-90.55586243
311.450000,67.98228455,-91.80471802,67.93375397,-90.55581665
311.500000,67.98261261,-91.80490112,67.93412781,-90.55577087
311.550000,67.98293304,-91.80507660,67.93450928,-90.55572510
311.600000,67.98326111,-91.80525970,67.93488312,-90.55567932
311.650000,67.98358154,-91.80543518,67.93525696,-90.55563354
311.700000,67.98390198,-91.80561829,67.93563080,-90.55558777
311.750000,67.98423004,-91.80580139,67.93600464,-90.55553436
311.800000,67.98455048,-91.80597687,67.93637848,-90.55548859
311.850000,67.98487854,-91.80615997,67.93675232,-90.55544281
311.900000,67.98519897,-91.80633545,67.93712616,-90.55539703
311.950000,67.98552704,-91.80651855,67.93750000,-90.55535126
312.000000,67.98584747,-91.80670166,67.93787384,-90.55530548
312.050000,67.98617554,-91.80687714,67.93824768,-90.55525970
312.100000,67.98649597,-91.80706024,67.93862152,-90.55520630
312.150000,67.98681641,-91.80723572,67.93899536,-90.55516052
312.200000,67.98714447,-91.80741882,67.93937683,-90.55511475
312.250000,67.98746490,-91.80760193,67.93974304,-90.55506897
312.300000,67.98778534,-91.80777740,67.94012451,-90.55502319
312.350000,67.98811340,-91.80796051,67.94049835,-90.55497742
312.400000,67.98843384,-91.80813599,67.94087219,-90.55493164
312.450000,67.98876190,-91.80831909,67.94124603,-90.55487823
312.500000,67.98908234,-91.80849457,67.94161987,-90.55483246
312.550000,67.98940277,-91.80867767,67.94199371,-90.55478668
312.600000,67.98973083,-91.80885315,67.94236755,-90.55474091
312.650000,67.99005127,-91.80903625,67.94274139,-90.55469513
312.700000,67.99037170,-91.80921936,67.94311523,-90.55464935
312.750000,67.99069977,-91.80939484,67.94348907,-90.55459595
312.800000,67.99102020,-91.80957794,67.94386292,-90.55455017
312.850000,67.99134827,-91.80975342,67.94423676,-90.55450439
312.900000,67.99166870,-91.80993652,67.94460297,-90.55445862
312.950000,67.99198914,-91.81011963,67.94497681,-90.55441284
313.000000,67.99231720,-91.81029510,67.94535065,-90.55436707
313.050000,67.99263763,-91.81047821,67.94572449,-90.55431366
313.100000,67.99295807,-91.81065369,67.94609833,-90.55426788
313.150000,67.99327850,-91.81083679,67.94647217,-90.55422211
313.200000,67.99360657,-91.81101227,67.94684601,-90.55417633
313.250000,67.99392700,-91.81119537,67.94721985,-90.55413055
313.300000,67.99424744,-91.81137848,67.94759369,-90.55407715
313.350000,67.99457550,-91.81155396,67.94796753,-90.55403137
313.400000,67.99489594,-91.81173706,67.94834137,-90.55398560
313.450000,67.99521637,-91.81191254,67.94871521,-90.55393982
313.500000,67.99553680,-91.81209564,67.94908905,-90.55389404
313.550000,67.99586487,-91.81227112,67.94945526,-90.55384827
313.600000,67.99618530,-91.81245422,67.94982910,-90.55379486
313.650000,67.99650574,-91.81263733,67.95020294,-90.55374908
313.700000,67.99682617,-91.81281281,67.95057678,-90.55370331
313.750000,67.99715424,-91.81299591,67.95095062,-90.55365753
313.800000,67.99747467,-91.81317139,67.95132446,-90.55361176
313.850000,67.99779510,-91.81335449,67.95169830,-90.55356598
313.900000,67.99811554,-91.81353760,67.95207214,-90.55351257
313.950000,67.99844360,-91.81371307,67.95243835,-90.55346680
314.000000,67.99876404,-91.81389618,67.95281219,-90.55342102
314.050000,67.99908447,-91.81407166,67.95318604,-90.55337524
314.100000,67.99940491,-91.81425476,67.95355988,-90.55332947
314.150000,67.99973297,-91.81443024,67.95393372,-90.55327606
314.200000,68.00005341,-91.81461334,67.95430756,-90.55323029
314.250000,68.00037384,-91.81478882,67.95467377,-90.55318451
314.300000,68.00069427,-91.81497192,67.95504761,-90.55313873
314.350000,68.00101471,-91.81515503,67.95542145,-90.55309296
314.400000,68.00134277,-91.81533051,67.95579529,-90.55303955
314.450000,68.00166321,-91.81551361,67.95616913,-90.55299377
314.500000,68.00198364,-91.81568909,67.95653534,-90.55294800
314.550000,68.00230408,-91.81587219,67.95690918,-90.55290222
314.600000,68.00262451,-91.81604767,67.95728302,-90.55284882
314.650000,68.00294495,-91.81623077,67.95765686,-90.55280304
314.700000,68.00327301,-91.81641388,67.95803070,-90.55275726
314.750000,68.00359344,-91.81658936,67.95839691,-90.55271149
314.800000,68.00391388,-91.81677246,67.95877075,-90.55266571
314.850000,68.00423431,-91.81694794,67.95914459,-90.55261230
314.900000,68.00455475,-91.81713104,67.95951080,-90.55256653
314.950000,68.00487518,-91.81730652,67.95988464,-90.55252075
315.000000,68.00519562,-91.81748962,67.96025848,-90.55247498
315.050000,68.00552368,-91.81766510,67.96063232,-90.55242920
315.100000,68.00584412,-91.81784821,67.96099854,-90.55237579
315.150000,68.00616455,-91.81803131,67.96137238,-90.55233002
315.200000,68.00648499,-91.81820679,67.96174622,-90.55228424
315.250000,68.00680542,-91.81838989,67.96212006,-90.55223846
315.300000,68.00712585,-91.81856537,67.96248627,-90.55218506
315.350000,68.00744629,-91.81874847,67.96286011,-90.55213928
315.400000,68.00776672,-91.81892395,67.96323395,-90.55209351
315.450000,68.00808716,-91.81910706,67.96360016,-90.55204773
315.500000,68.00840759,-91.81929016,67.96397400,-90.55199432
315.550000,68.00872803,-91.81946564,67.96434784,-90.55194855
315.600000,68.00904846,-91.81964874,67.96471405,-90.55190277
315.650000,68.00937653,-91.81982422,67.96508789,-90.55185699
315.700000,68.00969696,-91.82000732,67.96546173,-90.55181122
315.750000,68.01001740,-91.82018280,67.96582794,-90.55175781
315.800000,68.01033783,-91.82036591,67.96620178,-90.55171204
315.850000,68.01065826,-91.82054138,67.96657562,-90.55166626
315.900000,68.01097870,-91.82072449,67.96694183,-90.55162048
315.950000,68.01129913,-91.82090759,67.96731567,-90.55156708
316.000000,68.01161957,-91.82108307,67.96768188,-90.55152130
316.050000,68.01194000,-91.82126617,67.96805573,-90.55147552
316.100000,68.01226044,-91.82144165,67.96842957,-90.55142975
316.150000,68.01258087,-91.82162476,67.96879578,-90.55137634
316.200000,68.01290131,-91.82180023,67.96916962,-90.55133057
316.250000,68.01322174,-91.82198334,67.96954346,-90.55128479
316.300000,68.01354218,-91.82215881,67.96990967,-90.55123901
316.350000,68.01386261,-91.82234192,67.97028351,-90.55119324
316.400000,68.01418304,-91.82251740,67.97064972,-90.55113983
316.450000,68.01450348,-91.82270050,67.97102356,-90.55109406
316.500000,68.01482391,-91.82288361,67.97138977,-90.55104828
316.550000,68.01514435,-91.82305908,67.97176361,-90.55100250
316.600000,68.01546478,-91.82324219,67.97212982,-90.55094910
316.650000,68.01578522,-91.82341766,67.97250366,-90.55090332
316.700000,68.01609802,-91.82360077,67.97287750,-90.55085754
316.750000,68.01641846,-91.82377625,67.97324371,-90.55080414
316.800000,68.01673889,-91.82395935,67.97361755,-90.55075836
316.850000,68.01705933,-91.82413483,67.97398376,-90.55071259
316.900000,68.01737976,-91.82431793,67.97435760,-90.55066681
316.950000,68.01770020,-91.82449341,67.97472382,-90.55061340
317.000000,68.01802063,-91.82467651,67.97509766,-90.55056763
317.050000,68.01834106,-91.82485962,67.97546387,-90.55052185
317.100000,68.01866150,-91.82503510,67.97583771,-90.55047607
317.150000,68.01898193,-91.82521820,67.97620392,-90.55042267
317.200000,68.01930237,-91.82539368,67.97657776,-90.55037689
317.250000,68.01962280,-91.82557678,67.97694397,-90.55033112
317.300000,68.01994324,-91.82575226,67.97731781,-90.55028534
317.350000,68.02025604,-91.82593536,67.97768402,-90.55023193
317.400000,68.02057648,-91.82611084,67.97805786,-90.55018616
317.450000,68.02089691,-91.82629395,67.97842407,-90.55014038
317.500000,68.02121735,-91.82647705,67.97879791,-90.55008698
317.550000,68.02153778,-91.82665253,67.97916412,-90.55004120
317.600000,68.02185822,-91.82683563,67.97953796,-90.54999542
317.650000,68.02217865,-91.82701111,67.97990417,-90.54994965
317.700000,68.02249908,-91.82719421,67.98027039,-90.54989624
317.750000,68.02281189,-91.82736969,67.98064423,-90.54985046
317.800000,68.02313232,-91.82755280,67.98101044,-90.54980469
317.850000,68.02345276,-91.82772827,67.98138428,-90.54975891
317.900000,68.02377319,-91.82791138,67.98175049,-90.54970551
317.950000,68.02409363,-91.82808685,67.98212433,-90.54965973
318.000000,68.02441406,-91.82826996,67.98249054,-90.54961395
318.050000,68.02472687,-91.82844543,67.98285675,-90.54956055
318.100000,68.02504730,-91.82862854,67.98323059,-90.54951477
318.150000,68.02536774,-91.82881165,67.98359680,-90.54946899
318.200000,68.02568817,-91.82898712,67.98397064,-90.54942322
318.250000,68.02600861,-91.82917023,67.98433685,-90.54936981
318.300000,68.02632141,-91.82934570,67.98470306,-90.54932404
318.350000,68.02664185,-91.82952881,67.98507690,-90.54927826
318.400000,68.02696228,-91.82970428,67.98544312,-90.54922485
318.450000,68.02728271,-91.82988739,67.98580933,-90.54917908
318.500000,68.02759552,-91.83006287,67.98618317,-90.54913330
318.550000,68.02791595,-91.83024597,67.98654938,-90.54907990
318.600000,68.02823639,-91.83042145,67.98691559,-90.54903412
318.650000,68.02855682,-91.83060455,67.98728943,-90.54898834
318.700000,68.02887726,-91.83078003,67.98765564,-90.54894257
318.750000,68.02919006,-91.83096313,67.98802948,-90.54888916
318.800000,68.02951050,-91.83113861,67.98839569,-90.54884338
318.850000,68.02983093,-91.83132172,67.98876190,-90.54879761
318.900000,68.03014374,-91.83149719,67.98912811,-90.54874420
318.950000,68.03046417,-91.83168030,67.98950195,-90.54869843
319.000000,68.03078461,-91.83186340,67.98986816,-90.54865265
319.050000,68.03110504,-91.83203888,67.99023437,-90.54859924
319.100000,68.03141785,-91.83222198,67.99060822,-90.54855347
319.150000,68.03173828,-91.83239746,67.99097443,-90.54850769
319.200000,68.03205872,-91.83258057,67.99134064,-90.54845428
319.250000,68.03237152,-91.83275604,67.99171448,-90.54840851
319.300000,68.03269196,-91.83293915,67.99208069,-90.54836273
319.350000,68.03301239,-91.83311462,67.99244690,-90.54831696
319.400000,68.03333282,-91.83329773,67.99281311,-90.54826355
319.450000,68.03364563,-91.83347321,67.99318695,-90.54821777
319.500000,68.03396606,-91.83365631,67.99355316,-90.54817200
319.550000,68.03428650,-91.83383179,67.99391937,-90.54811859
319.600000,68.03459930,-91.83401489,67.99428558,-90.54807281
319.650000,68.03491974,-91.83419037,67.99465942,-90.54802704
319.700000,68.03524017,-91.83437347,67.99502563,-90.54797363
319.750000,68.03555298,-91.83454895,67.99539185,-90.54792786
319.800000,68.03587341,-91.83473206,67.99575806,-90.54788208
319.850000,68.03618622,-91.83490753,67.99612427,-90.54782867
319.900000,68.03650665,-91.83509064,67.99649811,-90.54778290
319.950000,68.03682709,-91.83527374,67.99686432,-90.54773712
320.000000,68.03713989,-91.83544922,67.99723053,-90.54768372
320.050000,68.03746033,-91.83563232,67.99759674,-90.54763794
320.100000,68.03777313,-91.83580780,67.99796295,-90.54759216
320.150000,68.03809357,-91.83599091,67.99833679,-90.54753876
320.200000,68.03841400,-91.83616638,67.99870300,-90.54749298
320.250000,68.03872681,-91.83634949,67.99906921,-90.54744720
320.300000,68.03904724,-91.83652496,67.99943542,-90.54739380
320.350000,68.03936005,-91.83670807,67.99980164,-90.54734802
320.400000,68.03968048,-91.83688354,68.00016785,-90.54730225
320.450000,68.04000092,-91.83706665,68.00053406,-90.54724884
320.500000,68.04031372,-91.83724213,68.00090790,-90.54720306
320.550000,68.04063416,-91.83742523,68.00127411,-90.54715729
320.600000,68.04094696,-91.83760071,68.00164032,-90.54710388
320.650000,68.04126740,-91.83778381,68.00200653,-90.54705811
320.700000,68.04158783,-91.83795929,68.00237274,-90.54701233
320.750000,68.04190063,-91.83814240,68.00273895,-90.54695892
320.800000,68.04222107,-91.83831787,68.00310516,-90.54691315
320.850000,68.04253387,-91.83850098,68.00347137,-90.54686737
320.900000,68.04285431,-91.83867645,68.00384521,-90.54681396
320.950000,68.04316711,-91.83885956,68.00421143,-90.54676819
321.000000,68.04348755,-91.83904266,68.00457764,-90.54672241
321.050000,68.04380035,-91.83921814,68.00494385,-90.54666901
321.100000,68.04412079,-91.83940125,68.00531006,-90.54662323
321.150000,68.04443359,-91.83957672,68.00567627,-90.54656982
321.200000,68.04475403,-91.83975220,68.00604248,-90.54652405
321.250000,68.04506683,-91.83993530,68.00640869,-90.54647827
321.300000,68.04538727,-91.84011078,68.00677490,-90.54642487
321.350000,68.04570007,-91.84029388,68.00714111,-90.54637909
321.400000,68.04602051,-91.84047699,68.00750732,-90.54633331
321.450000,68.04633331,-91.84065247,68.00787354,-90.54627991
321.500000,68.04665375,-91.84083557,68.00823975,-90.54623413
321.550000,68.04696655,-91.84101105,68.00860596,-90.54618835
321.600000,68.04728699,-91.84119415,68.00897217,-90.54613495
321.650000,68.04759979,-91.84136963,68.00933838,-90.54608917
321.700000,68.04791260,-91.84155273,68.00970459,-90.54604340
321.750000,68.04823303,-91.84172821,68.01007080,-90.54598999
321.800000,68.04854584,-91.84191132,68.01043701,-90.54594421
321.850000,68.04886627,-91.84208679,68.01080322,-90.54589081
321.900000,68.04917908,-91.84226990,68.01116943,-90.54584503
321.950000,68.04949951,-91.84244537,68.01153564,-90.54579926
322.000000,68.04981232,-91.84262848,68.01190186,-90.54574585
322.050000,68.05012512,-91.84280396,68.01226807,-90.54570007
322.100000,68.05044556,-91.84298706,68.01263428,-90.54564667
322.150000,68.05075836,-91.84316254,68.01300049,-90.54560089
322.200000,68.05107880,-91.84334564,68.01336670,-90.54555511
322.250000,68.05139160,-91.84352112,68.01373291,-90.54550171
322.300000,68.05171204,-91.84370422,68.01409912,-90.54545593
322.350000,68.05202484,-91.84387970,68.01446533,-90.54541016
322.400000,68.05233765,-91.84406281,68.01483154,-90.54535675
322.450000,68.05265808,-91.84423828,68.01519775,-90.54531097
322.500000,68.05297089,-91.84442139,68.01556396,-90.54525757
322.550000,68.05328369,-91.84459686,68.01593018,-90.54521179
322.600000,68.05360413,-91.84477997,68.01629639,-90.54516602
322.650000,68.05391693,-91.84495544,68.01666260,-90.54511261
322.700000,68.05422974,-91.84513855,68.01702118,-90.54506683
322.750000,68.05455017,-91.84531403,68.01738739,-90.54501343
322.800000,68.05486298,-91.84549713,68.01775360,-90.54496765
322.850000,68.05518341,-91.84567261,68.01811981,-90.54492188
322.900000,68.05549622,-91.84585571,68.01848602,-90.54486847
322.950000,68.05580902,-91.84603119,68.01885223,-90.54482269
323.000000,68.05612946,-91.84621429,68.01921844,-90.54476929
323.050000,68.05644226,-91.84638977,68.01958466,-90.54472351
323.100000,68.05675507,-91.84657288,68.01995087,-90.54467773
323.150000,68.05706787,-91.84674835,68.02030945,-90.54462433
323.200000,68.05738831,-91.84693146,68.02067566,-90.54457855
323.250000,68.05770111,-91.84710693,68.02104187,-90.54452515
323.300000,68.05801392,-91.84729004,68.02140808,-90.54447937
323.350000,68.05833435,-91.84746552,68.02177429,-90.54443359
323.400000,68.05864716,-91.84764862,68.02214050,-90.54438019
323.450000,68.05895996,-91.84782410,68.02249908,-90.54433441
323.500000,68.05927277,-91.84800720,68.02286530,-90.54428101
323.550000,68.05959320,-91.84818268,68.02323151,-90.54423523
323.600000,68.05990601,-91.84836578,68.02359772,-90.54418945
323.650000,68.06021881,-91.84854126,68.02396393,-90.54413605
323.700000,68.06053925,-91.84872437,68.02432251,-90.54409027
323.750000,68.06085205,-91.84889984,68.02468872,-90.54403687
323.800000,68.06116486,-91.84908295,68.02505493,-90.54399109
323.850000,68.06147766,-91.84925842,68.02542114,-90.54393768
323.900000,68.06179047,-91.84944153,68.02578735,-90.54389191
323.950000,68.06211090,-91.84961700,68.02614594,-90.54384613
324.000000,68.06242371,-91.84980011,68.02651215,-90.54379272
324.050000,68.06273651,-91.84997559,68.02687836,-90.54374695
324.100000,68.06304932,-91.85015869,68.02724457,-90.54369354
324.150000,68.06336975,-91.85033417,68.02761078,-90.54364777
324.200000,68.06368256,-91.85051727,68.02796936,-90.54360199
324.250000,68.06399536,-91.85069275,68.02833557,-90.54354858
324.300000,68.06430817,-91.85086823,68.02870178,-90.54350281
324.350000,68.06462097,-91.85105133,68.02906036,-90.54344940
324.400000,68.06493378,-91.85122681,68.02942657,-90.54340363
324.450000,68.06525421,-91.85140991,68.02979279,-90.54335022
324.500000,68.06556702,-91.85158539,68.03015900,-90.54330444
324.550000,68.06587982,-91.85176849,68.03051758,-90.54325867
324.600000,68.06619263,-91.85194397,68.03088379,-90.54320526
324.650000,68.06650543,-91.85212708,68.03125000,-90.54315948
324.700000,68.06682587,-91.85230255,68.03160858,-90.54310608
324.750000,68.06713867,-91.85248566,68.03197479,-90.54306030
324.800000,68.06745148,-91.85266113,68.03234100,-90.54300690
324.850000,68.06776428,-91.85284424,68.03269958,-90.54296112
324.900000,68.06807709,-91.85301971,68.03306580,-90.54290771
324.950000,68.06838989,-91.85320282,68.03343201,-90.54286194
325.000000,68.06870270,-91.85337830,68.03379059,-90.54281616
325.050000,68.06902313,-91.85356140,68.03415680,-90.54276276
325.100000,68.06933594,-91.85373688,68.03452301,-90.54271698
325.150000,68.06964874,-91.85391998,68.03488159,-90.54266357
325.200000,68.06996155,-91.85409546,68.03524780,-90.54261780
325.250000,68.07027435,-91.85427856,68.03561401,-90.54256439
325.300000,68.07058716,-91.85445404,68.03597260,-90.54251862
325.350000,68.07089996,-91.85463715,68.03633881,-90.54246521
325.400000,68.07121277,-91.85481262,68.03670502,-90.54241943
325.450000,68.07152557,-91.85499573,68.03706360,-90.54237366
325.500000,68.07183838,-91.85517120,68.03742981,-90.54232025
325.550000,68.07215118,-91.85534668,68.03778839,-90.54227448
325.600000,68.07247162,-91.85552979,68.03815460,-90.54222107
325.650000,68.07278442,-91.85570526,68.03852081,-90.54217529
325.700000,68.07309723,-91.85588837,68.03887939,-90.54212189
325.750000,68.07341003,-91.85606384,68.03924561,-90.54207611
325.800000,68.07372284,-91.85624695,68.03960419,-90.54202271
325.850000,68.07403564,-91.85642242,68.03997040,-90.54197693
325.900000,68.07434845,-91.85660553,68.04032898,-90.54192352
325.950000,68.07466125,-91.85678101,68.04069519,-90.54187775
326.000000,68.07497406,-91.85696411,68.04106140,-90.54183197
326.050000,68.07528687,-91.85713959,68.04141998,-90.54177856
326.100000,68.07559967,-91.85732269,68.04178619,-90.54173279
326.150000,68.07591248,-91.85749817,68.04214478,-90.54167938
326.200000,68.07622528,-91.85768127,68.04251099,-90.54163361
326.250000,68.07653809,-91.85785675,68.04286957,-90.54158020
326.300000,68.07685089,-91.85803986,68.04323578,-90.54153442
326.350000,68.07716370,-91.85821533,68.04359436,-90.54148102
326.400000,68.07747650,-91.85839844,68.04396057,-90.54143524
326.450000,68.07778931,-91.85857391,68.04431915,-90.54138184
326.500000,68.07810211,-91.85874939,68.04468536,-90.54133606
326.550000,68.07841492,-91.85893250,68.04504395,-90.54128265
326.600000,68.07872772,-91.85910797,68.04541016,-90.54123688
326.650000,68.07904053,-91.85929108,68.04576874,-90.54118347
326.700000,68.07935333,-91.85946655,68.04613495,-90.54113770
326.750000,68.07966614,-91.85964966,68.04649353,-90.54108429
326.800000,68.07997894,-91.85982513,68.04685974,-90.54103851
326.850000,68.08029175,-91.86000824,68.04721832,-90.54098511
326.900000,68.08060455,-91.86018372,68.04758453,-90.54093933
326.950000,68.08090973,-91.86036682,68.04794312,-90.54088593
327.000000,68.08122253,-91.86054230,68.04830933,-90.54084015
327.050000,68.08153534,-91.86072540,68.04866791,-90.54078674
327.100000,68.08184814,-91.86090088,68.04902649,-90.54074097
327.150000,68.08216095,-91.86108398,68.04939270,-90.54068756
327.200000,68.08247375,-91.86125946,68.04975128,-90.54064178
327.250000,68.08278656,-91.86143494,68.05011749,-90.54058838
327.300000,68.08309937,-91.86161804,68.05047607,-90.54054260
327.350000,68.08341217,-91.86179352,68.05084229,-90.54048920
327.400000,68.08372498,-91.86197662,68.05120087,-90.54044342
327.450000,68.08403015,-91.86215210,68.05155945,-90.54039001
327.500000,68.08434296,-91.86233521,68.05192566,-90.54034424
327.550000,68.08465576,-91.86251068,68.05228424,-90.54029083
327.600000,68.08496857,-91.86269379,68.05265045,-90.54024506
327.650000,68.08528137,-91.86286926,68.05300903,-90.54019165
327.700000,68.08559418,-91.86304474,68.05336761,-90.54014587
327.750000,68.08590698,-91.86322784,68.05373383,-90.54009247
327.800000,68.08621979,-91.86340332,68.05409241,-90.54004669
327.850000,68.08652496,-91.86358643,68.05445099,-90.53999329
327.900000,68.08683777,-91.86376190,68.05481720,-90.53994751
327.950000,68.08715057,-91.86394501,68.05517578,-90.53989410
328.000000,68.08746338,-91.86412048,68.05554199,-90.53984833
328.050000,68.08777618,-91.86430359,68.05590057,-90.53979492
328.100000,68.08808899,-91.86447906,68.05625916,-90.53974915
328.150000,68.08839417,-91.86466217,68.05662537,-90.53969574
328.200000,68.08870697,-91.86483765,68.05698395,-90.53964996
328.250000,68.08901978,-91.86502075,68.05734253,-90.53959656
328.300000,68.08933258,-91.86519623,68.05770111,-90.53955078
328.350000,68.08964539,-91.86537933,68.05806732,-90.53949738
328.400000,68.08995056,-91.86555481,68.05842590,-90.53945160
328.450000,68.09026337,-91.86573029,68.05878448,-90.53939819
328.500000,68.09057617,-91.86591339,68.05915070,-90.53934479
328.550000,68.09088898,-91.86608887,68.05950928,-90.53929901
328.600000,68.09120178,-91.86627197,68.05986786,-90.53924561
328.650000,68.09150696,-91.86644745,68.06023407,-90.53919983
328.700000,68.09181976,-91.86663055,68.06059265,-90.53914642
328.750000,68.09213257,-91.86680603,68.06095123,-90.53910065
328.800000,68.09244537,-91.86698151,68.06130981,-90.53904724
328.850000,68.09275055,-91.86716461,68.06167603,-90.53900146
328.900000,68.09306335,-91.86734009,68.06203461,-90.53894806
328.950000,68.09337616,-91.86752319,68.06239319,-90.53890228
329.000000,68.09368896,-91.86769867,68.06275177,-90.53884888
329.050000,68.09399414,-91.86788177,68.06311798,-90.53880310
329.100000,68.09430695,-91.86805725,68.06347656,-90.53874969
329.150000,68.09461975,-91.86824036,68.06383514,-90.53870392
329.200000,68.09492493,-91.86841583,68.06419373,-90.53865051
329.250000,68.09523773,-91.86859131,68.06455231,-90.53859711
329.300000,68.09555054,-91.86877441,68.06491852,-90.53855133
329.350000,68.09586334,-91.86894989,68.06527710,-90.53849792
329.400000,68.09616852,-91.86913300,68.06563568,-90.53845215
329.450000,68.09648132,-91.86930847,68.06599426,-90.53839874
329.500000,68.09679413,-91.86949158,68.06635284,-90.53835297
329.550000,68.09709930,-91.86966705,68.06671906,-90.53829956
329.600000,68.09741211,-91.86985016,68.06707764,-90.53825378
329.650000,68.09772491,-91.87002563,68.06743622,-90.53820038
329.700000,68.09803009,-91.87020874,68.06779480,-90.53814697
329.750000,68.09834290,-91.87038422,68.06815338,-90.53810120
329.800000,68.09865570,-91.87055969,68.06851196,-90.53804779
329.850000,68.09896088,-91.87074280,68.06887817,-90.53800201
329.900000,68.09927368,-91.87091827,68.06923676,-90.53794861
329.950000,68.09957886,-91.87110138,68.06959534,-90.53790283
330.000000,68.09989166,-91.87127686,68.06995392,-90.53784943
330.050000,68.10020447,-91.87145996,68.07031250,-90.53779602
330.100000,68.10050964,-91.87163544,68.07067108,-90.53775024
330.150000,68.10082245,-91.87181091,68.07102966,-90.53769684
330.200000,68.10113525,-91.87199402,68.07138824,-90.53765106
330.250000,68.10144043,-91.87216949,68.07175446,-90.53759766
330.300000,68.10175323,-91.87235260,68.07211304,-90.53755188
330.350000,68.10206604,-91.87252808,68.07247162,-90.53749847
330.400000,68.10237122,-91.87271118,68.07283020,-90.53744507
330.450000,68.10268402,-91.87288666,68.07318878,-90.53739929
330.500000,68.10298920,-91.87306213,68.07354736,-90.53734589
330.550000,68.10330200,-91.87324524,68.07390594,-90.53730011
330.600000,68.10360718,-91.87342072,68.07426453,-90.53724670
330.650000,68.10391998,-91.87360382,68.07462311,-90.53720093
330.700000,68.10423279,-91.87377930,68.07498169,-90.53714752
330.750000,68.10453796,-91.87396240,68.07534027,-90.53709412
330.800000,68.10485077,-91.87413788,68.07569885,-90.53704834
330.850000,68.10515594,-91.87431335,68.07606506,-90.53699493
330.900000,68.10546875,-91.87449646,68.07642365,-90.53694916
330.950000,68.10577393,-91.87467194,68.07678223,-90.53689575
331.000000,68.10608673,-91.87485504,68.07714081,-90.53684998
331.050000,68.10639191,-91.87503052,68.07749939,-90.53679657
331.100000,68.10670471,-91.87521362,68.07785797,-90.53674316
331.150000,68.10700989,-91.87538910,68.07821655,-90.53669739
331.200000,68.10732269,-91.87556458,68.07857513,-90.53664398
331.250000,68.10763550,-91.87574768,68.07893372,-90.53659821
331.300000,68.10794067,-91.87592316,68.07929230,-90.53654480
331.350000,68.10824585,-91.87610626,68.07965088,-90.53649139
331.400000,68.10855865,-91.87628174,68.08000946,-90.53644562
331.450000,68.10886383,-91.87646484,68.08036804,-90.53639221
331.500000,68.10917664,-91.87664032,68.08072662,-90.53634644
331.550000,68.10948181,-91.87681580,68.08108521,-90.53629303
331.600000,68.10979462,-91.87699890,68.08144379,-90.53623962
331.650000,68.11009979,-91.87717438,68.08180237,-90.53619385
331.700000,68.11041260,-91.87735748,68.08216095,-90.53614044
331.750000,68.11071777,-91.87753296,68.08251953,-90.53609467
331.800000,68.11103058,-91.87771606,68.08287048,-90.53604126
331.850000,68.11133575,-91.87789154,68.08322906,-90.53598785
331.900000,68.11164856,-91.87806702,68.08358765,-90.53594208
331.950000,68.11195374,-91.87825012,68.08394623,-90.53588867
332.000000,68.11226654,-91.87842560,68.08430481,-90.53584290
332.050000,68.11257172,-91.87860870,68.08466339,-90.53578949
332.100000,68.11287689,-91.87878418,68.08502197,-90.53573608
332.150000,68.11318970,-91.87895966,68.08538055,-90.53569031
332.200000,68.11349487,-91.87914276,68.08573914,-90.53563690
332.250000,68.11380768,-91.87931824,68.08609772,-90.53558350
332.300000,68.11411285,-91.87950134,68.08645630,-90.53553772
332.350000,68.11442566,-91.87967682,68.08681488,-90.53548431
332.400000,68.11473083,-91.87985992,68.08716583,-90.53543854
332.450000,68.11503601,-91.88003540,68.08752441,-90.53538513
332.500000,68.11534882,-91.88021088,68.08788300,-90.53533173
332.550000,68.11565399,-91.88039398,68.08824158,-90.53528595
332.600000,68.11596680,-91.88056946,68.08860016,-90.53523254
332.650000,68.11627197,-91.88075256,68.08895874,-90.53517914
332.700000,68.11657715,-91.88092804,68.08931732,-90.53513336
332.750000,68.11688995,-91.88110352,68.08966827,-90.53507996
332.800000,68.11719513,-91.88128662,68.09002686,-90.53503418
332.850000,68.11750031,-91.88146210,68.09038544,-90.53498077
332.900000,68.11781311,-91.88164520,68.09074402,-90.53492737
332.950000,68.11811829,-91.88182068,68.09110260,-90.53488159
333.000000,68.11842346,-91.88200378,68.09146118,-90.53482819
333.050000,68.11873627,-91.88217926,68.09181976,-90.53478241
333.100000,68.11904144,-91.88235474,68.09217072,-90.53472900
333.150000,68.11934662,-91.88253784,68.09252930,-90.53467560
333.200000,68.11965942,-91.88271332,68.09288788,-90.53462982
333.250000,68.11996460,-91.88289642,68.09324646,-90.53457642
333.300000,68.12026978,-91.88307190,68.09359741,-90.53452301
333.350000,68.12058258,-91.88324738,68.09395599,-90.53447723
333.400000,68.12088776,-91.88343048,68.09431458,-90.53442383
333.450000,68.12119293,-91.88360596,68.09467316,-90.53437042
333.500000,68.12150574,-91.88378906,68.09503174,-90.53432465
333.550000,68.12181091,-91.88396454,68.09538269,-90.53427124
333.600000,68.12211609,-91.88414001,68.09574127,-90.53421783
333.650000,68.12242126,-91.88432312,68.09609985,-90.53417206
333.700000,68.12273407,-91.88449860,68.09645844,-90.53411865
333.750000,68.12303925,-91.88468170,68.09680939,-90.53406525
333.800000,68.12334442,-91.88485718,68.09716797,-90.53401947
333.850000,68.12365723,-91.88503265,68.09752655,-90.53396606
333.900000,68.12396240,-91.88521576,68.09788513,-90.53391266
333.950000,68.12426758,-91.88539124,68.09823608,-90.53386688
334.000000,68.12457275,-91.88557434,68.09859467,-90.53381348
334.050000,68.12487793,-91.88574982,68.09895325,-90.53376007
334.100000,68.12519073,-91.88593292,68.09930420,-90.53371429
334.150000,68.12549591,-91.88610840,68.09966278,-90.53366089
334.200000,68.12580109,-91.88628387,68.10002136,-90.53360748
334.250000,68.12610626,-91.88646698,68.10037994,-90.53356171
334.300000,68.12641907,-91.88664246,68.10073090,-90.53350830
334.350000,68.12672424,-91.88682556,68.10108948,-90.53345490
334.400000,68.12702942,-91.88700104,68.10144806,-90.53340912
334.450000,68.12733459,-91.88717651,68.10179901,-90.53335571
334.500000,68.12763977,-91.88735962,68.10215759,-90.53330231
334.550000,68.12795258,-91.88753510,68.10251617,-90.53325653
334.600000,68.12825775,-91.88771820,68.10286713,-90.53320312
334.650000,68.12856293,-91.88789368,68.10322571,-90.53314972
334.700000,68.12886810,-91.88806915,68.10358429,-90.53310394
334.750000,68.12917328,-91.88825226,68.10393524,-90.53305054
334.800000,68.12948608,-91.88842773,68.10429382,-90.53299713
334.850000,68.12979126,-91.88861084,68.10464478,-90.53295135
334.900000,68.13009644,-91.88878632,68.10500336,-90.53289795
334.950000,68.13040161,-91.88896179,68.10536194,-90.53284454
335.000000,68.13070679,-91.88914490,68.10571289,-90.53279877
335.050000,68.13101196,-91.88932037,68.10607147,-90.53274536
335.100000,68.13131714,-91.88949585,68.10643005,-90.53269196
335.150000,68.13162994,-91.88967896,68.10678101,-90.53263855
335.200000,68.13193512,-91.88985443,68.10713959,-90.53259277
335.250000,68.13224030,-91.89003754,68.10749054,-90.53253937
335.300000,68.13254547,-91.89021301,68.10784912,-90.53248596
335.350000,68.13285065,-91.89038849,68.10820770,-90.53244019
335.400000,68.13315582,-91.89057159,68.10855865,-90.53238678
335.450000,68.13346100,-91.89074707,68.10891724,-90.53233337
335.500000,68.13376617,-91.89093018,68.10926819,-90.53228760
335.550000,68.13407898,-91.89110565,68.10962677,-90.53223419
335.600000,68.13438416,-91.89128113,68.10997772,-90.53218079
335.650000,68.13468933,-91.89146423,68.11033630,-90.53213501
335.700000,68.13499451,-91.89163971,68.11068726,-90.53208160
335.750000,68.13529968,-91.89182281,68.11104584,-90.53202820
335.800000,68.13560486,-91.89199829,68.11140442,-90.53197479
335.850000,68.13591003,-91.89217377,68.11175537,-90.53192902
335.900000,68.13621521,-91.89235687,68.11211395,-90.53187561
335.950000,68.13652039,-91.89253235,68.11246490,-90.53182220
336.000000,68.13682556,-91.89270782,68.11282349,-90.53177643
336.050000,68.13713074,-91.89289093,68.11317444,-90.53172302
336.100000,68.13743591,-91.89306641,68.11353302,-90.53166962
336.150000,68.13774109,-91.89324951,68.11388397,-90.53161621
336.200000,68.13804626,-91.89342499,68.11424255,-90.53157043
336.250000,68.13835144,-91.89360046,68.11459351,-90.53151703
336.300000,68.13865662,-91.89378357,68.11495209,-90.53146362
336.350000,68.13896179,-91.89395905,68.11530304,-90.53141785
336.400000,68.13926697,-91.89414215,68.11566162,-90.53136444
336.450000,68.13957977,-91.89431763,68.11601257,-90.53131104
336.500000,68.13987732,-91.89449310,68.11637115,-90.53125763
336.550000,68.14018250,-91.89467621,68.11672211,-90.53121185
336.600000,68.14048767,-91.89485168,68.11707306,-90.53115845
336.650000,68.14079285,-91.89502716,68.11743164,-90.53110504
336.700000,68.14109802,-91.89521027,68.11778259,-90.53105164
336.750000,68.14140320,-91.89538574,68.11814117,-90.53100586
336.800000,68.14170837,-91.89556122,68.11849213,-90.53095245
336.850000,68.14201355,-91.89574432,68.11885071,-90.53089905
336.900000,68.14231873,-91.89591980,68.11920166,-90.53085327
336.950000,68.14262390,-91.89610291,68.11955261,-90.53079987
337.000000,68.14292908,-91.89627838,68.11991119,-90.53074646
337.050000,68.14323425,-91.89645386,68.12026215,-90.53069305
337.100000,68.14353943,-91.89663696,68.12062073,-90.53064728
337.150000,68.14384460,-91.89681244,68.12097168,-90.53059387
337.200000,68.14414978,-91.89699554,68.12132263,-90.53054047
337.250000,68.14445496,-91.89717102,68.12168121,-90.53048706
337.300000,68.14476013,-91.89734650,68.12203217,-90.53044128
337.350000,68.14506531,-91.89752960,68.12239075,-90.53038788
337.400000,68.14537048,-91.89770508,68.12274170,-90.53033447
337.450000,68.14567566,-91.89788055,68.12309265,-90.53028107
337.500000,68.14598083,-91.89806366,68.12345123,-90.53023529
337.550000,68.14628601,-91.89823914,68.12380219,-90.53018188
337.600000,68.14658356,-91.89842224,68.12415314,-90.53012848
337.650000,68.14688873,-91.89859772,68.12451172,-90.53007507
337.700000,68.14719391,-91.89877319,68.12486267,-90.53002930
337.750000,68.14749908,-91.89895630,68.12521362,-90.52997589
337.800000,68.14780426,-91.89913177,68.12557220,-90.52992249
337.850000,68.14810944,-91.89930725,68.12592316,-90.52986908
337.900000,68.14841461,-91.89949036,68.12627411,-90.52982330
337.950000,68.14871979,-91.89966583,68.12663269,-90.52976990
338.000000,68.14901733,-91.89984131,68.12698364,-90.52971649
338.050000,68.14932251,-91.90002441,68.12733459,-90.52966309
338.100000,68.14962769,-91.90019989,68.12769318,-90.52961731
338.150000,68.14993286,-91.90038300,68.12804413,-90.52956390
338.200000,68.15023804,-91.90055847,68.12839508,-90.52951050
338.250000,68.15054321,-91.90073395,68.12875366,-90.52945709
338.300000,68.15084076,-91.90091705,68.12910461,-90.52941132
338.350000,68.15114594,-91.90109253,68.12945557,-90.52935791
338.400000,68.15145111,-91.90126801,68.12980652,-90.52930450
338.450000,68.15175629,-91.90145111,68.13016510,-90.52925110
338.500000,68.15206146,-91.90162659,68.13051605,-90.52919769
338.550000,68.15236664,-91.90180969,68.13086700,-90.52915192
338.600000,68.15266418,-91.90198517,68.13121796,-90.52909851
338.650000,68.15296936,-91.90216064,68.13156891,-90.52904510
338.700000,68.15327454,-91.90234375,68.13192749,-90.52899170
338.750000,68.15357971,-91.90251923,68.13227844,-90.52894592
338.800000,68.15388489,-91.90269470,68.13262939,-90.52889252
338.850000,68.15418243,-91.90287781,68.13298035,-90.52883911
338.900000,68.15448761,-91.90305328,68.13333893,-90.52878571
338.950000,68.15479279,-91.90322876,68.13368988,-90.52873993
339.000000,68.15509796,-91.90341187,68.13404083,-90.52868652
339.050000,68.15539551,-91.90358734,68.13439178,-90.52863312
339.100000,68.15570068,-91.90376282,68.13474274,-90.52857971
339.150000,68.15600586,-91.90394592,68.13510132,-90.52852631
339.200000,68.15631104,-91.90412140,68.13545227,-90.52848053
339.250000,68.15660858,-91.90430450,68.13580322,-90.52842712
339.300000,68.15691376,-91.90447998,68.13615417,-90.52837372
339.350000,68.15721893,-91.90465546,68.13650513,-90.52832031
339.400000,68.15752411,-91.90483856,68.13685608,-90.52826691
339.450000,68.15782166,-91.90501404,68.13721466,-90.52821350
339.500000,68.15812683,-91.90518951,68.13756561,-90.52816772
339.550000,68.15843201,-91.90537262,68.13791656,-90.52811432
339.600000,68.15872955,-91.90554810,68.13826752,-90.52806091
339.650000,68.15903473,-91.90572357,68.13861847,-90.52800751
339.700000,68.15933990,-91.90590668,68.13896942,-90.52795410
339.750000,68.15964508,-91.90608215,68.13932800,-90.52790833
339.800000,68.15994263,-91.90625763,68.13967896,-90.52785492
339.850000,68.16024780,-91.90644073,68.14002991,-90.52780151
339.900000,68.16055298,-91.90661621,68.14038086,-90.52774811
339.950000,68.16085052,-91.90679932,68.14073181,-90.52769470
340.000000,68.16115570,-91.90697479,68.14108276,-90.52764893
340.050000,68.16146088,-91.90715027,68.14143372,-90.52759552
340.100000,68.16175842,-91.90732574,68.14178467,-90.52754211
340.150000,68.16206360,-91.90750885,68.14213562,-90.52748871
340.200000,68.16236877,-91.90768433,68.14249420,-90.52743530
340.250000,68.16266632,-91.90786743,68.14283752,-90.52738953
340.300000,68.16297150,-91.90804291,68.14319611,-90.52733612
340.350000,68.16327667,-91.90821838,68.14354706,-90.52728271
340.400000,68.16357422,-91.90840149,68.14389801,-90.52722931
340.450000,68.16387939,-91.90857697,68.14424896,-90.52717590
340.500000,68.16417694,-91.90875244,68.14459991,-90.52713013
340.550000,68.16448212,-91.90893555,68.14495087,-90.52707672
340.600000,68.16478729,-91.90911102,68.14530182,-90.52702332
340.650000,68.16508484,-91.90928650,68.14565277,-90.52696991
340.700000,68.16539001,-91.90946960,68.14600372,-90.52691650
340.750000,68.16569519,-91.90964508,68.14635468,-90.52686310
340.800000,68.16599274,-91.90982056,68.14670563,-90.52681732
340.850000,68.16629791,-91.91000366,68.14705658,-90.52676392
340.900000,68.16659546,-91.91017914,68.14740753,-90.52671051
340.950000,68.16690063,-91.91035461,68.14775848,-90.52665710
341.000000,68.16719818,-91.91053772,68.14810944,-90.52660370
341.050000,68.16750336,-91.91071320,68.14846039,-90.52655029
341.100000,68.16780853,-91.91088867,68.14881134,-90.52650452
341.150000,68.16810608,-91.91107178,68.14916229,-90.52645111
341.200000,68.16841125,-91.91124725,68.14951324,-90.52639771
341.250000,68.16870880,-91.91142273,68.14986420,-90.52634430
341.300000,68.16901398,-91.91160583,68.15021515,-90.52629089
341.350000,68.16931152,-91.91178131,68.15056610,-90.52623749
341.400000,68.16961670,-91.91195679,68.15091705,-90.52618408
341.450000,68.16991425,-91.91213989,68.15126801,-90.52613831
341.500000,68.17021942,-91.91231537,68.15161896,-90.52608490
341.550000,68.17051697,-91.91249084,68.15196991,-90.52603149
341.600000,68.17082214,-91.91267395,68.15232086,-90.52597809
341.650000,68.17111969,-91.91284943,68.15267181,-90.52592468
341.700000,68.17142487,-91.91302490,68.15302277,-90.52587128
341.750000,68.17172241,-91.91320801,68.15337372,-90.52581787
341.800000,68.17202759,-91.91338348,68.15371704,-90.52576447
341.850000,68.17232513,-91.91355896,68.15406799,-90.52571869
341.900000,68.17263031,-91.91374207,68.15441895,-90.52566528
341.950000,68.17292786,-91.91391754,68.15476990,-90.52561188
342.000000,68.17323303,-91.91409302,68.15512085,-90.52555847
342.050000,68.17353058,-91.91427612,68.15547180,-90.52550507
342.100000,68.17383575,-91.91445160,68.15582275,-90.52545166
342.150000,68.17413330,-91.91462708,68.15617371,-90.52540588
342.200000,68.17443848,-91.91481018,68.15652466,-90.52535248
342.250000,68.17473602,-91.91498566,68.15687561,-90.52529907
342.300000,68.17504120,-91.91516113,68.15721893,-90.52524567
342.350000,68.17533875,-91.91534424,68.15756989,-90.52519226
342.400000,68.17564392,-91.91551971,68.15792084,-90.52513885
342.450000,68.17594147,-91.91569519,68.15827179,-90.52508545
342.500000,68.17623901,-91.91587830,68.15862274,-90.52503204
342.550000,68.17654419,-91.91605377,68.15897369,-90.52498627
342.600000,68.17684174,-91.91622925,68.15932465,-90.52493286
342.650000,68.17714691,-91.91641235,68.15966797,-90.52487946
342.700000,68.17744446,-91.91658783,68.16001892,-90.52482605
342.750000,68.17774963,-91.91676331,68.16036987,-90.52477264
342.800000,68.17804718,-91.91694641,68.16072083,-90.52471924
342.850000,68.17834473,-91.91712189,68.16107178,-90.52466583
342.900000,68.17864990,-91.91729736,68.16141510,-90.52461243
342.950000,68.17894745,-91.91748047,68.16176605,-90.52455902
343.000000,68.17925262,-91.91765594,68.16211700,-90.52451324
343.050000,68.17955017,-91.91783142,68.16246796,-90.52445984
343.100000,68.17984772,-91.91801453,68.16281891,-90.52440643
343.150000,68.18015289,-91.91819000,68.16316223,-90.52435303
343.200000,68.18045044,-91.91836548,68.16351318,-90.52429962
343.250000,68.18074799,-91.91854858,68.16386414,-90.52424622
343.300000,68.18105316,-91.91872406,68.16421509,-90.52419281
343.350000,68.18135071,-91.91889954,68.16456604,-90.52413940
343.400000,68.18164825,-91.91907501,68.16490936,-90.52408600
343.450000,68.18195343,-91.91925812,68.16526031,-90.52403259
343.500000,68.18225098,-91.91943359,68.16561127,-90.52398682
343.550000,68.18254852,-91.91960907,68.16595459,-90.52393341
343.600000,68.18285370,-91.91979218,68.16630554,-90.52388000
343.650000,68.18315125,-91.91996765,68.16665649,-90.52382660
343.700000,68.18344879,-91.92014313,68.16700745,-90.52377319
343.750000,68.18375397,-91.92032623,68.16735077,-90.52371979
343.800000,68.18405151,-91.92050171,68.16770172,-90.52366638
343.850000,68.18434906,-91.92067719,68.16805267,-90.52361298
343.900000,68.18465424,-91.92086029,68.16840363,-90.52355957
343.950000,68.18495178,-91.92103577,68.16874695,-90.52350616
344.000000,68.18524933,-91.92121124,68.16909790,-90.52346039
344.050000,68.18555450,-91.92139435,68.16944885,-90.52340698
344.100000,68.18585205,-91.92156982,68.16979218,-90.52335358
344.150000,68.18614960,-91.92174530,68.17014313,-90.52330017
344.200000,68.18644714,-91.92192841,68.17049408,-90.52324677
344.250000,68.18675232,-91.92210388,68.17083740,-90.52319336
344.300000,68.18704987,-91.92227936,68.17118835,-90.52313995
344.350000,68.18734741,-91.92245483,68.17153931,-90.52308655
344.400000,68.18764496,-91.92263794,68.17188263,-90.52303314
344.450000,68.18795013,-91.92281342,68.17223358,-90.52297974
344.500000,68.18824768,-91.92298889,68.17258453,-90.52292633
344.550000,68.18854523,-91.92317200,68.17292786,-90.52287292
344.600000,68.18884277,-91.92334747,68.17327881,-90.52282715
344.650000,68.18914795,-91.92352295,68.17362976,-90.52277374
344.700000,68.18944550,-91.92370605,68.17397308,-90.52272034
344.750000,68.18974304,-91.92388153,68.17432404,-90.52266693
344.800000,68.19004059,-91.92405701,68.17466736,-90.52261353
344.850000,68.19033813,-91.92423248,68.17501831,-90.52256012
344.900000,68.19064331,-91.92441559,68.17536926,-90.52250671
344.950000,68.19094086,-91.92459106,68.17571259,-90.52245331
345.000000,68.19123840,-91.92476654,68.17606354,-90.52239990
345.050000,68.19153595,-91.92494965,68.17640686,-90.52234650
345.100000,68.19183350,-91.92512512,68.17675781,-90.52229309
345.150000,68.19213867,-91.92530060,68.17710876,-90.52223969
345.200000,68.19243622,-91.92548370,68.17745209,-90.52218628
345.250000,68.19273376,-91.92565918,68.17780304,-90.52213287
345.300000,68.19303131,-91.92583466,68.17814636,-90.52207947
345.350000,68.19332886,-91.92601776,68.17849731,-90.52202606
345.400000,68.19363403,-91.92619324,68.17884064,-90.52198029
345.450000,68.19393158,-91.92636871,68.17919159,-90.52192688
345.500000,68.19422913,-91.92654419,68.17954254,-90.52187347
345.550000,68.19452667,-91.92672729,68.17988586,-90.52182007
345.600000,68.19482422,-91.92690277,68.18023682,-90.52176666
345.650000,68.19512177,-91.92707825,68.18058014,-90.52171326
345.700000,68.19541931,-91.92726135,68.18093109,-90.52165985
345.750000,68.19571686,-91.92743683,68.18127441,-90.52160645
345.800000,68.19602203,-91.92761230,68.18162537,-90.52155304
345.850000,68.19631958,-91.92779541,68.18196869,-90.52149963
345.900000,68.19661713,-91.92797089,68.18231964,-90.52144623
345.950000,68.19691467,-91.92814636,68.18266296,-90.52139282
346.000000,68.19721222,-91.92832184,68.18301392,-90.52133942
346.050000,68.19750977,-91.92850494,68.18335724,-90.52128601
346.100000,68.19780731,-91.92868042,68.18370819,-90.52123260
346.150000,68.19810486,-91.92885590,68.18405151,-90.52117920
346.200000,68.19840240,-91.92903900,68.18440247,-90.52112579
346.250000,68.19869995,-91.92921448,68.18474579,-90.52107239
346.300000,68.19900513,-91.92938995,68.18509674,-90.52101898
346.350000,68.19930267,-91.92956543,68.18544006,-90.52096558
346.400000,68.19960022,-91.92974854,68.18579102,-90.52091217
346.450000,68.19989777,-91.92992401,68.18613434,-90.52085876
346.500000,68.20019531,-91.93009949,68.18647766,-90.52080536
346.550000,68.20049286,-91.93028259,68.18682861,-90.52075195
346.600000,68.20079041,-91.93045807,68.18717194,-90.52069855
346.650000,68.20108795,-91.93063354,68.18752289,-90.52064514
346.700000,68.20138550,-91.93080902,68.18786621,-90.52059174
346.750000,68.20168304,-91.93099213,68.18821716,-90.52053833
346.800000,68.20198059,-91.93116760,68.18856049,-90.52048492
346.850000,68.20227814,-91.93134308,68.18890381,-90.52043152
346.900000,68.20257568,-91.93151855,68.18925476,-90.52037811
346.950000,68.20287323,-91.93170166,68.18959808,-90.52032471
347.000000,68.20317078,-91.93187714,68.18994904,-90.52027130
347.050000,68.20346832,-91.93205261,68.19029236,-90.52021790
347.100000,68.20376587,-91.93223572,68.19063568,-90.52016449
347.150000,68.20406342,-91.93241119,68.19098663,-90.52011108
347.200000,68.20436096,-91.93258667,68.19132996,-90.52005768
347.250000,68.20465851,-91.93276215,68.19168091,-90.52000427
347.300000,68.20495605,-91.93294525,68.19202423,-90.51995087
347.350000,68.20525360,-91.93312073,68.19236755,-90.51989746
347.400000,68.20555115,-91.93329620,68.19271851,-90.51984406
347.450000,68.20584869,-91.93347931,68.19306183,-90.51979065
347.500000,68.20614624,-91.93365479,68.19340515,-90.51973724
347.550000,68.20644379,-91.93383026,68.19375610,-90.51968384
347.600000,68.20674133,-91.93401337,68.19409943,-90.51963043
347.650000,68.20703888,-91.93418884,68.19444275,-90.51957703
347.700000,68.20733643,-91.93436432,68.19479370,-90.51952362
347.750000,68.20763397,-91.93453979,68.19513702,-90.51947021
347.800000,68.20793152,-91.93472290,68.19548035,-90.51941681
347.850000,68.20822144,-91.93489838,68.19583130,-90.51936340
347.900000,68.20851898,-91.93507385,68.19617462,-90.51931000
347.950000,68.20881653,-91.93524933,68.19651794,-90.51925659
348.000000,68.20911407,-91.93543243,68.19686890,-90.51920319
348.050000,68.20941162,-91.93560791,68.19721222,-90.51914978
348.100000,68.20970917,-91.93578339,68.19755554,-90.51909637
348.150000,68.21000671,-91.93596649,68.19789886,-90.51904297
348.200000,68.21030426,-91.93614197,68.19824982,-90.51898956
348.250000,68.21060181,-91.93631744,68.19859314,-90.51893616
348.300000,68.21089935,-91.93649292,68.19893646,-90.51888275
348.350000,68.21118927,-91.93667603,68.19928741,-90.51882935
348.400000,68.21148682,-91.93685150,68.19963074,-90.51877594
348.450000,68.21178436,-91.93702698,68.19997406,-90.51872253
348.500000,68.21208191,-91.93720245,68.20031738,-90.51866913
348.550000,68.21237946,-91.93738556,68.20066833,-90.51861572
348.600000,68.21267700,-91.93756104,68.20101166,-90.51856232
348.650000,68.21297455,-91.93773651,68.20135498,-90.51850891
348.700000,68.21327209,-91.93791199,68.20169830,-90.51845551
348.750000,68.21356201,-91.93809509,68.20204163,-90.51840210
348.800000,68.21385956,-91.93827057,68.20239258,-90.51834869
348.850000,68.21415710,-91.93844604,68.20273590,-90.51829529
348.900000,68.21445465,-91.93862915,68.20307922,-90.51824188
348.950000,68.21475220,-91.93880463,68.20342255,-90.51818848
349.000000,68.21504974,-91.93898010,68.20376587,-90.51813507
349.050000,68.21533966,-91.93915558,68.20411682,-90.51808167
349.100000,68.21563721,-91.93933868,68.20446014,-90.51802063
349.150000,68.21593475,-91.93951416,68.20480347,-90.51796722
349.200000,68.21623230,-91.93968964,68.20514679,-90.51791382
349.250000,68.21652985,-91.93986511,68.20549011,-90.51786041
349.300000,68.21681976,-91.94004822,68.20583344,-90.51780701
349.350000,68.21711731,-91.94022369,68.20618439,-90.51775360
349.400000,68.21741486,-91.94039917,68.20652771,-90.51770020
349.450000,68.21771240,-91.94057465,68.20687103,-90.51764679
349.500000,68.21800232,-91.94075775,68.20721436,-90.51759338
349.550000,68.21829987,-91.94093323,68.20755768,-90.51753998
349.600000,68.21859741,-91.94110870,68.20790100,-90.51748657
349.650000,68.21889496,-91.94128418,68.20825195,-90.51743317
349.700000,68.21919250,-91.94146729,68.20859528,-90.51737976
349.750000,68.21948242,-91.94164276,68.20893860,-90.51732635
349.800000,68.21977997,-91.94181824,68.20928192,-90.51727295
349.850000,68.22007751,-91.94199371,68.20962524,-90.51721954
349.900000,68.22037506,-91.94217682,68.20996857,-90.51716614
349.950000,68.22066498,-91.94235229,68.21031189,-90.51710510
350.000000,68.22096252,-91.94252777,68.21065521,-90.51705170
350.050000,68.22126007,-91.94271088,68.21099854,-90.51699829
350.100000,68.22154999,-91.94288635,68.21134949,-90.51694489
350.150000,68.22184753,-91.94306183,68.21168518,-90.51689148
350.200000,68.22214508,-91.94323730,68.21203613,-90.51683807
350.250000,68.22244263,-91.94342041,68.21237946,-90.51678467
350.300000,68.22273254,-91.94359589,68.21272278,-90.51673126
350.350000,68.22303009,-91.94377136,68.21306610,-90.51667786
350.400000,68.22332764,-91.94394684,68.21340942,-90.51662445
350.450000,68.22361755,-91.94412994,68.21375275,-90.51657104
350.500000,68.22391510,-91.94430542,68.21409607,-90.51651764
350.550000,68.22421265,-91.94448090,68.21443939,-90.51646423
350.600000,68.22450256,-91.94465637,68.21478271,-90.51640320
350.650000,68.22480011,-91.94483948,68.21512604,-90.51634979
350.700000,68.22509766,-91.94501495,68.21546936,-90.51629639
350.750000,68.22538757,-91.94519043,68.21581268,-90.51624298
350.800000,68.22568512,-91.94536591,68.21615601,-90.51618958
350.850000,68.22598267,-91.94554901,68.21649933,-90.51613617
350.900000,68.22627258,-91.94572449,68.21684265,-90.51608276
350.950000,68.22657013,-91.94589996,68.21718597,-90.51602936
351.000000,68.22686005,-91.94607544,68.21752930,-90.51597595
351.050000,68.22715759,-91.94625092,68.21787262,-90.51592255
351.100000,68.22745514,-91.94643402,68.21821594,-90.51586151
351.150000,68.22774506,-91.94660950,68.21855927,-90.51580811
351.200000,68.22804260,-91.94678497,68.21890259,-90.51575470
351.250000,68.22834015,-91.94696808,68.21924591,-90.51570129
351.300000,68.22863007,-91.94714355,68.21958923,-90.51564789
351.350000,68.22892761,-91.94731903,68.21993256,-90.51559448
351.400000,68.22921753,-91.94749451,68.22027588,-90.51554108
351.450000,68.22951508,-91.94766998,68.22061920,-90.51548767
351.500000,68.22981262,-91.94785309,68.22096252,-90.51543427
351.550000,68.23010254,-91.94802856,68.22130585,-90.51538086
351.600000,68.23040009,-91.94820404,68.22164917,-90.51531982
351.650000,68.23069000,-91.94837952,68.22199249,-90.51526642
351.700000,68.23098755,-91.94856262,68.22233582,-90.51521301
351.750000,68.23128510,-91.94873810,68.22267914,-90.51515961
351.800000,68.23157501,-91.94891357,68.22301483,-90.51510620
351.850000,68.23187256,-91.94908905,68.22335815,-90.51505280
351.900000,68.23216248,-91.94927216,68.22370148,-90.51499939
351.950000,68.23246002,-91.94944763,68.22404480,-90.51493835
352.000000,68.23274994,-91.94962311,68.22438812,-90.51488495
352.050000,68.23304749,-91.94979858,68.22473145,-90.51483154
352.100000,68.23333740,-91.94998169,68.22507477,-90.51477814
352.150000,68.23363495,-91.95015717,68.22541809,-90.51472473
352.200000,68.23392487,-91.95033264,68.22576141,-90.51467133
352.250000,68.23422241,-91.95050812,68.22609711,-90.51461792
352.300000,68.23451233,-91.95069122,68.22644043,-90.51456451
352.350000,68.23480988,-91.95086670,68.22678375,-90.51450348
352.400000,68.23509979,-91.95104218,68.22712708,-90.51445007
352.450000,68.23539734,-91.95121765,68.22747040,-90.51439667
352.500000,68.23568726,-91.95139313,68.22781372,-90.51434326
352.550000,68.23598480,-91.95157623,68.22815704,-90.51428986
352.600000,68.23627472,-91.95175171,68.22849274,-90.51423645
352.650000,68.23657227,-91.95192719,68.22883606,-90.51418304
352.700000,68.23686218,-91.95210266,68.22917938,-90.51412201
352.750000,68.23715973,-91.95228577,68.22952271,-90.51406860
352.800000,68.23744965,-91.95246124,68.22986603,-90.51401520
352.850000,68.23774719,-91.95263672,68.23020935,-90.51396179
352.900000,68.23803711,-91.95281219,68.23054504,-90.51390839
352.950000,68.23833466,-91.95299530,68.23088837,-90.51385498
353.000000,68.23862457,-91.95317078,68.23123169,-90.51380157
353.050000,68.23891449,-91.95334625,68.23157501,-90.51374054
353.100000,68.23921204,-91.95352173,68.23191833,-90.51368713
353.150000,68.23950195,-91.95369720,68.23225403,-90.51363373
353.200000,68.23979950,-91.95388031,68.23259735,-90.51358032
353.250000,68.24008942,-91.95405579,68.23294067,-90.51352692
353.300000,68.24038696,-91.95423126,68.23328400,-90.51347351
353.350000,68.24067688,-91.95440674,68.23361969,-90.51342010
353.400000,68.24097443,-91.95458984,68.23396301,-90.51335907
353.450000,68.24126434,-91.95476532,68.23430634,-90.51330566
353.500000,68.24155426,-91.95494080,68.23464966,-90.51325226
353.550000,68.24185181,-91.95511627,68.23498535,-90.51319885
353.600000,68.24214172,-91.95529175,68.23532867,-90.51314545
353.650000,68.24243164,-91.95547485,68.23567200,-90.51309204
353.700000,68.24272919,-91.95565033,68.23601532,-90.51303101
353.750000,68.24301910,-91.95582581,68.23635101,-90.51297760
353.800000,68.24331665,-91.95600128,68.23669434,-90.51292419
353.850000,68.24360657,-91.95618439,68.23703766,-90.51287079
353.900000,68.24389648,-91.95635986,68.23738098,-90.51281738
353.950000,68.24419403,-91.95653534,68.23771667,-90.51275635
354.000000,68.24448395,-91.95671082,68.23806000,-90.51270294
354.050000,68.24477386,-91.95688629,68.23840332,-90.51264954
354.100000,68.24507141,-91.95706940,68.23873901,-90.51259613
354.150000,68.24536133,-91.95724487,68.23908234,-90.51254272
354.200000,68.24565125,-91.95742035,68.23942566,-90.51248932
354.250000,68.24594879,-91.95759583,68.23976135,-90.51242828
354.300000,68.24623871,-91.95777130,68.24010468,-90.51237488
354.350000,68.24652863,-91.95795441,68.24044800,-90.51232147
354.400000,68.24682617,-91.95812988,68.24078369,-90.51226807
354.450000,68.24711609,-91.95830536,68.24112701,-90.51221466
354.500000,68.24740601,-91.95848083,68.24147034,-90.51215363
354.550000,68.24770355,-91.95866394,68.24180603,-90.51210022
354.600000,68.24799347,-91.95883942,68.24214935,-90.51204681
354.650000,68.24828339,-91.95901489,68.24249268,-90.51199341
354.700000,68.24858093,-91.95919037,68.24282837,-90.51194000
354.750000,68.24887085,-91.95936584,68.24317169,-90.51188660
354.800000,68.24916077,-91.95954895,68.24350739,-90.51182556
354.850000,68.24945068,-91.95972443,68.24385071,-90.51177216
354.900000,68.24974823,-91.95989990,68.24419403,-90.51171875
354.950000,68.25003815,-91.96007538,68.24452972,-90.51166534
355.000000,68.25032806,-91.96025085,68.24487305,-90.51160431
355.050000,68.25061798,-91.96043396,68.24521637,-90.51155090
355.100000,68.25091553,-91.96060944,68.24555206,-90.51149750
355.150000,68.25120544,-91.96078491,68.24589539,-90.51144409
355.200000,68.25149536,-91.96096039,68.24623108,-90.51139069
355.250000,68.25178528,-91.96113586,68.24657440,-90.51132965
355.300000,68.25208282,-91.96131897,68.24691010,-90.51127625
355.350000,68.25237274,-91.96149445,68.24725342,-90.51122284
355.400000,68.25266266,-91.96166992,68.24758911,-90.51116943
355.450000,68.25295258,-91.96184540,68.24793243,-90.51110840
355.500000,68.25325012,-91.96202087,68.24827576,-90.51105499
355.550000,68.25354004,-91.96220398,68.24861145,-90.51100159
355.600000,68.25382996,-91.96237946,68.24895477,-90.51094818
355.650000,68.25411987,-91.96255493,68.24929047,-90.51089478
355.700000,68.25440979,-91.96273041,68.24963379,-90.51083374
355.750000,68.25470734,-91.96291351,68.24996948,-90.51078033
355.800000,68.25499725,-91.96308899,68.25031281,-90.51072693
355.850000,68.25528717,-91.96326447,68.25064850,-90.51067352
355.900000,68.25557709,-91.96343994,68.25099182,-90.51061249
355.950000,68.25586700,-91.96361542,68.25132751,-90.51055908
356.000000,68.25615692,-91.96379089,68.25167084,-90.51050568
356.050000,68.25645447,-91.96397400,68.25200653,-90.51045227
356.100000,68.25674438,-91.96414948,68.25234985,-90.51039886
356.150000,68.25703430,-91.96432495,68.25268555,-90.51033783
356.200000,68.25732422,-91.96450043,68.25302887,-90.51028442
356.250000,68.25761414,-91.96467590,68.25336456,-90.51023102
356.300000,68.25790405,-91.96485901,68.25370789,-90.51017761
356.350000,68.25820160,-91.96503448,68.25404358,-90.51011658
356.400000,68.25849152,-91.96520996,68.25438690,-90.51006317
356.450000,68.25878143,-91.96538544,68.25472260,-90.51000977
356.500000,68.25907135,-91.96556091,68.25506592,-90.50995636
356.550000,68.25936127,-91.96574402,68.25540161,-90.50989532
356.600000,68.25965118,-91.96591949,68.25574493,-90.50984192
356.650000,68.25994110,-91.96609497,68.25608063,-90.50978851
356.700000,68.26023102,-91.96627045,68.25641632,-90.50973511
356.750000,68.26052094,-91.96644592,68.25675964,-90.50967407
356.800000,68.26081848,-91.96662140,68.25709534,-90.50962067
356.850000,68.26110840,-91.96680450,68.25743866,-90.50956726
356.900000,68.26139832,-91.96697998,68.25777435,-90.50951385
356.950000,68.26168823,-91.96715546,68.25811768,-90.50945282
357.000000,68.26197815,-91.96733093,68.25845337,-90.50939941
357.050000,68.26226807,-91.96751404,68.25878906,-90.50934601
357.100000,68.26255798,-91.96768951,68.25913239,-90.50929260
357.150000,68.26284790,-91.96786499,68.25946808,-90.50923157
357.200000,68.26313782,-91.96804047,68.25980377,-90.50917816
357.250000,68.26342773,-91.96821594,68.26014709,-90.50912476
357.300000,68.26371765,-91.96839142,68.26048279,-90.50906372
357.350000,68.26400757,-91.96857452,68.26082611,-90.50901031
357.400000,68.26429749,-91.96875000,68.26116180,-90.50895691
357.450000,68.26458740,-91.96892548,68.26149750,-90.50890350
357.500000,68.26487732,-91.96910095,68.26184082,-90.50884247
357.550000,68.26516724,-91.96927643,68.26217651,-90.50878906
357.600000,68.26545715,-91.96945953,68.26251984,-90.50873566
357.650000,68.26574707,-91.96963501,68.26285553,-90.50868225
357.700000,68.26604462,-91.96981049,68.26319122,-90.50862122
357.750000,68.26632690,-91.96998596,68.26352692,-90.50856781
357.800000,68.26662445,-91.97016144,68.26387024,-90.50851440
357.850000,68.26690674,-91.97033691,68.26420593,-90.50845337
357.900000,68.26720428,-91.97052002,68.26454163,-90.50839996
357.950000,68.26748657,-91.97069550,68.26488495,-90.50834656
358.000000,68.26778412,-91.97087097,68.26522064,-90.50828552
358.050000,68.26806641,-91.97104645,68.26555634,-90.50823212
358.100000,68.26835632,-91.97122192,68.26589966,-90.50817871
358.150000,68.26864624,-91.97139740,68.26623535,-90.50812531
358.200000,68.26893616,-91.97158051,68.26657104,-90.50806427
358.250000,68.26922607,-91.97175598,68.26691437,-90.50801086
358.300000,68.26951599,-91.97193146,68.26725006,-90.50795746
358.350000,68.26980591,-91.97210693,68.26758575,-90.50789642
358.400000,68.27009583,-91.97228241,68.26792145,-90.50784302
358.450000,68.27038574,-91.97246552,68.26826477,-90.50778961
358.500000,68.27067566,-91.97264099,68.26860046,-90.50773621
358.550000,68.27096558,-91.97281647,68.26893616,-90.50767517
358.600000,68.27125549,-91.97299194,68.26927185,-90.50762177
358.650000,68.27154541,-91.97316742,68.26961517,-90.50756836
358.700000,68.27183533,-91.97334290,68.26995087,-90.50750732
358.750000,68.27212524,-91.97352600,68.27028656,-90.50745392
358.800000,68.27241516,-91.97370148,68.27062225,-90.50740051
358.850000,68.27270508,-91.97387695,68.27096558,-90.50733948
358.900000,68.27299500,-91.97405243,68.27130127,-90.50728607
358.950000,68.27327728,-91.97422791,68.27163696,-90.50723267
359.000000,68.27356720,-91.97440338,68.27197266,-90.50717163
359.050000,68.27385712,-91.97458649,68.27230835,-90.50711823
359.100000,68.27414703,-91.97476196,68.27265167,-90.50706482
359.150000,68.27443695,-91.97493744,68.27298737,-90.50700378
359.200000,68.27472687,-91.97511292,68.27332306,-90.50695038
359.250000,68.27501678,-91.97528839,68.27365875,-90.50689697
359.300000,68.27530670,-91.97546387,68.27399445,-90.50683594
359.350000,68.27558899,-91.97563934,68.27433777,-90.50678253
359.400000,68.27587891,-91.97582245,68.27467346,-90.50672913
359.450000,68.27616882,-91.97599792,68.27500916,-90.50666809
359.500000,68.27645874,-91.97617340,68.27534485,-90.50661469
359.550000,68.27674866,-91.97634888,68.27568054,-90.50656128
359.600000,68.27703857,-91.97652435,68.27601624,-90.50650787
359.650000,68.27732086,-91.97670746,68.27635956,-90.50644684
359.700000,68.27761078,-91.97688293,68.27669525,-90.50639343
359.750000,68.27790070,-91.97705841,68.27703094,-90.50633240
359.800000,68.27819061,-91.97723389,68.27736664,-90.50627899
359.850000,68.27848053,-91.97740936,68.27770233,-90.50622559
359.900000,68.27877045,-91.97758484,68.27803802,-90.50616455
359.950000,68.27905273,-91.97776031,68.27837372,-90.50611115
360.000000,68.27934265,-91.97794342,68.27870941,-90.50605774
360.050000,68.27963257,-91.97811890,68.27905273,-90.50599670
360.100000,68.27992249,-91.97829437,68.27938843,-90.50594330
360.150000,68.28021240,-91.97846985,68.27972412,-90.50588989
360.200000,68.28049469,-91.97864532,68.28005981,-90.50582886
360.250000,68.28078461,-91.97882080,68.28039551,-90.50577545
360.300000,68.28107452,-91.97900391,68.28073120,-90.50572205
360.350000,68.28136444,-91.97917938,68.28106689,-90.50566101
360.400000,68.28164673,-91.97935486,68.28140259,-90.50560760
360.450000,68.28193665,-91.97953033,68.28173828,-90.50555420
360.500000,68.28222656,-91.97970581,68.28207397,-90.50549316
360.550000,68.28251648,-91.97988129,68.28240967,-90.50543976
360.600000,68.28279877,-91.98005676,68.28274536,-90.50537872
360.650000,68.28308868,-91.98023987,68.28308105,-90.50532532
360.700000,68.28337860,-91.98041534,68.28341675,-90.50527191
360.750000,68.28366852,-91.98059082,68.28376007,-90.50521088
360.800000,68.28395081,-91.98076630,68.28409576,-90.50515747
360.850000,68.28424072,-91.98094177,68.28443146,-90.50510406
360.900000,68.28453064,-91.98111725,68.28476715,-90.50504303
360.950000,68.28482056,-91.98130035,68.28510284,-90.50498962
361.000000,68.28510284,-91.98147583,68.28543854,-90.50492859
361.050000,68.28539276,-91.98165131,68.28577423,-90.50487518
361.100000,68.28568268,-91.98182678,68.28610992,-90.50482178
361.150000,68.28596497,-91.98200226,68.28644562,-90.50476074
361.200000,68.28625488,-91.98217773,68.28678131,-90.50470734
361.250000,68.28654480,-91.98235321,68.28711700,-90.50465393
361.300000,68.28682709,-91.98253632,68.28745270,-90.50459290
361.350000,68.28711700,-91.98271179,68.28778839,-90.50453949
361.400000,68.28740692,-91.98288727,68.28812408,-90.50447845
361.450000,68.28769684,-91.98306274,68.28845978,-90.50442505
361.500000,68.28797913,-91.98323822,68.28879547,-90.50437164
361.550000,68.28826904,-91.98341370,68.28913116,-90.50431061
361.600000,68.28855896,-91.98358917,68.28946686,-90.50425720
361.650000,68.28884125,-91.98376465,68.28979492,-90.50419617
361.700000,68.28913116,-91.98394775,68.29013062,-90.50414276
361.750000,68.28941345,-91.98412323,68.29046631,-90.50408936
361.800000,68.28970337,-91.98429871,68.29080200,-90.50402832
361.850000,68.28999329,-91.98447418,68.29113770,-90.50397491
361.900000,68.29027557,-91.98464966,68.29147339,-90.50391388
361.950000,68.29056549,-91.98482513,68.29180908,-90.50386047
362.000000,68.29085541,-91.98500824,68.29214478,-90.50380707
362.050000,68.29113770,-91.98518372,68.29248047,-90.50374603
362.100000,68.29142761,-91.98535919,68.29281616,-90.50369263
362.150000,68.29170990,-91.98553467,68.29315186,-90.50363922
362.200000,68.29199982,-91.98571014,68.29348755,-90.50357819
362.250000,68.29228973,-91.98588562,68.29381561,-90.50352478
362.300000,68.29257202,-91.98606110,68.29415131,-90.50346375
362.350000,68.29286194,-91.98624420,68.29448700,-90.50341034
362.400000,68.29314423,-91.98641968,68.29482269,-90.50335693
362.450000,68.29343414,-91.98659515,68.29515839,-90.50329590
362.500000,68.29372406,-91.98677063,68.29549408,-90.50324249
362.550000,68.29400635,-91.98694611,68.29582977,-90.50318146
362.600000,68.29429626,-91.98712158,68.29616547,-90.50312805
362.650000,68.29457855,-91.98729706,68.29649353,-90.50306702
362.700000,68.29486847,-91.98747253,68.29682922,-90.50301361
362.750000,68.29515076,-91.98764801,68.29716492,-90.50296021
362.800000,68.29544067,-91.98783112,68.29750061,-90.50289917
362.850000,68.29572296,-91.98800659,68.29783630,-90.50284576
362.900000,68.29601288,-91.98818207,68.29817200,-90.50278473
362.950000,68.29630280,-91.98835754,68.29850006,-90.50273132
363.000000,68.29658508,-91.98853302,68.29883575,-90.50267029
363.050000,68.29687500,-91.98870850,68.29917145,-90.50261688
363.100000,68.29715729,-91.98888397,68.29950714,-90.50256348
363.150000,68.29744720,-91.98906708,68.29984283,-90.50250244
363.200000,68.29772949,-91.98924255,68.30017853,-90.50244904
363.250000,68.29801941,-91.98941803,68.30050659,-90.50238800
363.300000,68.29830170,-91.98959351,68.30084229,-90.50233459
363.350000,68.29859161,-91.98976898,68.30117798,-90.50227356
363.400000,68.29887390,-91.98994446,68.30151367,-90.50222015
363.450000,68.29916382,-91.99011993,68.30184174,-90.50215912
363.500000,68.29944611,-91.99029541,68.30217743,-90.50210571
363.550000,68.29973602,-91.99047852,68.30251312,-90.50205231
363.600000,68.30001831,-91.99065399,68.30284882,-90.50199127
363.650000,68.30030823,-91.99082947,68.30318451,-90.50193787
363.700000,68.30059052,-91.99100494,68.30351257,-90.50187683
363.750000,68.30088043,-91.99118042,68.30384827,-90.50182343
363.800000,68.30116272,-91.99135590,68.30418396,-90.50176239
363.850000,68.30144501,-91.99153137,68.30451965,-90.50170898
363.900000,68.30173492,-91.99170685,68.30484772,-90.50165558
363.950000,68.30201721,-91.99188995,68.30518341,-90.50159454
364.000000,68.30230713,-91.99206543,68.30551910,-90.50154114
364.050000,68.30258942,-91.99224091,68.30584717,-90.50148010
364.100000,68.30287170,-91.99241638,68.30618286,-90.50142670
364.150000,68.30316162,-91.99259186,68.30651855,-90.50136566
364.200000,68.30344391,-91.99276733,68.30685425,-90.50131226
364.250000,68.30373383,-91.99294281,68.30718231,-90.50125122
364.300000,68.30401611,-91.99311829,68.30751801,-90.50119781
364.350000,68.30430603,-91.99330139,68.30785370,-90.50113678
364.400000,68.30458832,-91.99347687,68.30818176,-90.50108337
364.450000,68.30487061,-91.99365234,68.30851746,-90.50102234
364.500000,68.30516052,-91.99382782,68.30885315,-90.50096893
364.550000,68.30544281,-91.99400330,68.30918121,-90.50090790
364.600000,68.30573273,-91.99417877,68.30951691,-90.50085449
364.650000,68.30601501,-91.99435425,68.30985260,-90.50079346
364.700000,68.30629730,-91.99452972,68.31018066,-90.50074005
364.750000,68.30658722,-91.99470520,68.31051636,-90.50067902
364.800000,68.30686951,-91.99488831,68.31085205,-90.50062561
364.850000,68.30715942,-91.99506378,68.31118011,-90.50056458
364.900000,68.30744171,-91.99523926,68.31151581,-90.50051117
364.950000,68.30772400,-91.99541473,68.31185150,-90.50045013
365.000000,68.30800629,-91.99559021,68.31217957,-90.50039673
365.050000,68.30829620,-91.99576569,68.31251526,-90.50034332
365.100000,68.30857849,-91.99594116,68.31284332,-90.50028229
365.150000,68.30886841,-91.99611664,68.31317902,-90.50022888
365.200000,68.30915070,-91.99629211,68.31351471,-90.50016785
365.250000,68.30943298,-91.99647522,68.31384277,-90.50011444
365.300000,68.30972290,-91.99665070,68.31417847,-90.50005341
365.350000,68.31000519,-91.99682617,68.31450653,-90.50000000
365.400000,68.31028748,-91.99700165,68.31484222,-90.49993896
365.450000,68.31056976,-91.99717712,68.31517792,-90.49988556
365.500000,68.31085968,-91.99735260,68.31550598,-90.49982452
365.550000,68.31114197,-91.99752808,68.31584167,-90.49977112
365.600000,68.31142426,-91.99770355,68.31616974,-90.49971008
365.650000,68.31171417,-91.99787903,68.31650543,-90.49965668
365.700000,68.31199646,-91.99805450,68.31684113,-90.49959564
365.750000,68.31227875,-91.99822998,68.31716919,-90.49954224
365.800000,68.31256104,-91.99841309,68.31750488,-90.49948120
365.850000,68.31285095,-91.99858856,68.31783295,-90.49942780
365.900000,68.31313324,-91.99876404,68.31816864,-90.49936676
365.950000,68.31341553,-91.99893951,68.31849670,-90.49931335
366.000000,68.31369781,-91.99911499,68.31883240,-90.49925232
366.050000,68.31398773,-91.99929047,68.31916046,-90.49919128
366.100000,68.31427002,-91.99946594,68.31949615,-90.49913788
366.150000,68.31455231,-91.99964142,68.31982422,-90.49907684
366.200000,68.31483459,-91.99981689,68.32015991,-90.49902344
366.250000,68.31512451,-91.99999237,68.32048798,-90.49896240
366.300000,68.31540680,-92.00017548,68.32082367,-90.49890900
366.350000,68.31568909,-92.00035095,68.32115173,-90.49884796
366.400000,68.31597137,-92.00052643,68.32148743,-90.49879456
366.450000,68.31626129,-92.00070190,68.32181549,-90.49873352
366.500000,68.31654358,-92.00087738,68.32215118,-90.49868011
366.550000,68.31682587,-92.00105286,68.32247925,-90.49861908
366.600000,68.31710815,-92.00122833,68.32281494,-90.49856567
366.650000,68.31739044,-92.00140381,68.32314301,-90.49850464
366.700000,68.31768036,-92.00157928,68.32347870,-90.49845123
366.750000,68.31796265,-92.00175476,68.32380676,-90.49839020
366.800000,68.31824493,-92.00193024,68.32414246,-90.49833679
366.850000,68.31852722,-92.00211334,68.32447052,-90.49827576
366.900000,68.31880951,-92.00228882,68.32480621,-90.49821472
366.950000,68.31909180,-92.00246429,68.32513428,-90.49816132
367.000000,68.31938171,-92.00263977,68.32546997,-90.49810028
367.050000,68.31966400,-92.00281525,68.32579803,-90.49804688
367.100000,68.31994629,-92.00299072,68.32612610,-90.49798584
367.150000,68.32022858,-92.00316620,68.32646179,-90.49793243
367.200000,68.32051086,-92.00334167,68.32678986,-90.49787140
367.250000,68.32080078,-92.00351715,68.32712555,-90.49781799
367.300000,68.32108307,-92.00369263,68.32745361,-90.49775696
367.350000,68.32136536,-92.00386810,68.32778168,-90.49770355
367.400000,68.32164764,-92.00405121,68.32811737,-90.49764252
367.450000,68.32192993,-92.00422668,68.32844543,-90.49758148
367.500000,68.32221222,-92.00440216,68.32878113,-90.49752808
367.550000,68.32249451,-92.00457764,68.32910919,-90.49746704
367.600000,68.32277679,-92.00475311,68.32943726,-90.49741364
367.650000,68.32305908,-92.00492859,68.32977295,-90.49735260
367.700000,68.32334900,-92.00510406,68.33010101,-90.49729919
367.750000,68.32363129,-92.00527954,68.33043671,-90.49723816
367.800000,68.32391357,-92.00545502,68.33076477,-90.49717712
367.850000,68.32419586,-92.00563049,68.33109283,-90.49712372
367.900000,68.32447815,-92.00580597,68.33142853,-90.49706268
367.950000,68.32476044,-92.00598145,68.33175659,-90.49700928
368.000000,68.32504272,-92.00615692,68.33208466,-90.49694824
368.050000,68.32532501,-92.00634003,68.33242035,-90.49689484
368.100000,68.32560730,-92.00651550,68.33274841,-90.49683380
368.150000,68.32588959,-92.00669098,68.33307648,-90.49677277
368.200000,68.32617188,-92.00686646,68.33341217,-90.49671936
368.250000,68.32645416,-92.00704193,68.33374023,-90.49665833
368.300000,68.32673645,-92.00721741,68.33406830,-90.49660492
368.350000,68.32702637,-92.00739288,68.33440399,-90.49654388
368.400000,68.32730865,-92.00756836,68.33473206,-90.49648285
368.450000,68.32759094,-92.00774384,68.33506012,-90.49642944
368.500000,68.32787323,-92.00791931,68.33539581,-90.49636841
368.550000,68.32815552,-92.00809479,68.33572388,-90.49631500
368.600000,68.32843781,-92.00827026,68.33605194,-90.49625397
368.650000,68.32872009,-92.00844574,68.33638000,-90.49620056
368.700000,68.32900238,-92.00862122,68.33671570,-90.49613953
368.750000,68.32928467,-92.00879669,68.33704376,-90.49607849
368.800000,68.32956696,-92.00897980,68.33737183,-90.49602509
368.850000,68.32984924,-92.00915527,68.33769989,-90.49596405
368.900000,68.33013153,-92.00933075,68.33803558,-90.49591064
368.950000,68.33041382,-92.00950623,68.33836365,-90.49584961
369.000000,68.33069611,-92.00968170,68.33869171,-90.49578857
369.050000,68.33097839,-92.00985718,68.33901978,-90.49573517
369.100000,68.33126068,-92.01003265,68.33935547,-90.49567413
369.150000,68.33154297,-92.01020813,68.33968353,-90.49562073
369.200000,68.33182526,-92.01038361,68.34001160,-90.49555969
369.250000,68.33209991,-92.01055908,68.34033966,-90.49549866
369.300000,68.33238983,-92.01073456,68.34067535,-90.49544525
369.350000,68.33267212,-92.01091003,68.34100342,-90.49538422
369.400000,68.33294678,-92.01108551,68.34133148,-90.49532318
369.450000,68.33322906,-92.01126099,68.34165955,-90.49526978
369.500000,68.33351135,-92.01143646,68.34198761,-90.49520874
369.550000,68.33379364,-92.01161957,68.34232330,-90.49515533
369.600000,68.33407593,-92.01179504,68.34265137,-90.49509430
369.650000,68.33435822,-92.01197052,68.34297943,-90.49503326
369.700000,68.33464050,-92.01214600,68.34330750,-90.49497986
369.750000,68.33492279,-92.01232147,68.34363556,-90.49491882
369.800000,68.33520508,-92.01249695,68.34396362,-90.49485779
369.850000,68.33548737,-92.01267242,68.34429932,-90.49480438
369.900000,68.33576965,-92.01284790,68.34462738,-90.49474335
369.950000,68.33604431,-92.01302338,68.34495544,-90.49468994
370.000000,68.33632660,-92.01319885,68.34528351,-90.49462891
370.050000,68.33660889,-92.01337433,68.34561157,-90.49456787
370.100000,68.33689117,-92.01354980,68.34593964,-90.49451447
370.150000,68.33717346,-92.01372528,68.34627533,-90.49445343
370.200000,68.33745575,-92.01390076,68.34660339,-90.49439240
370.250000,68.33773804,-92.01407623,68.34693146,-90.49433899
370.300000,68.33802032,-92.01425171,68.34725952,-90.49427795
370.350000,68.33830261,-92.01442719,68.34758759,-90.49422455
370.400000,68.33858490,-92.01460266,68.34791565,-90.49416351
370.450000,68.33885956,-92.01478577,68.34824371,-90.49410248
370.500000,68.33914185,-92.01496124,68.34857178,-90.49404907
370.550000,68.33942413,-92.01513672,68.34890747,-90.49398804
370.600000,68.33970642,-92.01531219,68.34923553,-90.49392700
370.650000,68.33998871,-92.01548767,68.34956360,-90.49387360
370.700000,68.34027100,-92.01566315,68.34989166,-90.49381256
370.750000,68.34054565,-92.01583862,68.35021973,-90.49375153
370.800000,68.34082794,-92.01601410,68.35054779,-90.49369812
370.850000,68.34111023,-92.01618958,68.35087585,-90.49363708
370.900000,68.34139252,-92.01636505,68.35120392,-90.49357605
370.950000,68.34167480,-92.01654053,68.35153198,-90.49352264
371.000000,68.34194946,-92.01671600,68.35186005,-90.49346161
371.050000,68.34223175,-92.01689148,68.35218811,-90.49340057
371.100000,68.34251404,-92.01706696,68.35251617,-90.49334717
371.150000,68.34279633,-92.01724243,68.35284424,-90.49328613
371.200000,68.34307861,-92.01741791,68.35317230,-90.49322510
371.250000,68.34335327,-92.01759338,68.35350037,-90.49317169
371.300000,68.34363556,-92.01776886,68.35382843,-90.49311066
371.350000,68.34391785,-92.01794434,68.35415649,-90.49304962
371.400000,68.34420013,-92.01811981,68.35449219,-90.49299622
371.450000,68.34448242,-92.01829529,68.35482025,-90.49293518
371.500000,68.34475708,-92.01847076,68.35514832,-90.49287415
371.550000,68.34503937,-92.01864624,68.35547638,-90.49282074
371.600000,68.34532166,-92.01882935,68.35580444,-90.49275970
371.650000,68.34560394,-92.01900482,68.35612488,-90.49269867
371.700000,68.34587860,-92.01918030,68.35645294,-90.49264526
371.750000,68.34616089,-92.01935577,68.35678101,-90.49258423
371.800000,68.34644318,-92.01953125,68.35710907,-90.49252319
371.850000,68.34671783,-92.01970673,68.35743713,-90.49246979
371.900000,68.34700012,-92.01988220,68.35776520,-90.49240875
371.950000,68.34728241,-92.02005768,68.35809326,-90.49234772
372.000000,68.34756470,-92.02023315,68.35842133,-90.49229431
372.050000,68.34783936,-92.02040863,68.35874939,-90.49223328
372.100000,68.34812164,-92.02058411,68.35907745,-90.49217224
372.150000,68.34840393,-92.02075958,68.35940552,-90.49211121
372.200000,68.34867859,-92.02093506,68.35973358,-90.49205780
372.250000,68.34896088,-92.02111053,68.36006165,-90.49199677
372.300000,68.34924316,-92.02128601,68.36038971,-90.49193573
372.350000,68.34952545,-92.02146149,68.36071777,-90.49188232
372.400000,68.34980011,-92.02163696,68.36104584,-90.49182129
372.450000,68.35008240,-92.02181244,68.36137390,-90.49176025
372.500000,68.35036469,-92.02198792,68.36170197,-90.49170685
372.550000,68.35063934,-92.02216339,68.36203003,-90.49164581
372.600000,68.35092163,-92.02233887,68.36235809,-90.49158478
372.650000,68.35120392,-92.02251434,68.36267853,-90.49153137
372.700000,68.35147858,-92.02268982,68.36300659,-90.49147034
372.750000,68.35176086,-92.02286530,68.36333466,-90.49140930
372.800000,68.35204315,-92.02304077,68.36366272,-90.49134827
372.850000,68.35231781,-92.02321625,68.36399078,-90.49129486
372.900000,68.35260010,-92.02339172,68.36431885,-90.49123383
372.950000,68.35288239,-92.02356720,68.36464691,-90.49117279
373.000000,68.35315704,-92.02374268,68.36497498,-90.49111176
373.050000,68.35343933,-92.02391815,68.36529541,-90.49105835
373.100000,68.35371399,-92.02409363,68.36562347,-90.49099731
373.150000,68.35399628,-92.02426910,68.36595154,-90.49093628
373.200000,68.35427856,-92.02445221,68.36627960,-90.49088287
373.250000,68.35455322,-92.02462006,68.36660767,-90.49082184
373.300000,68.35483551,-92.02479553,68.36693573,-90.49076080
373.350000,68.35511017,-92.02497101,68.36726379,-90.49069977
373.400000,68.35539246,-92.02515411,68.36758423,-90.49064636
373.450000,68.35567474,-92.02532959,68.36791229,-90.49058533
373.500000,68.35594940,-92.02550507,68.36824036,-90.49052429
373.550000,68.35623169,-92.02568054,68.36856842,-90.49046326
373.600000,68.35650635,-92.02585602,68.36889648,-90.49040985
373.650000,68.35678864,-92.02603149,68.36921692,-90.49034882
373.700000,68.35706329,-92.02620697,68.36954498,-90.49028778
373.750000,68.35734558,-92.02638245,68.36987305,-90.49022675
373.800000,68.35762787,-92.02655792,68.37020111,-90.49017334
373.850000,68.35790253,-92.02673340,68.37052917,-90.49011230
373.900000,68.35818481,-92.02690887,68.37084961,-90.49005127
373.950000,68.35845947,-92.02708435,68.37117767,-90.48999023
374.000000,68.35874176,-92.02725983,68.37150574,-90.48993683
374.050000,68.35901642,-92.02743530,68.37183380,-90.48987579
374.100000,68.35929871,-92.02761078,68.37216187,-90.48981476
374.150000,68.35957336,-92.02778625,68.37248230,-90.48975372
374.200000,68.35985565,-92.02796173,68.37281036,-90.48970032
374.250000,68.36013794,-92.02813721,68.37313843,-90.48963928
374.300000,68.36041260,-92.02831268,68.37346649,-90.48957825
374.350000,68.36069489,-92.02848816,68.37378693,-90.48951721
374.400000,68.36096954,-92.02866364,68.37411499,-90.48946381
374.450000,68.36125183,-92.02883911,68.37444305,-90.48940277
374.500000,68.36152649,-92.02901459,68.37476349,-90.48934174
374.550000,68.36180115,-92.02919006,68.37509155,-90.48928070
374.600000,68.36208344,-92.02936554,68.37541962,-90.48921967
374.650000,68.36235809,-92.02954102,68.37574768,-90.48916626
374.700000,68.36264038,-92.02971649,68.37606812,-90.48910522
374.750000,68.36291504,-92.02989197,68.37639618,-90.48904419
374.800000,68.36319733,-92.03006744,68.37672424,-90.48898315
374.850000,68.36347198,-92.03024292,68.37704468,-90.48892975
374.900000,68.36375427,-92.03041840,68.37737274,-90.48886871
374.950000,68.36402893,-92.03059387,68.37770081,-90.48880768
375.000000,68.36431122,-92.03076935,68.37802887,-90.48874664
375.050000,68.36458588,-92.03094482,68.37834930,-90.48868561
375.100000,68.36486816,-92.03112030,68.37867737,-90.48863220
375.150000,68.36514282,-92.03129578,68.37900543,-90.48857117
375.200000,68.36541748,-92.03147125,68.37932587,-90.48851013
375.250000,68.36569977,-92.03164673,68.37965393,-90.48844910
375.300000,68.36597443,-92.03182220,68.37998199,-90.48839569
375.350000,68.36625671,-92.03199768,68.38030243,-90.48833466
375.400000,68.36653137,-92.03217316,68.38063049,-90.48827362
375.450000,68.36681366,-92.03234863,68.38095856,-90.48821259
375.500000,68.36708832,-92.03252411,68.38127899,-90.48815918
375.550000,68.36736298,-92.03269958,68.38160706,-90.48809814
375.600000,68.36764526,-92.03287506,68.38192749,-90.48803711
375.650000,68.36791992,-92.03305054,68.38225555,-90.48797607
375.700000,68.36820221,-92.03322601,68.38258362,-90.48791504
375.750000,68.36847687,-92.03340149,68.38290405,-90.48786163
375.800000,68.36875153,-92.03357697,68.38323212,-90.48780060
375.850000,68.36903381,-92.03375244,68.38355255,-90.48773956
375.900000,68.36930847,-92.03392792,68.38388062,-90.48767853
375.950000,68.36958313,-92.03410339,68.38420868,-90.48761749
376.000000,68.36986542,-92.03427887,68.38452911,-90.48755646
376.050000,68.37014008,-92.03445435,68.38485718,-90.48750305
376.100000,68.37042236,-92.03462982,68.38517761,-90.48744202
376.150000,68.37069702,-92.03480530,68.38550568,-90.48738098
376.200000,68.37097168,-92.03498077,68.38582611,-90.48731995
376.250000,68.37125397,-92.03515625,68.38615417,-90.48725891
376.300000,68.37152863,-92.03533173,68.38648224,-90.48719788
376.350000,68.37180328,-92.03550720,68.38680267,-90.48714447
376.400000,68.37208557,-92.03568268,68.38713074,-90.48708344
376.450000,68.37236023,-92.03585815,68.38745117,-90.48702240
376.500000,68.37263489,-92.03603363,68.38777924,-90.48696136
376.550000,68.37290955,-92.03620911,68.38809967,-90.48690033
376.600000,68.37319183,-92.03638458,68.38842773,-90.48684692
376.650000,68.37346649,-92.03656006,68.38874817,-90.48678589
376.700000,68.37374115,-92.03673553,68.38907623,-90.48672485
376.750000,68.37402344,-92.03691101,68.38939667,-90.48666382
376.800000,68.37429810,-92.03708649,68.38972473,-90.48660278
376.850000,68.37457275,-92.03726196,68.39004517,-90.48654175
376.900000,68.37485504,-92.03743744,68.39037323,-90.48648834
376.950000,68.37512970,-92.03761292,68.39069366,-90.48642731
377.000000,68.37540436,-92.03778839,68.39102173,-90.48636627
377.050000,68.37567902,-92.03796387,68.39134216,-90.48630524
377.100000,68.37596130,-92.03813934,68.39167023,-90.48624420
377.150000,68.37623596,-92.03831482,68.39199066,-90.48618317
377.200000,68.37651062,-92.03848267,68.39231873,-90.48612213
377.250000,68.37678528,-92.03865814,68.39263916,-90.48606873
377.300000,68.37706757,-92.03883362,68.39296722,-90.48600769
377.350000,68.37734222,-92.03900909,68.39328766,-90.48594666
377.400000,68.37761688,-92.03918457,68.39361572,-90.48588562
377.450000,68.37789154,-92.03936005,68.39393616,-90.48582458
377.500000,68.37817383,-92.03953552,68.39426422,-90.48576355
377.550000,68.37844849,-92.03971100,68.39458466,-90.48571014
377.600000,68.37872314,-92.03988647,68.39491272,-90.48564911
377.650000,68.37899780,-92.04006195,68.39523315,-90.48558807
377.700000,68.37927246,-92.04023743,68.39555359,-90.48552704
377.750000,68.37955475,-92.04041290,68.39588165,-90.48546600
377.800000,68.37982941,-92.04058838,68.39620209,-90.48540497
377.850000,68.38010406,-92.04076385,68.39653015,-90.48534393
377.900000,68.38037872,-92.04093933,68.39685059,-90.48528290
377.950000,68.38066101,-92.04111481,68.39717102,-90.48522949
378.000000,68.38093567,-92.04129028,68.39749908,-90.48516846
378.050000,68.38121033,-92.04146576,68.39781952,-90.48510742
378.100000,68.38148499,-92.04164124,68.39814758,-90.48504639
378.150000,68.38175964,-92.04181671,68.39846802,-90.48498535
378.200000,68.38203430,-92.04199219,68.39878845,-90.48492432
378.250000,68.38231659,-92.04216766,68.39911652,-90.48486328
378.300000,68.38259125,-92.04234314,68.39943695,-90.48480225
378.350000,68.38286591,-92.04251862,68.39975739,-90.48474884
378.400000,68.38314056,-92.04269409,68.40008545,-90.48468781
378.450000,68.38341522,-92.04286957,68.40040588,-90.48462677
378.500000,68.38368988,-92.04304504,68.40073395,-90.48456573
378.550000,68.38396454,-92.04322052,68.40105438,-90.48450470
378.600000,68.38424683,-92.04339600,68.40137482,-90.48444366
378.650000,68.38452148,-92.04357147,68.40170288,-90.48438263
378.700000,68.38479614,-92.04374695,68.40202332,-90.48432159
378.750000,68.38507080,-92.04392242,68.40234375,-90.48426056
378.800000,68.38534546,-92.04409790,68.40267181,-90.48420715
378.850000,68.38562012,-92.04427338,68.40299225,-90.48414612
378.900000,68.38589478,-92.04444122,68.40331268,-90.48408508
378.950000,68.38616943,-92.04461670,68.40364075,-90.48402405
379.000000,68.38644409,-92.04479218,68.40396118,-90.48396301
379.050000,68.38672638,-92.04496765,68.40428162,-90.48390198
379.100000,68.38700104,-92.04514313,68.40460968,-90.48384094
379.150000,68.38727570,-92.04531860,68.40493011,-90.48377991
379.200000,68.38755035,-92.04549408,68.40525055,-90.48371887
379.250000,68.38782501,-92.04566956,68.40557098,-90.48365784
379.300000,68.38809967,-92.04584503,68.40589905,-90.48360443
379.350000,68.38837433,-92.04602051,68.40621948,-90.48354340
379.400000,68.38864899,-92.04619598,68.40653992,-90.48348236
379.450000,68.38892365,-92.04637146,68.40686035,-90.48342133
379.500000,68.38919830,-92.04654694,68.40718842,-90.48336029
379.550000,68.38947296,-92.04672241,68.40750885,-90.48329926
379.600000,68.38974762,-92.04689789,68.40782928,-90.48323822
379.650000,68.39002228,-92.04707336,68.40814972,-90.48317719
379.700000,68.39029694,-92.04724884,68.40847778,-90.48311615
379.750000,68.39057922,-92.04742432,68.40879822,-90.48305511
379.800000,68.39085388,-92.04759979,68.40911865,-90.48299408
379.850000,68.39112854,-92.04777527,68.40943909,-90.48294067
379.900000,68.39140320,-92.04795074,68.40976715,-90.48287964
379.950000,68.39167786,-92.04812622,68.41008759,-90.48281860
380.000000,68.39195251,-92.04830170,68.41040802,-90.48275757
380.050000,68.39222717,-92.04846954,68.41072845,-90.48269653
380.100000,68.39250183,-92.04864502,68.41105652,-90.48263550
380.150000,68.39277649,-92.04882050,68.41137695,-90.48257446
380.200000,68.39305115,-92.04899597,68.41169739,-90.48251343
380.250000,68.39332581,-92.04917145,68.41201782,-90.48245239
380.300000,68.39360046,-92.04934692,68.41233826,-90.48239136
380.350000,68.39387512,-92.04952240,68.41265869,-90.48233032
380.400000,68.39414215,-92.04969788,68.41298676,-90.48226929
380.450000,68.39441681,-92.04987335,68.41330719,-90.48220825
380.500000,68.39469147,-92.05004883,68.41362762,-90.48214722
380.550000,68.39496613,-92.05022430,68.41394806,-90.48208618
380.600000,68.39524078,-92.05039978,68.41426849,-90.48202515
380.650000,68.39551544,-92.05057526,68.41459656,-90.48196411
380.700000,68.39579010,-92.05075073,68.41491699,-90.48191071
380.750000,68.39606476,-92.05092621,68.41523743,-90.48184967
380.800000,68.39633942,-92.05110168,68.41555786,-90.48178864
380.850000,68.39661407,-92.05127716,68.41587830,-90.48172760
380.900000,68.39688873,-92.05145264,68.41619873,-90.48166656
380.950000,68.39716339,-92.05162048,68.41651917,-90.48160553
381.000000,68.39743805,-92.05179596,68.41683960,-90.48154449
381.050000,68.39771271,-92.05197144,68.41716766,-90.48148346
381.100000,68.39798737,-92.05214691,68.41748810,-90.48142242
381.150000,68.39826202,-92.05232239,68.41780853,-90.48136139
381.200000,68.39852905,-92.05249786,68.41812897,-90.48130035
381.250000,68.39880371,-92.05267334,68.41844940,-90.48123932
381.300000,68.39907837,-92.05284882,68.41876984,-90.48117828
381.350000,68.39935303,-92.05302429,68.41909027,-90.48111725
381.400000,68.39962769,-92.05319977,68.41941071,-90.48105621
381.450000,68.39990234,-92.05337524,68.41973114,-90.48099518
381.500000,68.40017700,-92.05355072,68.42005157,-90.48093414
381.550000,68.40045166,-92.05372620,68.42037964,-90.48087311
381.600000,68.40072632,-92.05390167,68.42070007,-90.48081207
381.650000,68.40099335,-92.05407715,68.42102051,-90.48075104
381.700000,68.40126801,-92.05425262,68.42134094,-90.48069000
381.750000,68.40154266,-92.05442047,68.42166138,-90.48062897
381.800000,68.40181732,-92.05459595,68.42198181,-90.48056793
381.850000,68.40209198,-92.05477142,68.42230225,-90.48050690
381.900000,68.40236664,-92.05494690,68.42262268,-90.48044586
381.950000,68.40264130,-92.05512238,68.42294312,-90.48038483
382.000000,68.40290833,-92.05529785,68.42326355,-90.48032379
382.050000,68.40318298,-92.05547333,68.42358398,-90.48026276
382.100000,68.40345764,-92.05564880,68.42390442,-90.48020172
382.150000,68.40373230,-92.05582428,68.42422485,-90.48014069
382.200000,68.40400696,-92.05599976,68.42454529,-90.48007965
382.250000,68.40428162,-92.05617523,68.42486572,-90.48001862
382.300000,68.40454865,-92.05635071,68.42518616,-90.47995758
382.350000,68.40482330,-92.05651855,68.42550659,-90.47989655
382.400000,68.40509796,-92.05669403,68.42582703,-90.47983551
382.450000,68.40537262,-92.05686951,68.42614746,-90.47977448
382.500000,68.40563965,-92.05704498,68.42646790,-90.47971344
382.550000,68.40591431,-92.05722046,68.42678833,-90.47965240
382.600000,68.40618896,-92.05739594,68.42710876,-90.47959137
382.650000,68.40646362,-92.05757141,68.42742920,-90.47953033
382.700000,68.40673828,-92.05774689,68.42774963,-90.47946930
382.750000,68.40700531,-92.05792236,68.42807007,-90.47940826
382.800000,68.40727997,-92.05809784,68.42839050,-90.47934723
382.850000,68.40755463,-92.05827332,68.42871094,-90.47928619
382.900000,68.40782928,-92.05844879,68.42903137,-90.47922516
382.950000,68.40809631,-92.05861664,68.42935181,-90.47916412
383.000000,68.40837097,-92.05879974,68.42967224,-90.47910309
383.050000,68.40864563,-92.05896759,68.42998505,-90.47904205
383.100000,68.40892029,-92.05914307,68.43030548,-90.47898102
383.150000,68.40918732,-92.05931854,68.43062592,-90.47891998
383.200000,68.40946198,-92.05949402,68.43094635,-90.47885895
383.250000,68.40973663,-92.05966949,68.43126678,-90.47879791
383.300000,68.41001129,-92.05984497,68.43158722,-90.47873688
383.350000,68.41027832,-92.06002045,68.43190765,-90.47867584
383.400000,68.41055298,-92.06019592,68.43222809,-90.47861481
383.450000,68.41082764,-92.06037140,68.43254852,-90.47855377
383.500000,68.41110229,-92.06054688,68.43286896,-90.47849274
383.550000,68.41136932,-92.06072235,68.43318939,-90.47843170
383.600000,68.41164398,-92.06089020,68.43350220,-90.47837067
383.650000,68.41191864,-92.06106567,68.43382263,-90.47830963
383.700000,68.41218567,-92.06124115,68.43414307,-90.47824860
383.750000,68.41246033,-92.06141663,68.43446350,-90.47818756
383.800000,68.41273499,-92.06159210,68.43478394,-90.47811890
383.850000,68.41300201,-92.06176758,68.43510437,-90.47805786
383.900000,68.41327667,-92.06194305,68.43542480,-90.47799683
383.950000,68.41355133,-92.06211853,68.43574524,-90.47793579
384.000000,68.41381836,-92.06229401,68.43605804,-90.47787476
384.050000,68.41409302,-92.06246185,68.43637848,-90.47781372
384.100000,68.41436768,-92.06264496,68.43669891,-90.47775269
384.150000,68.41463470,-92.06281281,68.43701935,-90.47769165
384.200000,68.41490936,-92.06298828,68.43733978,-90.47763062
384.250000,68.41518402,-92.06316376,68.43765259,-90.47756958
384.300000,68.41545105,-92.06333923,68.43797302,-90.47750854
384.350000,68.41572571,-92.06351471,68.43829346,-90.47744751
384.400000,68.41599274,-92.06369019,68.43861389,-90.47738647
384.450000,68.41626740,-92.06386566,68.43893433,-90.47732544
384.500000,68.41654205,-92.06404114,68.43925476,-90.47726440
384.550000,68.41680908,-92.06421661,68.43956757,-90.47720337
384.600000,68.41708374,-92.06438446,68.43988800,-90.47713470
384.650000,68.41735840,-92.06455994,68.44020844,-90.47707367
384.700000,68.41762543,-92.06473541,68.44052887,-90.47701263
384.750000,68.41790009,-92.06491089,68.44084167,-90.47695160
384.800000,68.41816711,-92.06508636,68.44116211,-90.47689056
384.850000,68.41844177,-92.06526184,68.44148254,-90.47682953
384.900000,68.41870880,-92.06543732,68.44180298,-90.47676849
384.950000,68.41898346,-92.06561279,68.44212341,-90.47670746
385.000000,68.41925812,-92.06578827,68.44243622,-90.47664642
385.050000,68.41952515,-92.06596375,68.44275665,-90.47658539
385.100000,68.41979980,-92.06613159,68.44307709,-90.47652435
385.150000,68.42006683,-92.06630707,68.44339752,-90.47646332
385.200000,68.42034149,-92.06648254,68.44371033,-90.47639465
385.250000,68.42060852,-92.06665802,68.44403076,-90.47633362
385.300000,68.42088318,-92.06683350,68.44435120,-90.47627258
385.350000,68.42115784,-92.06700897,68.44466400,-90.47621155
385.400000,68.42142487,-92.06718445,68.44498444,-90.47615051
385.450000,68.42169952,-92.06735992,68.44530487,-90.47608948
385.500000,68.42196655,-92.06752777,68.44562531,-90.47602844
385.550000,68.42224121,-92.06770325,68.44593811,-90.47596741
385.600000,68.42250824,-92.06787872,68.44625854,-90.47590637
385.650000,68.42278290,-92.06805420,68.44657898,-90.47584534
385.700000,68.42304993,-92.06822968,68.44689178,-90.47577667
385.750000,68.42332458,-92.06840515,68.44721222,-90.47571564
385.800000,68.42359161,-92.06858063,68.44753265,-90.47565460
385.850000,68.42386627,-92.06875610,68.44784546,-90.47559357
385.900000,68.42413330,-92.06893158,68.44816589,-90.47553253
385.950000,68.42440796,-92.06910706,68.44848633,-90.47547150
386.000000,68.42467499,-92.06927490,68.44879913,-90.47541046
386.050000,68.42494965,-92.06945038,68.44911957,-90.47534943
386.100000,68.42521667,-92.06962585,68.44944000,-90.47528076
386.150000,68.42549133,-92.06980133,68.44975281,-90.47521973
386.200000,68.42575836,-92.06997681,68.45007324,-90.47515869
386.250000,68.42603302,-92.07015228,68.45039368,-90.47509766
386.300000,68.42630005,-92.07032776,68.45070648,-90.47503662
386.350000,68.42656708,-92.07050323,68.45102692,-90.47497559
386.400000,68.42684174,-92.07067108,68.45134735,-90.47491455
386.450000,68.42710876,-92.07084656,68.45166016,-90.47485352
386.500000,68.42738342,-92.07102203,68.45198059,-90.47478485
386.550000,68.42765045,-92.07119751,68.45229340,-90.47472382
386.600000,68.42792511,-92.07137299,68.45261383,-90.47466278
386.650000,68.42819214,-92.07154846,68.45293427,-90.47460175
386.700000,68.42846680,-92.07172394,68.45324707,-90.47454071
386.750000,68.42873383,-92.07189941,68.45356750,-90.47447968
386.800000,68.42900085,-92.07206726,68.45388031,-90.47441864
386.850000,68.42927551,-92.07224274,68.45420074,-90.47435760
386.900000,68.42954254,-92.07241821,68.45452118,-90.47428894
386.950000,68.42981720,-92.07259369,68.45483398,-90.47422791
387.000000,68.43008423,-92.07276917,68.45515442,-90.47416687
387.050000,68.43035126,-92.07294464,68.45546722,-90.47410583
387.100000,68.43062592,-92.07312012,68.45578766,-90.47404480
387.150000,68.43089294,-92.07329559,68.45610046,-90.47398376
387.200000,68.43116760,-92.07347107,68.45642090,-90.47392273
387.250000,68.43143463,-92.07363892,68.45674133,-90.47385406
387.300000,68.43170166,-92.07381439,68.45705414,-90.47379303
387.350000,68.43197632,-92.07398987,68.45737457,-90.47373199
387.400000,68.43224335,-92.07416534,68.45768738,-90.47367096
387.450000,68.43251038,-92.07434082,68.45800781,-90.47360992
387.500000,68.43278503,-92.07451630,68.45832062,-90.47354889
387.550000,68.43305206,-92.07469177,68.45864105,-90.47348022
387.600000,68.43332672,-92.07485962,68.45895386,-90.47341919
387.650000,68.43359375,-92.07503510,68.45927429,-90.47335815
387.700000,68.43386078,-92.07521057,68.45958710,-90.47329712
387.750000,68.43413544,-92.07538605,68.45990753,-90.47323608
387.800000,68.43440247,-92.07556152,68.46022034,-90.47316742
387.850000,68.43466949,-92.07573700,68.46054077,-90.47310638
387.900000,68.43494415,-92.07591248,68.46085358,-90.47304535
387.950000,68.43521118,-92.07608032,68.46117401,-90.47298431
388.000000,68.43547821,-92.07625580,68.46148682,-90.47292328
388.050000,68.43574524,-92.07643127,68.46180725,-90.47286224
388.100000,68.43601990,-92.07660675,68.46212006,-90.47279358
388.150000,68.43628693,-92.07678223,68.46244049,-90.47273254
388.200000,68.43655396,-92.07695770,68.46275330,-90.47267151
388.250000,68.43682861,-92.07713318,68.46307373,-90.47261047
388.300000,68.43709564,-92.07730865,68.46338654,-90.47254944
388.350000,68.43736267,-92.07747650,68.46369934,-90.47248077
388.400000,68.43763733,-92.07765198,68.46401978,-90.47241974
388.450000,68.43790436,-92.07782745,68.46433258,-90.47235870
388.500000,68.43817139,-92.07800293,68.46465302,-90.47229767
388.550000,68.43843842,-92.07817841,68.46496582,-90.47223663
388.600000,68.43871307,-92.07835388,68.46528625,-90.47216797
388.650000,68.43898010,-92.07852173,68.46559906,-90.47210693
388.700000,68.43924713,-92.07869720,68.46591187,-90.47204590
388.750000,68.43951416,-92.07887268,68.46623230,-90.47198486
388.800000,68.43978882,-92.07904816,68.46654510,-90.47192383
388.850000,68.44005585,-92.07922363,68.46686554,-90.47185516
388.900000,68.44032288,-92.07939911,68.46717834,-90.47179413
388.950000,68.44058990,-92.07957458,68.46749115,-90.47173309
389.000000,68.44086456,-92.07974243,68.46781158,-90.47167206
389.050000,68.44113159,-92.07991791,68.46812439,-90.47161102
389.100000,68.44139862,-92.08009338,68.46844482,-90.47154236
389.150000,68.44166565,-92.08026886,68.46875763,-90.47148132
389.200000,68.44193268,-92.08044434,68.46907043,-90.47142029
389.250000,68.44220734,-92.08061981,68.46939087,-90.47135925
389.300000,68.44247437,-92.08078766,68.46970367,-90.47129822
389.350000,68.44274139,-92.08096313,68.47001648,-90.47122955
389.400000,68.44300842,-92.08113861,68.47033691,-90.47116852
389.450000,68.44327545,-92.08131409,68.47064972,-90.47110748
389.500000,68.44355011,-92.08148956,68.47096252,-90.47104645
389.550000,68.44381714,-92.08166504,68.47128296,-90.47097778
389.600000,68.44408417,-92.08184052,68.47159576,-90.47091675
389.650000,68.44435120,-92.08200836,68.47191620,-90.47085571
389.700000,68.44461823,-92.08218384,68.47222900,-90.47079468
389.750000,68.44488525,-92.08235931,68.47254181,-90.47072601
389.800000,68.44515991,-92.08253479,68.47285461,-90.47066498
389.850000,68.44542694,-92.08271027,68.47317505,-90.47060394
389.900000,68.44569397,-92.08288574,68.47348785,-90.47054291
389.950000,68.44596100,-92.08305359,68.47380066,-90.47047424
390.000000,68.44622803,-92.08322906,68.47412109,-90.47041321
390.050000,68.44649506,-92.08340454,68.47443390,-90.47035217
390.100000,68.44676208,-92.08358002,68.47474670,-90.47029114
390.150000,68.44703674,-92.08375549,68.47506714,-90.47022247
390.200000,68.44730377,-92.08393097,68.47537994,-90.47016144
390.250000,68.44757080,-92.08409882,68.47569275,-90.47010040
390.300000,68.44783783,-92.08427429,68.47600555,-90.47003937
390.350000,68.44810486,-92.08444977,68.47632599,-90.46997070
390.400000,68.44837189,-92.08462524,68.47663879,-90.46990967
390.450000,68.44863892,-92.08480072,68.47695160,-90.46984863
390.500000,68.44890594,-92.08497620,68.47726440,-90.46978760
390.550000,68.44917297,-92.08514404,68.47758484,-90.46971893
390.600000,68.44944763,-92.08531952,68.47789764,-90.46965790
390.650000,68.44971466,-92.08549500,68.47821045,-90.46959686
390.700000,68.44998169,-92.08567047,68.47852325,-90.46953583
390.750000,68.45024872,-92.08584595,68.47884369,-90.46946716
390.800000,68.45051575,-92.08602142,68.47915649,-90.46940613
390.850000,68.45078278,-92.08618927,68.47946930,-90.46934509
390.900000,68.45104980,-92.08636475,68.47978210,-90.46928406
390.950000,68.45131683,-92.08654022,68.48010254,-90.46921539
391.000000,68.45158386,-92.08671570,68.48041534,-90.46915436
391.050000,68.45185089,-92.08689117,68.48072815,-90.46909332
391.100000,68.45211792,-92.08706665,68.48104095,-90.46902466
391.150000,68.45238495,-92.08723450,68.48135376,-90.46896362
391.200000,68.45265198,-92.08740997,68.48167419,-90.46890259
391.250000,68.45291901,-92.08758545,68.48198700,-90.46884155
391.300000,68.45318604,-92.08776093,68.48229980,-90.46877289
391.350000,68.45345306,-92.08793640,68.48261261,-90.46871185
391.400000,68.45372009,-92.08811188,68.48292542,-90.46865082
391.450000,68.45398712,-92.08827972,68.48323822,-90.46858215
391.500000,68.45425415,-92.08845520,68.48355865,-90.46852112
391.550000,68.45452118,-92.08863068,68.48387146,-90.46846008
391.600000,68.45478821,-92.08880615,68.48418427,-90.46839905
391.650000,68.45505524,-92.08898163,68.48449707,-90.46833038
391.700000,68.45532227,-92.08914948,68.48480988,-90.46826935
391.750000,68.45558929,-92.08932495,68.48512268,-90.46820831
391.800000,68.45585632,-92.08950043,68.48543549,-90.46813965
391.850000,68.45612335,-92.08967590,68.48575592,-90.46807861
391.900000,68.45639038,-92.08985138,68.48606873,-90.46801758
391.950000,68.45665741,-92.09002686,68.48638153,-90.46794891
392.000000,68.45692444,-92.09019470,68.48669434,-90.46788788
392.050000,68.45719147,-92.09037018,68.48700714,-90.46782684
392.100000,68.45745850,-92.09054565,68.48731995,-90.46775818
392.150000,68.45772552,-92.09072113,68.48763275,-90.46769714
392.200000,68.45799255,-92.09089661,68.48794556,-90.46763611
392.250000,68.45825958,-92.09106445,68.48825836,-90.46757507
392.300000,68.45852661,-92.09123993,68.48857880,-90.46750641
392.350000,68.45879364,-92.09141541,68.48889160,-90.46744537
392.400000,68.45906067,-92.09159088,68.48920441,-90.46738434
392.450000,68.45932770,-92.09176636,68.48951721,-90.46731567
392.500000,68.45959473,-92.09194183,68.48983002,-90.46725464
392.550000,68.45986176,-92.09210968,68.49014282,-90.46719360
392.600000,68.46012878,-92.09228516,68.49045563,-90.46712494
392.650000,68.46039581,-92.09246063,68.49076843,-90.46706390
392.700000,68.46065521,-92.09263611,68.49108124,-90.46700287
392.750000,68.46092224,-92.09281158,68.49139404,-90.46693420
392.800000,68.46118927,-92.09297943,68.49170685,-90.46687317
392.850000,68.46145630,-92.09315491,68.49201965,-90.46681213
392.900000,68.46172333,-92.09333038,68.49233246,-90.46674347
392.950000,68.46199036,-92.09350586,68.49264526,-90.46668243
393.000000,68.46225739,-92.09368134,68.49295807,-90.46662140
393.050000,68.46252441,-92.09384918,68.49327087,-90.46655273
393.100000,68.46279144,-92.09402466,68.49358368,-90.46649170
393.150000,68.46305084,-92.09420013,68.49389648,-90.46643066
393.200000,68.46331787,-92.09437561,68.49420929,-90.46636200
393.250000,68.46358490,-92.09455109,68.49452209,-90.46630096
393.300000,68.46385193,-92.09471893,68.49483490,-90.46623993
393.350000,68.46411896,-92.09489441,68.49514771,-90.46617126
393.400000,68.46438599,-92.09506989,68.49546051,-90.46611023
393.450000,68.46465302,-92.09524536,68.49577332,-90.46604156
393.500000,68.46491241,-92.09542084,68.49608612,-90.46598053
393.550000,68.46517944,-92.09558868,68.49639893,-90.46591949
393.600000,68.46544647,-92.09576416,68.49671173,-90.46585083
393.650000,68.46571350,-92.09593964,68.49702454,-90.46578979
393.700000,68.46598053,-92.09611511,68.49733734,-90.46572876
393.750000,68.46624756,-92.09629059,68.49765015,-90.46566010
393.800000,68.46650696,-92.09645844,68.49796295,-90.46559906
393.850000,68.46677399,-92.09663391,68.49827576,-90.46553802
393.900000,68.46704102,-92.09680939,68.49858856,-90.46546936
393.950000,68.46730804,-92.09698486,68.49890137,-90.46540833
394.000000,68.46757507,-92.09716034,68.49921417,-90.46533966
394.050000,68.46783447,-92.09732819,68.49952698,-90.46527863
394.100000,68.46810150,-92.09750366,68.49983978,-90.46521759
394.150000,68.46836853,-92.09767914,68.50015259,-90.46514893
394.200000,68.46863556,-92.09785461,68.50046539,-90.46508789
394.250000,68.46890259,-92.09802246,68.50077820,-90.46502686
394.300000,68.46916199,-92.09819794,68.50109100,-90.46495819
394.350000,68.46942902,-92.09837341,68.50139618,-90.46489716
394.400000,68.46969604,-92.09854889,68.50170898,-90.46482849
394.450000,68.46996307,-92.09872437,68.50202179,-90.46476746
394.500000,68.47022247,-92.09889221,68.50233459,-90.46470642
394.550000,68.47048950,-92.09906769,68.50264740,-90.46463776
394.600000,68.47075653,-92.09924316,68.50296021,-90.46457672
394.650000,68.47102356,-92.09941864,68.50327301,-90.46450806
394.700000,68.47128296,-92.09959412,68.50358582,-90.46444702
394.750000,68.47154999,-92.09976196,68.50389862,-90.46438599
394.800000,68.47181702,-92.09993744,68.50420380,-90.46431732
394.850000,68.47208405,-92.10011292,68.50451660,-90.46425629
394.900000,68.47234344,-92.10028839,68.50482941,-90.46418762
394.950000,68.47261047,-92.10045624,68.50514221,-90.46412659
395.000000,68.47287750,-92.10063171,68.50545502,-90.46406555
395.050000,68.47313690,-92.10080719,68.50576782,-90.46399689
395.100000,68.47340393,-92.10098267,68.50607300,-90.46393585
395.150000,68.47367096,-92.10115814,68.50638580,-90.46386719
395.200000,68.47393036,-92.10132599,68.50669861,-90.46380615
395.250000,68.47419739,-92.10150146,68.50701141,-90.46374512
395.300000,68.47446442,-92.10167694,68.50732422,-90.46367645
395.350000,68.47473145,-92.10185242,68.50763702,-90.46361542
395.400000,68.47499084,-92.10202026,68.50794220,-90.46354675
395.450000,68.47525787,-92.10219574,68.50825500,-90.46348572
395.500000,68.47552490,-92.10237122,68.50856781,-90.46342468
395.550000,68.47578430,-92.10254669,68.50888062,-90.46335602
395.600000,68.47605133,-92.10272217,68.50919342,-90.46329498
395.650000,68.47631836,-92.10289001,68.50949860,-90.46322632
395.700000,68.47657776,-92.10306549,68.50981140,-90.46316528
395.750000,68.47684479,-92.10324097,68.51012421,-90.46309662
395.800000,68.47711182,-92.10341644,68.51043701,-90.46303558
395.850000,68.47737122,-92.10358429,68.51074982,-90.46297455
395.900000,68.47763824,-92.10375977,68.51105499,-90.46290588
395.950000,68.47789764,-92.10393524,68.51136780,-90.46284485
396.000000,68.47816467,-92.10411072,68.51168060,-90.46277618
396.050000,68.47843170,-92.10428619,68.51199341,-90.46271515
396.100000,68.47869110,-92.10445404,68.51229858,-90.46264648
396.150000,68.47895813,-92.10462952,68.51261139,-90.46258545
396.200000,68.47922516,-92.10480499,68.51292419,-90.46252441
396.250000,68.47948456,-92.10498047,68.51323700,-90.46245575
396.300000,68.47975159,-92.10514832,68.51354218,-90.46239471
396.350000,68.48001099,-92.10532379,68.51385498,-90.46232605
396.400000,68.48027802,-92.10549927,68.51416779,-90.46226501
396.450000,68.48054504,-92.10567474,68.51447296,-90.46219635
396.500000,68.48080444,-92.10584259,68.51478577,-90.46213531
396.550000,68.48107147,-92.10601807,68.51509857,-90.46206665
396.600000,68.48133087,-92.10619354,68.51541138,-90.46200562
396.650000,68.48159790,-92.10636902,68.51571655,-90.46193695
396.700000,68.48185730,-92.10653687,68.51602936,-90.46187592
396.750000,68.48212433,-92.10671234,68.51634216,-90.46180725
396.800000,68.48239136,-92.10688782,68.51664734,-90.46174622
396.850000,68.48265076,-92.10706329,68.51696014,-90.46168518
396.900000,68.48291779,-92.10723877,68.51727295,-90.46161652
396.950000,68.48317719,-92.10740662,68.51757812,-90.46155548
397.000000,68.48344421,-92.10758209,68.51789093,-90.46148682
397.050000,68.48370361,-92.10775757,68.51820374,-90.46142578
397.100000,68.48397064,-92.10793304,68.51850891,-90.46135712
397.150000,68.48423004,-92.10810089,68.51882172,-90.46129608
397.200000,68.48449707,-92.10827637,68.51913452,-90.46122742
397.250000,68.48475647,-92.10845184,68.51943970,-90.46116638
397.300000,68.48502350,-92.10862732,68.51975250,-90.46109772
397.350000,68.48528290,-92.10879517,68.52006531,-90.46103668
397.400000,68.48554993,-92.10897064,68.52037048,-90.46096802
397.450000,68.48581696,-92.10914612,68.52068329,-90.46090698
397.500000,68.48607635,-92.10932159,68.52099609,-90.46083832
397.550000,68.48634338,-92.10948944,68.52130127,-90.46077728
397.600000,68.48660278,-92.10966492,68.52161407,-90.46070862
397.650000,68.48686218,-92.10984039,68.52191925,-90.46064758
397.700000,68.48712921,-92.11001587,68.52223206,-90.46057892
397.750000,68.48738861,-92.11018372,68.52254486,-90.46051788
397.800000,68.48765564,-92.11035919,68.52285004,-90.46044922
397.850000,68.48791504,-92.11053467,68.52316284,-90.46038818
397.900000,68.48818207,-92.11071014,68.52346802,-90.46031952
397.950000,68.48844147,-92.11087799,68.52378082,-90.46025848
398.000000,68.48870850,-92.11105347,68.52409363,-90.46018982
398.050000,68.48896790,-92.11122894,68.52439880,-90.46012878
398.100000,68.48923492,-92.11140442,68.52471161,-90.46006012
398.150000,68.48949432,-92.11157227,68.52501678,-90.45999908
398.200000,68.48976135,-92.11174774,68.52532959,-90.45993042
398.250000,68.49002075,-92.11192322,68.52563477,-90.45986938
398.300000,68.49028015,-92.11209869,68.52594757,-90.45980072
398.350000,68.49054718,-92.11226654,68.52626038,-90.45973969
398.400000,68.49080658,-92.11244202,68.52656555,-90.45967102
398.450000,68.49107361,-92.11261749,68.52687836,-90.45960999
398.500000,68.49133301,-92.11279297,68.52718353,-90.45954132
398.550000,68.49160004,-92.11296082,68.52749634,-90.45948029
398.600000,68.49185944,-92.11313629,68.52780151,-90.45941162
398.650000,68.49211884,-92.11331177,68.52811432,-90.45935059
398.700000,68.49238586,-92.11347961,68.52841949,-90.45928192
398.750000,68.49264526,-92.11365509,68.52873230,-90.45922089
398.800000,68.49290466,-92.11383057,68.52903748,-90.45915222
398.850000,68.49317169,-92.11400604,68.52935028,-90.45909119
398.900000,68.49343109,-92.11417389,68.52965546,-90.45902252
398.950000,68.49369812,-92.11434937,68.52996826,-90.45896149
399.000000,68.49395752,-92.11452484,68.53027344,-90.45889282
399.050000,68.49421692,-92.11470032,68.53058624,-90.45882416
399.100000,68.49448395,-92.11486816,68.53089142,-90.45876312
399.150000,68.49474335,-92.11504364,68.53120422,-90.45869446
399.200000,68.49501038,-92.11521912,68.53150940,-90.45863342
399.250000,68.49526978,-92.11539459,68.53182220,-90.45856476
399.300000,68.49552917,-92.11556244,68.53212738,-90.45850372
399.350000,68.49579620,-92.11573792,68.53244019,-90.45843506
399.400000,68.49605560,-92.11591339,68.53274536,-90.45837402
399.450000,68.49631500,-92.11608887,68.53305054,-90.45830536
399.500000,68.49658203,-92.11625671,68.53336334,-90.45823669
399.550000,68.49684143,-92.11643219,68.53366852,-90.45817566
399.600000,68.49710083,-92.11660767,68.53398132,-90.45810699
399.650000,68.49736786,-92.11678314,68.53428650,-90.45804596
399.700000,68.49762726,-92.11695099,68.53459930,-90.45797729
399.750000,68.49788666,-92.11712646,68.53490448,-90.45791626
399.800000,68.49814606,-92.11730194,68.53520966,-90.45784760
399.850000,68.49841309,-92.11746979,68.53552246,-90.45778656
399.900000,68.49867249,-92.11764526,68.53582764,-90.45771790
399.950000,68.49893188,-92.11782074,68.53614044,-90.45764923
400.000000,68.49919891,-92.11798859,68.53644562,-90.45758820
400.050000,68.49945831,-92.11816406,68.53675842,-90.45751953
400.100000,68.49971771,-92.11833954,68.53706360,-90.45745850
400.150000,68.49998474,-92.11851501,68.53736877,-90.45738983
400.200000,68.50024414,-92.11868286,68.53768158,-90.45732880
400.250000,68.50050354,-92.11885834,68.53798676,-90.45726013
400.300000,68.50076294,-92.11903381,68.53829193,-90.45719147
400.350000,68.50102997,-92.11920929,68.53860474,-90.45713043
400.400000,68.50128937,-92.11937714,68.53890991,-90.45706177
400.450000,68.50154877,-92.11955261,68.53922272,-90.45700073
400.500000,68.50180817,-92.11972809,68.53952789,-90.45693207
400.550000,68.50207520,-92.11989594,68.53983307,-90.45687103
400.600000,68.50233459,-92.12007141,68.54014587,-90.45680237
400.650000,68.50259399,-92.12024689,68.54045105,-90.45673370
400.700000,68.50285339,-92.12041473,68.54075623,-90.45667267
400.750000,68.50311279,-92.12059021,68.54106903,-90.45660400
400.800000,68.50337982,-92.12076569,68.54137421,-90.45654297
400.850000,68.50363922,-92.12094116,68.54167938,-90.45647430
400.900000,68.50389862,-92.12110901,68.54199219,-90.45640564
400.950000,68.50415802,-92.12128448,68.54229736,-90.45634460
401.000000,68.50442505,-92.12145996,68.54260254,-90.45627594
401.050000,68.50468445,-92.12163544,68.54291534,-90.45621490
401.100000,68.50494385,-92.12180328,68.54322052,-90.45614624
401.150000,68.50520325,-92.12197876,68.54352570,-90.45607758
401.200000,68.50546265,-92.12215424,68.54383850,-90.45601654
401.250000,68.50572968,-92.12232208,68.54414368,-90.45594788
401.300000,68.50598907,-92.12249756,68.54444885,-90.45588684
401.350000,68.50624847,-92.12267303,68.54475403,-90.45581818
401.400000,68.50650787,-92.12284851,68.54506683,-90.45574951
401.450000,68.50676727,-92.12301636,68.54537201,-90.45568848
401.500000,68.50702667,-92.12319183,68.54567719,-90.45561981
401.550000,68.50729370,-92.12336731,68.54598999,-90.45555115
401.600000,68.50755310,-92.12353516,68.54629517,-90.45549011
401.650000,68.50781250,-92.12371063,68.54660034,-90.45542145
401.700000,68.50807190,-92.12388611,68.54690552,-90.45535278
401.750000,68.50833130,-92.12405396,68.54721832,-90.45529175
401.800000,68.50859070,-92.12422943,68.54752350,-90.45522308
401.850000,68.50885010,-92.12440491,68.54782867,-90.45516205
401.900000,68.50911713,-92.12458038,68.54813385,-90.45509338
401.950000,68.50937653,-92.12474823,68.54844666,-90.45502472
402.000000,68.50963593,-92.12492371,68.54875183,-90.45496368
402.050000,68.50989532,-92.12509918,68.54905701,-90.45489502
402.100000,68.51015472,-92.12526703,68.54936218,-90.45482635
402.150000,68.51041412,-92.12544250,68.54966736,-90.45476532
402.200000,68.51067352,-92.12561798,68.54998016,-90.45469666
402.250000,68.51093292,-92.12579346,68.55028534,-90.45463562
402.300000,68.51119232,-92.12596130,68.55059052,-90.45456696
402.350000,68.51145935,-92.12613678,68.55089569,-90.45449829
402.400000,68.51171875,-92.12631226,68.55120087,-90.45443726
402.450000,68.51197815,-92.12648010,68.55151367,-90.45436859
402.500000,68.51223755,-92.12665558,68.55181885,-90.45429993
402.550000,68.51249695,-92.12683105,68.55212402,-90.45423889
402.600000,68.51275635,-92.12699890,68.55242920,-90.45417023
402.650000,68.51301575,-92.12717438,68.55273437,-90.45410156
402.700000,68.51327515,-92.12734985,68.55303955,-90.45404053
402.750000,68.51353455,-92.12752533,68.55335236,-90.45397186
402.800000,68.51379395,-92.12769318,68.55365753,-90.45390320
402.850000,68.51405334,-92.12786865,68.55396271,-90.45384216
402.900000,68.51431274,-92.12804413,68.55426788,-90.45377350
402.950000,68.51457214,-92.12821198,68.55457306,-90.45370483
403.000000,68.51483154,-92.12838745,68.55487823,-90.45364380
403.050000,68.51509094,-92.12856293,68.55519104,-90.45357513
403.100000,68.51535034,-92.12873077,68.55549622,-90.45350647
403.150000,68.51560974,-92.12890625,68.55580139,-90.45344543
403.200000,68.51587677,-92.12908173,68.55610657,-90.45337677
403.250000,68.51613617,-92.12924957,68.55641174,-90.45330811
403.300000,68.51639557,-92.12942505,68.55671692,-90.45324707
403.350000,68.51665497,-92.12960052,68.55702209,-90.45317841
403.400000,68.51691437,-92.12976837,68.55732727,-90.45310974
403.450000,68.51717377,-92.12994385,68.55763245,-90.45304108
403.500000,68.51742554,-92.13011932,68.55793762,-90.45298004
403.550000,68.51769257,-92.13028717,68.55825043,-90.45291138
403.600000,68.51795197,-92.13046265,68.55855560,-90.45285034
403.650000,68.51820374,-92.13063812,68.55886078,-90.45278168
403.700000,68.51846313,-92.13080597,68.55916595,-90.45271301
403.750000,68.51873016,-92.13098145,68.55947113,-90.45264435
403.800000,68.51898193,-92.13115692,68.55977631,-90.45258331
403.850000,68.51924133,-92.13133240,68.56008148,-90.45251465
403.900000,68.51950073,-92.13150024,68.56038666,-90.45244598
403.950000,68.51976013,-92.13167572,68.56069183,-90.45238495
404.000000,68.52001953,-92.13185120,68.56099701,-90.45231628
404.050000,68.52027893,-92.13201904,68.56130219,-90.45224762
404.100000,68.52053833,-92.13219452,68.56160736,-90.45217896
404.150000,68.52079773,-92.13237000,68.56191254,-90.45211792
404.200000,68.52105713,-92.13253784,68.56221771,-90.45204926
404.250000,68.52131653,-92.13271332,68.56252289,-90.45198059
404.300000,68.52157593,-92.13288879,68.56282806,-90.45191956
404.350000,68.52183533,-92.13305664,68.56313324,-90.45185089
404.400000,68.52209473,-92.13323212,68.56343842,-90.45178223
404.450000,68.52235413,-92.13340759,68.56375122,-90.45172119
404.500000,68.52261353,-92.13357544,68.56405640,-90.45165253
404.550000,68.52286530,-92.13375092,68.56435394,-90.45158386
404.600000,68.52312469,-92.13392639,68.56465912,-90.45151520
404.650000,68.52338409,-92.13409424,68.56496429,-90.45145416
404.700000,68.52364349,-92.13426971,68.56526947,-90.45138550
404.750000,68.52390289,-92.13444519,68.56557465,-90.45131683
404.800000,68.52416229,-92.13461304,68.56587982,-90.45124817
404.850000,68.52442169,-92.13478851,68.56618500,-90.45118713
404.900000,68.52468109,-92.13496399,68.56649017,-90.45111847
404.950000,68.52494049,-92.13513184,68.56679535,-90.45104980
405.000000,68.52519989,-92.13530731,68.56710052,-90.45098114
405.050000,68.52545166,-92.13548279,68.56740570,-90.45092010
405.100000,68.52571106,-92.13565063,68.56771088,-90.45085144
405.150000,68.52597046,-92.13582611,68.56801605,-90.45078278
405.200000,68.52622986,-92.13600159,68.56832123,-90.45071411
405.250000,68.52648926,-92.13616943,68.56862640,-90.45065308
405.300000,68.52674866,-92.13634491,68.56893158,-90.45058441
405.350000,68.52700043,-92.13652039,68.56923676,-90.45051575
405.400000,68.52725983,-92.13668823,68.56954193,-90.45044708
405.450000,68.52751923,-92.13686371,68.56984711,-90.45038605
405.500000,68.52777863,-92.13703918,68.57015228,-90.45031738
405.550000,68.52803802,-92.13720703,68.57045746,-90.45024872
405.600000,68.52829742,-92.13738251,68.57076263,-90.45018005
405.650000,68.52854919,-92.13755798,68.57106781,-90.45011902
405.700000,68.52880859,-92.13772583,68.57136536,-90.45005035
405.750000,68.52906799,-92.13790131,68.57167053,-90.44998169
405.800000,68.52932739,-92.13807678,68.57197571,-90.44991302
405.850000,68.52958679,-92.13824463,68.57228088,-90.44985199
405.900000,68.52983856,-92.13842010,68.57258606,-90.44978333
405.950000,68.53009796,-92.13858795,68.57289124,-90.44971466
406.000000,68.53035736,-92.13876343,68.57319641,-90.44964600
406.050000,68.53061676,-92.13893890,68.57350159,-90.44958496
406.100000,68.53087616,-92.13910675,68.57379913,-90.44951630
406.150000,68.53112793,-92.13928223,68.57410431,-90.44944763
406.200000,68.53138733,-92.13945770,68.57440948,-90.44937897
406.250000,68.53164673,-92.13962555,68.57471466,-90.44931030
406.300000,68.53190613,-92.13980103,68.57501984,-90.44924927
406.350000,68.53215790,-92.13997650,68.57532501,-90.44918060
406.400000,68.53241730,-92.14014435,68.57563019,-90.44911194
406.450000,68.53267670,-92.14031982,68.57592773,-90.44904327
406.500000,68.53293610,-92.14049530,68.57623291,-90.44897461
406.550000,68.53318787,-92.14066315,68.57653809,-90.44891357
406.600000,68.53344727,-92.14083862,68.57684326,-90.44884491
406.650000,68.53370667,-92.14101410,68.57714844,-90.44877625
406.700000,68.53396606,-92.14118195,68.57744598,-90.44870758
406.750000,68.53421783,-92.14135742,68.57775116,-90.44863892
406.800000,68.53447723,-92.14153290,68.57805634,-90.44857788
406.850000,68.53473663,-92.14170074,68.57836151,-90.44850922
406.900000,68.53499603,-92.14187622,68.57866669,-90.44844055
406.950000,68.53524780,-92.14204407,68.57897186,-90.44837189
407.000000,68.53550720,-92.14221954,68.57926941,-90.44831085
407.050000,68.53576660,-92.14239502,68.57957458,-90.44824219
407.100000,68.53601837,-92.14256287,68.57987976,-90.44817352
407.150000,68.53627777,-92.14273834,68.58018494,-90.44810486
407.200000,68.53653717,-92.14291382,68.58048248,-90.44803619
407.250000,68.53678894,-92.14308167,68.58078766,-90.44796753
407.300000,68.53704834,-92.14325714,68.58109283,-90.44790649
407.350000,68.53730774,-92.14343262,68.58139801,-90.44783783
407.400000,68.53755951,-92.14360046,68.58170319,-90.44776917
407.450000,68.53781891,-92.14377594,68.58200073,-90.44770050
407.500000,68.53807831,-92.14394379,68.58230591,-90.44763184
407.550000,68.53833008,-92.14411926,68.58261108,-90.44757080
407.600000,68.53858948,-92.14429474,68.58290863,-90.44750214
407.650000,68.53884888,-92.14446259,68.58321381,-90.44743347
407.700000,68.53910065,-92.14463806,68.58351898,-90.44736481
407.750000,68.53936005,-92.14481354,68.58382416,-90.44729614
407.800000,68.53961945,-92.14498138,68.58412170,-90.44722748
407.850000,68.53987122,-92.14515686,68.58442688,-90.44716644
407.900000,68.54013062,-92.14533234,68.58473206,-90.44709778
407.950000,68.54039001,-92.14550018,68.58503723,-90.44702911
408.000000,68.54064178,-92.14567566,68.58533478,-90.44696045
408.050000,68.54090118,-92.14584351,68.58563995,-90.44689178
408.100000,68.54115295,-92.14601898,68.58594513,-90.44682312
408.150000,68.54141235,-92.14619446,68.58624268,-90.44675446
408.200000,68.54167175,-92.14636230,68.58654785,-90.44669342
408.250000,68.54192352,-92.14653778,68.58685303,-90.44662476
408.300000,68.54218292,-92.14671326,68.58715057,-90.44655609
408.350000,68.54243469,-92.14688110,68.58745575,-90.44648743
408.400000,68.54269409,-92.14705658,68.58776093,-90.44641876
408.450000,68.54295349,-92.14722443,68.58805847,-90.44635010
408.500000,68.54320526,-92.14739990,68.58836365,-90.44628143
408.550000,68.54346466,-92.14757538,68.58866882,-90.44622040
408.600000,68.54371643,-92.14774323,68.58896637,-90.44615173
408.650000,68.54397583,-92.14791870,68.58927155,-90.44608307
408.700000,68.54422760,-92.14809418,68.58957672,-90.44601440
408.750000,68.54448700,-92.14826202,68.58987427,-90.44594574
408.800000,68.54474640,-92.14843750,68.59017944,-90.44587708
408.850000,68.54499817,-92.14860535,68.59047699,-90.44580841
408.900000,68.54525757,-92.14878082,68.59078217,-90.44573975
408.950000,68.54550934,-92.14895630,68.59108734,-90.44567871
409.000000,68.54576874,-92.14912415,68.59138489,-90.44561005
409.050000,68.54602051,-92.14929962,68.59169006,-90.44554138
409.100000,68.54627991,-92.14947510,68.59199524,-90.44547272
409.150000,68.54653168,-92.14964294,68.59229279,-90.44540405
409.200000,68.54679108,-92.14981842,68.59259796,-90.44533539
409.250000,68.54704285,-92.14998627,68.59289551,-90.44526672
409.300000,68.54730225,-92.15016174,68.59320068,-90.44520569
409.350000,68.54755402,-92.15033722,68.59350586,-90.44513702
409.400000,68.54781342,-92.15050507,68.59380341,-90.44506836
409.450000,68.54806519,-92.15068054,68.59410858,-90.44499969
409.500000,68.54832458,-92.15084839,68.59440613,-90.44493103
409.550000,68.54857635,-92.15102386,68.59471130,-90.44486237
409.600000,68.54883575,-92.15119934,68.59500885,-90.44479370
409.650000,68.54908752,-92.15136719,68.59531403,-90.44472504
409.700000,68.54934692,-92.15154266,68.59561157,-90.44465637
409.750000,68.54959869,-92.15171051,68.59591675,-90.44458771
409.800000,68.54985809,-92.15188599,68.59622192,-90.44452667
409.850000,68.55010986,-92.15206146,68.59651947,-90.44445801
409.900000,68.55036926,-92.15222931,68.59682465,-90.44438934
409.950000,68.55062103,-92.15240479,68.59712219,-90.44432068
410.000000,68.55088043,-92.15257263,68.59742737,-90.44425201
410.050000,68.55113220,-92.15274811,68.59772491,-90.44418335
410.100000,68.55138397,-92.15292358,68.59803009,-90.44411469
410.150000,68.55164337,-92.15309143,68.59832764,-90.44404602
410.200000,68.55189514,-92.15326691,68.59863281,-90.44397736
410.250000,68.55215454,-92.15343475,68.59893036,-90.44390869
410.300000,68.55240631,-92.15361023,68.59923553,-90.44384766
410.350000,68.55266571,-92.15378571,68.59953308,-90.44377899
410.400000,68.55291748,-92.15395355,68.59983826,-90.44371033
410.450000,68.55316925,-92.15412903,68.60013580,-90.44364166
410.500000,68.55342865,-92.15429688,68.60044098,-90.44357300
410.550000,68.55368042,-92.15447235,68.60073853,-90.44350433
410.600000,68.55393982,-92.15464783,68.60104370,-90.44343567
410.650000,68.55419159,-92.15481567,68.60134125,-90.44336700
410.700000,68.55445099,-92.15499115,68.60164642,-90.44329834
410.750000,68.55470276,-92.15515900,68.60194397,-90.44322968
410.800000,68.55495453,-92.15533447,68.60224915,-90.44316101
410.850000,68.55521393,-92.15550995,68.60254669,-90.44309235
410.900000,68.55546570,-92.15567780,68.60285187,-90.44302368
410.950000,68.55571747,-92.15585327,68.60314941,-90.44295502
411.000000,68.55597687,-92.15602112,68.60344696,-90.44288635
411.050000,68.55622864,-92.15619659,68.60375214,-90.44282532
411.100000,68.55648041,-92.15637207,68.60404968,-90.44275665
411.150000,68.55673981,-92.15653992,68.60435486,-90.44268799
411.200000,68.55699158,-92.15671539,68.60465240,-90.44261932
411.250000,68.55725098,-92.15688324,68.60495758,-90.44255066
411.300000,68.55750275,-92.15705872,68.60525513,-90.44248199
411.350000,68.55775452,-92.15723419,68.60555267,-90.44241333
411.400000,68.55801392,-92.15740204,68.60585785,-90.44234467
411.450000,68.55826569,-92.15757751,68.60615540,-90.44227600
411.500000,68.55851746,-92.15774536,68.60646057,-90.44220734
411.550000,68.55877686,-92.15792084,68.60675812,-90.44213867
411.600000,68.55902863,-92.15808868,68.60705566,-90.44207001
411.650000,68.55928040,-92.15826416,68.60736084,-90.44200134
411.700000,68.55953979,-92.15843964,68.60765839,-90.44193268
411.750000,68.55979156,-92.15860748,68.60796356,-90.44186401
411.800000,68.56004333,-92.15878296,68.60826111,-90.44179535
411.850000,68.56030273,-92.15895081,68.60855865,-90.44172668
411.900000,68.56055450,-92.15912628,68.60886383,-90.44165802
411.950000,68.56080627,-92.15930176,68.60916138,-90.44158936
412.000000,68.56105804,-92.15946960,68.60945892,-90.44152069
412.050000,68.56131744,-92.15964508,68.60976410,-90.44145203
412.100000,68.56156921,-92.15981293,68.61006165,-90.44138336
412.150000,68.56182098,-92.15998840,68.61035919,-90.44131470
412.200000,68.56207275,-92.16016388,68.61066437,-90.44124603
412.250000,68.56233215,-92.16033173,68.61096191,-90.44117737
412.300000,68.56258392,-92.16050720,68.61125946,-90.44110870
412.350000,68.56283569,-92.16067505,68.61156464,-90.44104004
412.400000,68.56309509,-92.16085052,68.61186218,-90.44097137
412.450000,68.56334686,-92.16101837,68.61215973,-90.44090271
412.500000,68.56359863,-92.16119385,68.61246490,-90.44083405
412.550000,68.56385040,-92.16136932,68.61276245,-90.44076538
412.600000,68.56410980,-92.16153717,68.61306000,-90.44069672
412.650000,68.56436157,-92.16171265,68.61336517,-90.44062805
412.700000,68.56461334,-92.16188049,68.61366272,-90.44055939
412.750000,68.56486511,-92.16205597,68.61396027,-90.44049072
412.800000,68.56511688,-92.16222382,68.61425781,-90.44042206
412.850000,68.56537628,-92.16239929,68.61456299,-90.44036102
412.900000,68.56562805,-92.16256714,68.61486053,-90.44028473
412.950000,68.56587982,-92.16274261,68.61515808,-90.44021606
413.000000,68.56613159,-92.16291809,68.61546326,-90.44014740
413.050000,68.56638336,-92.16308594,68.61576080,-90.44007874
413.100000,68.56664276,-92.16326141,68.61605835,-90.44001007
413.150000,68.56689453,-92.16342926,68.61635590,-90.43994141
413.200000,68.56714630,-92.16360474,68.61666107,-90.43987274
413.250000,68.56739807,-92.16377258,68.61695862,-90.43980408
413.300000,68.56764984,-92.16394806,68.61725616,-90.43973541
413.350000,68.56790924,-92.16412354,68.61755371,-90.43966675
413.400000,68.56816101,-92.16429138,68.61785889,-90.43959808
413.450000,68.56841278,-92.16446686,68.61815643,-90.43952942
413.500000,68.56866455,-92.16463470,68.61845398,-90.43946075
413.550000,68.56891632,-92.16481018,68.61875153,-90.43939209
413.600000,68.56917572,-92.16497803,68.61904907,-90.43932343
413.650000,68.56942749,-92.16515350,68.61935425,-90.43925476
413.700000,68.56967926,-92.16532898,68.61965179,-90.43918610
413.750000,68.56993103,-92.16549683,68.61994934,-90.43911743
413.800000,68.57018280,-92.16567230,68.62024689,-90.43904877
413.850000,68.57043457,-92.16584015,68.62055206,-90.43898010
413.900000,68.57068634,-92.16601562,68.62084961,-90.43891144
413.950000,68.57094574,-92.16618347,68.62114716,-90.43884277
414.000000,68.57119751,-92.16635895,68.62144470,-90.43877411
414.050000,68.57144928,-92.16652679,68.62174225,-90.43870544
414.100000,68.57170105,-92.16670227,68.62203979,-90.43863678
414.150000,68.57195282,-92.16687775,68.62234497,-90.43856049
414.200000,68.57220459,-92.16704559,68.62264252,-90.43849182
414.250000,68.57245636,-92.16722107,68.62294006,-90.43842316
414.300000,68.57270813,-92.16738892,68.62323761,-90.43835449
414.350000,68.57295990,-92.16756439,68.62353516,-90.43828583
414.400000,68.57321167,-92.16773224,68.62383270,-90.43821716
414.450000,68.57347107,-92.16790771,68.62413788,-90.43814850
414.500000,68.57372284,-92.16807556,68.62443542,-90.43807983
414.550000,68.57397461,-92.16825104,68.62473297,-90.43801117
414.600000,68.57422638,-92.16842651,68.62503052,-90.43794250
414.650000,68.57447815,-92.16859436,68.62532806,-90.43787384
414.700000,68.57472992,-92.16876984,68.62562561,-90.43780518
414.750000,68.57498169,-92.16893768,68.62592316,-90.43773651
414.800000,68.57523346,-92.16911316,68.62622070,-90.43766785
414.850000,68.57548523,-92.16928101,68.62652588,-90.43759918
414.900000,68.57573700,-92.16945648,68.62682343,-90.43753052
414.950000,68.57598877,-92.16962433,68.62712097,-90.43745422
415.000000,68.57624054,-92.16979980,68.62741852,-90.43738556
415.050000,68.57649231,-92.16996765,68.62771606,-90.43731689
415.100000,68.57674408,-92.17014313,68.62801361,-90.43724823
415.150000,68.57699585,-92.17031860,68.62831116,-90.43717957
415.200000,68.57724762,-92.17048645,68.62860870,-90.43711090
415.250000,68.57749939,-92.17066193,68.62890625,-90.43704224
415.300000,68.57775116,-92.17082977,68.62920380,-90.43697357
415.350000,68.57800293,-92.17100525,68.62950134,-90.43690491
415.400000,68.57825470,-92.17117310,68.62979889,-90.43683624
415.450000,68.57850647,-92.17134857,68.63010406,-90.43675995
415.500000,68.57875824,-92.17151642,68.63040161,-90.43669128
415.550000,68.57901001,-92.17169189,68.63069916,-90.43662262
415.600000,68.57926178,-92.17185974,68.63099670,-90.43655396
415.650000,68.57951355,-92.17203522,68.63129425,-90.43648529
415.700000,68.57976532,-92.17220306,68.63159180,-90.43641663
415.750000,68.58001709,-92.17237854,68.63188934,-90.43634796
415.800000,68.58026886,-92.17255402,68.63218689,-90.43627930
415.850000,68.58052063,-92.17272186,68.63248444,-90.43621063
415.900000,68.58077240,-92.17289734,68.63278198,-90.43613434
415.950000,68.58102417,-92.17306519,68.63307953,-90.43606567
416.000000,68.58127594,-92.17324066,68.63337708,-90.43599701
416.050000,68.58152771,-92.17340851,68.63367462,-90.43592834
416.100000,68.58177948,-92.17358398,68.63397217,-90.43585968
416.150000,68.58203125,-92.17375183,68.63426971,-90.43579102
416.200000,68.58228302,-92.17392731,68.63456726,-90.43572235
416.250000,68.58253479,-92.17409515,68.63486481,-90.43565369
416.300000,68.58278656,-92.17427063,68.63516235,-90.43558502
416.350000,68.58303833,-92.17443848,68.63545990,-90.43550873
416.400000,68.58329010,-92.17461395,68.63575745,-90.43544006
416.450000,68.58354187,-92.17478180,68.63605499,-90.43537140
416.500000,68.58379364,-92.17495728,68.63635254,-90.43530273
416.550000,68.58404541,-92.17513275,68.63665009,-90.43523407
416.600000,68.58429718,-92.17530060,68.63694763,-90.43516541
416.650000,68.58454132,-92.17547607,68.63724518,-90.43509674
416.700000,68.58479309,-92.17564392,68.63754272,-90.43502045
416.750000,68.58504486,-92.17581940,68.63784027,-90.43495178
416.800000,68.58529663,-92.17598724,68.63813782,-90.43488312
416.850000,68.58554840,-92.17616272,68.63843536,-90.43481445
416.900000,68.58580017,-92.17633057,68.63873291,-90.43474579
416.950000,68.58605194,-92.17650604,68.63902283,-90.43467712
417.000000,68.58630371,-92.17667389,68.63932037,-90.43460083
417.050000,68.58655548,-92.17684937,68.63961792,-90.43453217
417.100000,68.58679962,-92.17701721,68.63991547,-90.43446350
417.150000,68.58705139,-92.17719269,68.64021301,-90.43439484
417.200000,68.58730316,-92.17736053,68.64051056,-90.43432617
417.250000,68.58755493,-92.17753601,68.64080811,-90.43425751
417.300000,68.58780670,-92.17770386,68.64110565,-90.43418884
417.350000,68.58805847,-92.17787933,68.64140320,-90.43411255
417.400000,68.58831024,-92.17804718,68.64170074,-90.43404388
417.450000,68.58855438,-92.17822266,68.64199829,-90.43397522
417.500000,68.58880615,-92.17839050,68.64228821,-90.43390656
417.550000,68.58905792,-92.17856598,68.64258575,-90.43383789
417.600000,68.58930969,-92.17873383,68.64288330,-90.43376923
417.650000,68.58956146,-92.17890930,68.64318085,-90.43369293
417.700000,68.58981323,-92.17907715,68.64347839,-90.43362427
417.750000,68.59005737,-92.17925262,68.64377594,-90.43355560
417.800000,68.59030914,-92.17942047,68.64407349,-90.43348694
417.850000,68.59056091,-92.17959595,68.64436340,-90.43341827
417.900000,68.59081268,-92.17976379,68.64466095,-90.43334198
417.950000,68.59106445,-92.17993927,68.64495850,-90.43327332
418.000000,68.59130859,-92.18010712,68.64525604,-90.43320465
418.050000,68.59156036,-92.18028259,68.64555359,-90.43313599
418.100000,68.59181213,-92.18045044,68.64585114,-90.43306732
418.150000,68.59206390,-92.18062592,68.64614105,-90.43299103
418.200000,68.59231567,-92.18079376,68.64643860,-90.43292236
418.250000,68.59255981,-92.18096924,68.64673615,-90.43285370
418.300000,68.59281158,-92.18114471,68.64703369,-90.43278503
418.350000,68.59306335,-92.18131256,68.64733124,-90.43270874
418.400000,68.59331512,-92.18148041,68.64762878,-90.43264008
418.450000,68.59355927,-92.18165588,68.64791870,-90.43257141
418.500000,68.59381104,-92.18183136,68.64821625,-90.43250275
418.550000,68.59406281,-92.18199921,68.64851379,-90.43243408
418.600000,68.59431458,-92.18217468,68.64881134,-90.43236542
418.650000,68.59455872,-92.18234253,68.64910889,-90.43228912
418.700000,68.59481049,-92.18251038,68.64939880,-90.43222046
418.750000,68.59506226,-92.18268585,68.64969635,-90.43215179
418.800000,68.59531403,-92.18286133,68.64999390,-90.43208313
418.850000,68.59555817,-92.18302917,68.65029144,-90.43200684
418.900000,68.59580994,-92.18320465,68.65058136,-90.43193817
418.950000,68.59606171,-92.18337250,68.65087891,-90.43186951
419.000000,68.59631348,-92.18354034,68.65117645,-90.43180084
419.050000,68.59655762,-92.18371582,68.65147400,-90.43173218
419.100000,68.59680939,-92.18388367,68.65176392,-90.43165588
419.150000,68.59706116,-92.18405914,68.65206146,-90.43158722
419.200000,68.59730530,-92.18422699,68.65235901,-90.43151855
419.250000,68.59755707,-92.18440247,68.65265656,-90.43144989
419.300000,68.59780884,-92.18457031,68.65294647,-90.43137360
419.350000,68.59806061,-92.18474579,68.65324402,-90.43130493
419.400000,68.59830475,-92.18491364,68.65354156,-90.43123627
419.450000,68.59855652,-92.18508911,68.65383911,-90.43116760
419.500000,68.59880066,-92.18525696,68.65412903,-90.43109894
419.550000,68.59905243,-92.18543243,68.65442657,-90.43102264
419.600000,68.59930420,-92.18560028,68.65472412,-90.43095398
419.650000,68.59954834,-92.18577576,68.65501404,-90.43088531
419.700000,68.59980011,-92.18594360,68.65531158,-90.43080902
419.750000,68.60005188,-92.18611908,68.65560913,-90.43074036
419.800000,68.60029602,-92.18628693,68.65590668,-90.43067169
419.850000,68.60054779,-92.18646240,68.65619659,-90.43060303
419.900000,68.60079956,-92.18663025,68.65649414,-90.43053436
419.950000,68.60104370,-92.18680573,68.65679169,-90.43045807
420.000000,68.60129547,-92.18697357,68.65708160,-90.43038940
420.050000,68.60154724,-92.18714905,68.65737915,-90.43032074
420.100000,68.60179138,-92.18731689,68.65767670,-90.43024445
420.150000,68.60204315,-92.18749237,68.65796661,-90.43017578
420.200000,68.60229492,-92.18766022,68.65826416,-90.43010712
420.250000,68.60253906,-92.18783569,68.65856171,-90.43003845
420.300000,68.60279083,-92.18800354,68.65885162,-90.42996216
420.350000,68.60303497,-92.18817902,68.65914917,-90.42989349
420.400000,68.60328674,-92.18834686,68.65943909,-90.42982483
420.450000,68.60353851,-92.18852234,68.65973663,-90.42975616
420.500000,68.60378265,-92.18869019,68.66003418,-90.42967987
420.550000,68.60403442,-92.18885803,68.66032410,-90.42961121
420.600000,68.60427856,-92.18903351,68.66062164,-90.42954254
420.650000,68.60453033,-92.18920898,68.66091919,-90.42946625
420.700000,68.60478210,-92.18937683,68.66120911,-90.42939758
420.750000,68.60502625,-92.18955231,68.66150665,-90.42932892
420.800000,68.60527802,-92.18972015,68.66179657,-90.42926025
420.850000,68.60552216,-92.18988800,68.66209412,-90.42918396
420.900000,68.60577393,-92.19006348,68.66239166,-90.42911530
420.950000,68.60601807,-92.19023132,68.66268158,-90.42904663
421.000000,68.60626984,-92.19040680,68.66297913,-90.42897034
421.050000,68.60651398,-92.19057465,68.66326904,-90.42890167
421.100000,68.60676575,-92.19075012,68.66356659,-90.42883301
421.150000,68.60701752,-92.19091797,68.66386414,-90.42875671
421.200000,68.60726166,-92.19109344,68.66415405,-90.42868805
421.250000,68.60751343,-92.19126129,68.66445160,-90.42861938
421.300000,68.60775757,-92.19143677,68.66474152,-90.42854309
421.350000,68.60800934,-92.19160461,68.66503906,-90.42847443
421.400000,68.60825348,-92.19177246,68.66532898,-90.42840576
421.450000,68.60850525,-92.19194794,68.66562653,-90.42833710
421.500000,68.60874939,-92.19211578,68.66592407,-90.42826080
421.550000,68.60900116,-92.19229126,68.66621399,-90.42819214
421.600000,68.60924530,-92.19245911,68.66651154,-90.42812347
421.650000,68.60949707,-92.19263458,68.66680145,-90.42804718
421.700000,68.60974121,-92.19280243,68.66709900,-90.42797852
421.750000,68.60999298,-92.19297791,68.66738892,-90.42790985
421.800000,68.61023712,-92.19314575,68.66768646,-90.42783356
421.850000,68.61048889,-92.19332123,68.66797638,-90.42776489
421.900000,68.61073303,-92.19348907,68.66827393,-90.42769623
421.950000,68.61098480,-92.19366455,68.66856384,-90.42761993
422.000000,68.61122894,-92.19383240,68.66886139,-90.42755127
422.050000,68.61148071,-92.19400787,68.66915131,-90.42748260
422.100000,68.61172485,-92.19417572,68.66944885,-90.42740631
422.150000,68.61197662,-92.19435120,68.66973877,-90.42733765
422.200000,68.61222076,-92.19451904,68.67003632,-90.42726898
422.250000,68.61247253,-92.19468689,68.67032623,-90.42719269
422.300000,68.61271667,-92.19486237,68.67062378,-90.42712402
422.350000,68.61296082,-92.19503021,68.67091370,-90.42705536
422.400000,68.61321259,-92.19520569,68.67121124,-90.42697906
422.450000,68.61345673,-92.19537354,68.67150116,-90.42691040
422.500000,68.61370850,-92.19554901,68.67179871,-90.42683411
422.550000,68.61395264,-92.19571686,68.67208862,-90.42676544
422.600000,68.61420441,-92.19589233,68.67237854,-90.42669678
422.650000,68.61444855,-92.19606018,68.67267609,-90.42662811
422.700000,68.61469269,-92.19623566,68.67296600,-90.42655182
422.750000,68.61494446,-92.19640350,68.67326355,-90.42648315
422.800000,68.61518860,-92.19657135,68.67355347,-90.42640686
422.850000,68.61544037,-92.19674683,68.67385101,-90.42633820
422.900000,68.61568451,-92.19691467,68.67414093,-90.42626953
422.950000,68.61592865,-92.19709015,68.67443085,-90.42619324
423.000000,68.61618042,-92.19725800,68.67472839,-90.42612457
423.050000,68.61642456,-92.19743347,68.67501831,-90.42605591
423.100000,68.61667633,-92.19760132,68.67531586,-90.42597961
423.150000,68.61692047,-92.19776917,68.67560577,-90.42591095
423.200000,68.61716461,-92.19794464,68.67590332,-90.42583466
423.250000,68.61741638,-92.19811249,68.67619324,-90.42576599
423.300000,68.61766052,-92.19828796,68.67648315,-90.42569733
423.350000,68.61790466,-92.19845581,68.67678070,-90.42562103
423.400000,68.61815643,-92.19863129,68.67707062,-90.42555237
423.450000,68.61840057,-92.19879913,68.67736816,-90.42547607
423.500000,68.61864471,-92.19897461,68.67765808,-90.42540741
423.550000,68.61889648,-92.19914246,68.67794800,-90.42533875
423.600000,68.61914063,-92.19931030,68.67824554,-90.42526245
423.650000,68.61939240,-92.19948578,68.67853546,-90.42519379
423.700000,68.61963654,-92.19965363,68.67882538,-90.42512512
423.750000,68.61988068,-92.19982910,68.67912292,-90.42504883
423.800000,68.62013245,-92.19999695,68.67941284,-90.42498016
423.850000,68.62037659,-92.20017242,68.67970276,-90.42490387
423.900000,68.62062073,-92.20034027,68.68000031,-90.42483521
423.950000,68.62086487,-92.20050812,68.68029022,-90.42476654
424.000000,68.62111664,-92.20068359,68.68058014,-90.42469025
424.050000,68.62136078,-92.20085144,68.68087769,-90.42462158
424.100000,68.62160492,-92.20102692,68.68116760,-90.42454529
424.150000,68.62185669,-92.20119476,68.68145752,-90.42447662
424.200000,68.62210083,-92.20137024,68.68175507,-90.42440796
424.250000,68.62234497,-92.20153809,68.68204498,-90.42433167
424.300000,68.62259674,-92.20171356,68.68233490,-90.42426300
424.350000,68.62284088,-92.20188141,68.68263245,-90.42418671
424.400000,68.62308502,-92.20204926,68.68292236,-90.42411804
424.450000,68.62333679,-92.20222473,68.68321228,-90.42404175
424.500000,68.62358093,-92.20239258,68.68350983,-90.42397308
424.550000,68.62382507,-92.20256805,68.68379974,-90.42390442
424.600000,68.62406921,-92.20273590,68.68408966,-90.42382812
424.650000,68.62432098,-92.20291138,68.68438721,-90.42375946
424.700000,68.62456512,-92.20307922,68.68467712,-90.42368317
424.750000,68.62480927,-92.20324707,68.68496704,-90.42361450
424.800000,68.62505341,-92.20342255,68.68525696,-90.42353821
424.850000,68.62530518,-92.20359039,68.68555450,-90.42346954
424.900000,68.62554932,-92.20376587,68.68584442,-90.42340088
424.950000,68.62579346,-92.20393372,68.68613434,-90.42332458
425.000000,68.62603760,-92.20410919,68.68642426,-90.42325592
425.050000,68.62628174,-92.20427704,68.68672180,-90.42317963
425.100000,68.62653351,-92.20444489,68.68701172,-90.42311096
425.150000,68.62677765,-92.20462036,68.68730164,-90.42303467
425.200000,68.62702179,-92.20478821,68.68759155,-90.42296600
425.250000,68.62726593,-92.20496368,68.68788910,-90.42288971
425.300000,68.62751770,-92.20513153,68.68817902,-90.42282104
425.350000,68.62776184,-92.20529938,68.68846893,-90.42275238
425.400000,68.62800598,-92.20547485,68.68875885,-90.42267609
425.450000,68.62825012,-92.20564270,68.68904877,-90.42260742
425.500000,68.62849426,-92.20581818,68.68934631,-90.42253113
425.550000,68.62874603,-92.20598602,68.68963623,-90.42246246
425.600000,68.62899017,-92.20615387,68.68992615,-90.42238617
425.650000,68.62923431,-92.20632935,68.69021606,-90.42231750
425.700000,68.62947845,-92.20649719,68.69050598,-90.42224121
425.750000,68.62972260,-92.20667267,68.69080353,-90.42217255
425.800000,68.62996674,-92.20684052,68.69109344,-90.42209625
425.850000,68.63021851,-92.20701599,68.69138336,-90.42202759
425.900000,68.63046265,-92.20718384,68.69167328,-90.42195129
425.950000,68.63070679,-92.20735168,68.69196320,-90.42188263
426.000000,68.63095093,-92.20752716,68.69225311,-90.42180634
426.050000,68.63119507,-92.20769501,68.69255066,-90.42173767
426.100000,68.63143921,-92.20787048,68.69284058,-90.42166138
426.150000,68.63168335,-92.20803833,68.69313049,-90.42159271
426.200000,68.63193512,-92.20820618,68.69342041,-90.42152405
426.250000,68.63217926,-92.20838165,68.69371033,-90.42144775
426.300000,68.63242340,-92.20854950,68.69400024,-90.42137146
426.350000,68.63266754,-92.20872498,68.69429779,-90.42130280
426.400000,68.63291168,-92.20889282,68.69458771,-90.42122650
426.450000,68.63315582,-92.20906830,68.69487762,-90.42115784
426.500000,68.63339996,-92.20923615,68.69516754,-90.42108917
426.550000,68.63364410,-92.20940399,68.69545746,-90.42101288
426.600000,68.63389587,-92.20957947,68.69574738,-90.42093658
426.650000,68.63414001,-92.20974731,68.69603729,-90.42086792
426.700000,68.63438416,-92.20991516,68.69632721,-90.42079163
426.750000,68.63462830,-92.21009064,68.69662476,-90.42072296
426.800000,68.63487244,-92.21025848,68.69691467,-90.42064667
426.850000,68.63511658,-92.21043396,68.69720459,-90.42057800
426.900000,68.63536072,-92.21060181,68.69749451,-90.42050171
426.950000,68.63560486,-92.21076965,68.69778442,-90.42043304
427.000000,68.63584900,-92.21094513,68.69807434,-90.42035675
427.050000,68.63609314,-92.21111298,68.69836426,-90.42028809
427.100000,68.63633728,-92.21128845,68.69865417,-90.42021179
427.150000,68.63658142,-92.21145630,68.69894409,-90.42014313
427.200000,68.63683319,-92.21162415,68.69923401,-90.42006683
427.250000,68.63707733,-92.21179962,68.69952393,-90.41999817
427.300000,68.63732147,-92.21196747,68.69982147,-90.41992188
427.350000,68.63756561,-92.21214294,68.70011139,-90.41985321
427.400000,68.63780975,-92.21231079,68.70040131,-90.41977692
427.450000,68.63805389,-92.21247864,68.70069122,-90.41970825
427.500000,68.63829803,-92.21265411,68.70098114,-90.41963196
427.550000,68.63854218,-92.21282196,68.70127106,-90.41956329
427.600000,68.63878632,-92.21298981,68.70156097,-90.41948700
427.650000,68.63903046,-92.21316528,68.70185089,-90.41941833
427.700000,68.63927460,-92.21333313,68.70214081,-90.41934204
427.750000,68.63951874,-92.21350861,68.70243073,-90.41926575
427.800000,68.63976288,-92.21367645,68.70272064,-90.41919708
427.850000,68.64000702,-92.21384430,68.70301056,-90.41912079
427.900000,68.64025116,-92.21401978,68.70330048,-90.41905212
427.950000,68.64049530,-92.21418762,68.70359039,-90.41897583
428.000000,68.64073944,-92.21436310,68.70388031,-90.41890717
428.050000,68.64098358,-92.21453094,68.70417023,-90.41883087
428.100000,68.64122772,-92.21469879,68.70446014,-90.41876221
428.150000,68.64147186,-92.21487427,68.70475006,-90.41868591
428.200000,68.64171600,-92.21504211,68.70503998,-90.41861725
428.250000,68.64196014,-92.21521759,68.70532990,-90.41854095
428.300000,68.64220428,-92.21538544,68.70561981,-90.41846466
428.350000,68.64244843,-92.21555328,68.70590973,-90.41839600
428.400000,68.64269257,-92.21572876,68.70619965,-90.41831970
428.450000,68.64293671,-92.21589661,68.70648956,-90.41825104
428.500000,68.64318085,-92.21606445,68.70677948,-90.41817474
428.550000,68.64342499,-92.21623993,68.70706940,-90.41810608
428.600000,68.64366150,-92.21640778,68.70735931,-90.41802979
428.650000,68.64390564,-92.21658325,68.70764923,-90.41795349
428.700000,68.64414978,-92.21675110,68.70793152,-90.41788483
428.750000,68.64439392,-92.21691895,68.70822144,-90.41780853
428.800000,68.64463806,-92.21709442,68.70851135,-90.41773987
428.850000,68.64488220,-92.21726227,68.70880127,-90.41766357
428.900000,68.64512634,-92.21743011,68.70909119,-90.41758728
428.950000,68.64537048,-92.21760559,68.70938110,-90.41751862
429.000000,68.64561462,-92.21777344,68.70967102,-90.41744232
429.050000,68.64585876,-92.21794891,68.70996094,-90.41737366
429.100000,68.64610291,-92.21811676,68.71025085,-90.41729736
429.150000,68.64634705,-92.21828461,68.71054077,-90.41722107
429.200000,68.64658356,-92.21846008,68.71083069,-90.41715240
429.250000,68.64682770,-92.21862793,68.71112061,-90.41707611
429.300000,68.64707184,-92.21879578,68.71141052,-90.41700745
429.350000,68.64731598,-92.21897125,68.71169281,-90.41693115
429.400000,68.64756012,-92.21913910,68.71198273,-90.41685486
429.450000,68.64780426,-92.21930695,68.71227264,-90.41678619
429.500000,68.64804840,-92.21948242,68.71256256,-90.41670990
429.550000,68.64829254,-92.21965027,68.71285248,-90.41664124
429.600000,68.64853668,-92.21982574,68.71314240,-90.41656494
429.650000,68.64877319,-92.21999359,68.71343231,-90.41648865
429.700000,68.64901733,-92.22016144,68.71372223,-90.41641998
429.750000,68.64926147,-92.22033691,68.71400452,-90.41634369
429.800000,68.64950562,-92.22050476,68.71429443,-90.41627502
429.850000,68.64974976,-92.22067261,68.71458435,-90.41619873
429.900000,68.64999390,-92.22084808,68.71487427,-90.41612244
429.950000,68.65023041,-92.22101593,68.71516418,-90.41605377
430.000000,68.65047455,-92.22118378,68.71545410,-90.41597748
430.050000,68.65071869,-92.22135925,68.71573639,-90.41590118
430.100000,68.65096283,-92.22152710,68.71602631,-90.41583252
430.150000,68.65120697,-92.22170258,68.71631622,-90.41575623
430.200000,68.65145111,-92.22187042,68.71660614,-90.41567993
430.250000,68.65168762,-92.22203827,68.71689606,-90.41561127
430.300000,68.65193176,-92.22221375,68.71718597,-90.41553497
430.350000,68.65217590,-92.22238159,68.71746826,-90.41546631
430.400000,68.65242004,-92.22254944,68.71775818,-90.41539001
430.450000,68.65266418,-92.22272491,68.71804810,-90.41531372
430.500000,68.65290070,-92.22289276,68.71833801,-90.41524506
430.550000,68.65314484,-92.22306061,68.71862793,-90.41516876
430.600000,68.65338898,-92.22323608,68.71891022,-90.41509247
430.650000,68.65363312,-92.22340393,68.71920013,-90.41502380
430.700000,68.65387726,-92.22357178,68.71949005,-90.41494751
430.750000,68.65411377,-92.22374725,68.71977997,-90.41487885
430.800000,68.65435791,-92.22391510,68.72006226,-90.41480255
430.850000,68.65460205,-92.22408295,68.72035217,-90.41472626
430.900000,68.65484619,-92.22425842,68.72064209,-90.41465759
430.950000,68.65508270,-92.22442627,68.72093201,-90.41458130
431.000000,68.65532684,-92.22460175,68.72121429,-90.41450500
431.050000,68.65557098,-92.22476959,68.72150421,-90.41442871
431.100000,68.65581512,-92.22493744,68.72179413,-90.41436005
431.150000,68.65605164,-92.22511292,68.72208405,-90.41428375
431.200000,68.65629578,-92.22528076,68.72237396,-90.41420746
431.250000,68.65653992,-92.22544861,68.72265625,-90.41413879
431.300000,68.65678406,-92.22562408,68.72294617,-90.41406250
431.350000,68.65702057,-92.22579193,68.72323608,-90.41398621
431.400000,68.65726471,-92.22595978,68.72351837,-90.41391754
431.450000,68.65750885,-92.22613525,68.72380829,-90.41384125
431.500000,68.65774536,-92.22630310,68.72409821,-90.41376495
431.550000,68.65798950,-92.22647095,68.72438812,-90.41369629
431.600000,68.65823364,-92.22664642,68.72467041,-90.41362000
431.650000,68.65847778,-92.22681427,68.72496033,-90.41354370
431.700000,68.65871429,-92.22698212,68.72525024,-90.41347504
431.750000,68.65895844,-92.22715759,68.72553253,-90.41339874
431.800000,68.65920258,-92.22732544,68.72582245,-90.41332245
431.850000,68.65943909,-92.22749329,68.72611237,-90.41325378
431.900000,68.65968323,-92.22766876,68.72639465,-90.41317749
431.950000,68.65992737,-92.22783661,68.72668457,-90.41310120
432.000000,68.66016388,-92.22800446,68.72697449,-90.41303253
432.050000,68.66040802,-92.22817993,68.72725677,-90.41295624
432.100000,68.66065216,-92.22834778,68.72754669,-90.41287994
432.150000,68.66088867,-92.22851562,68.72783661,-90.41280365
432.200000,68.66113281,-92.22868347,68.72811890,-90.41273499
432.250000,68.66137695,-92.22885895,68.72840881,-90.41265869
432.300000,68.66161346,-92.22902679,68.72869873,-90.41258240
432.350000,68.66185760,-92.22920227,68.72898102,-90.41250610
432.400000,68.66210175,-92.22937012,68.72927094,-90.41243744
432.450000,68.66233826,-92.22953796,68.72956085,-90.41236115
432.500000,68.66258240,-92.22971344,68.72984314,-90.41228485
432.550000,68.66281891,-92.22988129,68.73013306,-90.41221619
432.600000,68.66306305,-92.23004913,68.73041534,-90.41213989
432.650000,68.66330719,-92.23021698,68.73070526,-90.41206360
432.700000,68.66354370,-92.23039246,68.73099518,-90.41199493
432.750000,68.66378784,-92.23056030,68.73127747,-90.41191864
432.800000,68.66403198,-92.23072815,68.73156738,-90.41184235
432.850000,68.66426849,-92.23090363,68.73185730,-90.41176605
432.900000,68.66451263,-92.23107147,68.73213959,-90.41168976
432.950000,68.66474915,-92.23123932,68.73242950,-90.41162109
433.000000,68.66499329,-92.23141479,68.73271179,-90.41154480
433.050000,68.66523743,-92.23158264,68.73300171,-90.41146851
433.100000,68.66547394,-92.23175049,68.73328400,-90.41139984
433.150000,68.66571808,-92.23192596,68.73357391,-90.41132355
433.200000,68.66595459,-92.23209381,68.73386383,-90.41124725
433.250000,68.66619873,-92.23226166,68.73414612,-90.41117096
433.300000,68.66643524,-92.23243713,68.73443604,-90.41110229
433.350000,68.66667938,-92.23260498,68.73471832,-90.41102600
433.400000,68.66692352,-92.23277283,68.73500824,-90.41094971
433.450000,68.66716003,-92.23294830,68.73529053,-90.41087341
433.500000,68.66740417,-92.23311615,68.73558044,-90.41080475
433.550000,68.66764069,-92.23328400,68.73587036,-90.41072845
433.600000,68.66788483,-92.23345184,68.73615265,-90.41065216
433.650000,68.66812134,-92.23362732,68.73644257,-90.41057587
433.700000,68.66836548,-92.23379517,68.73672485,-90.41050720
433.750000,68.66860199,-92.23396301,68.73701477,-90.41043091
433.800000,68.66884613,-92.23413849,68.73729706,-90.41035461
433.850000,68.66908264,-92.23430634,68.73758698,-90.41027832
433.900000,68.66932678,-92.23447418,68.73786926,-90.41020203
433.950000,68.66956329,-92.23464966,68.73815918,-90.41013336
434.000000,68.66980743,-92.23481750,68.73844147,-90.41005707
434.050000,68.67005157,-92.23498535,68.73873138,-90.40998077
434.100000,68.67028809,-92.23516083,68.73901367,-90.40990448
434.150000,68.67053223,-92.23532867,68.73930359,-90.40982819
434.200000,68.67076874,-92.23549652,68.73958588,-90.40975952
434.250000,68.67101288,-92.23566437,68.73987579,-90.40968323
434.300000,68.67124939,-92.23583984,68.74015808,-90.40960693
434.350000,68.67149353,-92.23600769,68.74044800,-90.40953064
434.400000,68.67173004,-92.23617554,68.74073029,-90.40946198
434.450000,68.67196655,-92.23635101,68.74102020,-90.40938568
434.500000,68.67221069,-92.23651886,68.74130249,-90.40930939
434.550000,68.67244720,-92.23668671,68.74159241,-90.40923309
434.600000,68.67269135,-92.23686218,68.74187469,-90.40916443
434.650000,68.67292786,-92.23703003,68.74215698,-90.40908813
434.700000,68.67317200,-92.23719788,68.74244690,-90.40901184
434.750000,68.67340851,-92.23737335,68.74272919,-90.40893555
434.800000,68.67365265,-92.23754120,68.74301910,-90.40885925
434.850000,68.67388916,-92.23770905,68.74330139,-90.40878296
434.900000,68.67413330,-92.23787689,68.74359131,-90.40871429
434.950000,68.67436981,-92.23805237,68.74387360,-90.40863800
435.000000,68.67461395,-92.23822021,68.74416351,-90.40856171
435.050000,68.67485046,-92.23838806,68.74444580,-90.40848541
435.100000,68.67508698,-92.23856354,68.74472809,-90.40840912
435.150000,68.67533112,-92.23873138,68.74501801,-90.40834045
435.200000,68.67556763,-92.23889923,68.74530029,-90.40826416
435.250000,68.67581177,-92.23906708,68.74559021,-90.40818787
435.300000,68.67604828,-92.23924255,68.74587250,-90.40811157
435.350000,68.67628479,-92.23941040,68.74615479,-90.40803528
435.400000,68.67652893,-92.23957825,68.74644470,-90.40795898
435.450000,68.67676544,-92.23975372,68.74672699,-90.40788269
435.500000,68.67700958,-92.23992157,68.74701691,-90.40781403
435.550000,68.67724609,-92.24008942,68.74729919,-90.40773773
435.600000,68.67748260,-92.24025726,68.74758148,-90.40766144
435.650000,68.67772675,-92.24043274,68.74787140,-90.40758514
435.700000,68.67796326,-92.24060059,68.74815369,-90.40750885
435.750000,68.67820740,-92.24076843,68.74843597,-90.40743256
435.800000,68.67844391,-92.24094391,68.74872589,-90.40736389
435.850000,68.67868042,-92.24111176,68.74900818,-90.40728760
435.900000,68.67892456,-92.24127960,68.74929047,-90.40721130
435.950000,68.67916107,-92.24145508,68.74958038,-90.40713501
436.000000,68.67939758,-92.24162292,68.74986267,-90.40705872
436.050000,68.67964172,-92.24179077,68.75015259,-90.40698242
436.100000,68.67987823,-92.24195862,68.75043488,-90.40690613
436.150000,68.68011475,-92.24213409,68.75071716,-90.40683746
436.200000,68.68035889,-92.24230194,68.75100708,-90.40676117
436.250000,68.68059540,-92.24246979,68.75128937,-90.40668488
436.300000,68.68083191,-92.24264526,68.75157166,-90.40660858
436.350000,68.68107605,-92.24281311,68.75185394,-90.40653229
436.400000,68.68131256,-92.24298096,68.75214386,-90.40645599
436.450000,68.68154907,-92.24314880,68.75242615,-90.40637970
436.500000,68.68179321,-92.24332428,68.75270844,-90.40630341
436.550000,68.68202972,-92.24349213,68.75299835,-90.40623474
436.600000,68.68226624,-92.24365997,68.75328064,-90.40615845
436.650000,68.68251038,-92.24382782,68.75356293,-90.40608215
436.700000,68.68274689,-92.24400330,68.75385284,-90.40600586
436.750000,68.68298340,-92.24417114,68.75413513,-90.40592957
436.800000,68.68322754,-92.24433899,68.75441742,-90.40585327
436.850000,68.68346405,-92.24451447,68.75469971,-90.40577698
436.900000,68.68370056,-92.24468231,68.75498962,-90.40570068
436.950000,68.68393707,-92.24485016,68.75527191,-90.40563202
437.000000,68.68418121,-92.24501801,68.75555420,-90.40555573
437.050000,68.68441772,-92.24519348,68.75583649,-90.40547943
437.100000,68.68465424,-92.24536133,68.75612640,-90.40540314
437.150000,68.68489838,-92.24552917,68.75640869,-90.40532684
437.200000,68.68513489,-92.24569702,68.75669098,-90.40525055
437.250000,68.68537140,-92.24587250,68.75697327,-90.40517426
437.300000,68.68560791,-92.24604034,68.75726318,-90.40509796
437.350000,68.68585205,-92.24620819,68.75754547,-90.40502167
437.400000,68.68608856,-92.24637604,68.75782776,-90.40494537
437.450000,68.68632507,-92.24655151,68.75811005,-90.40487671
437.500000,68.68656158,-92.24671936,68.75839996,-90.40480042
437.550000,68.68680573,-92.24688721,68.75868225,-90.40472412
437.600000,68.68704224,-92.24705505,68.75896454,-90.40464783
437.650000,68.68727875,-92.24723053,68.75924683,-90.40457153
437.700000,68.68751526,-92.24739838,68.75953674,-90.40449524
437.750000,68.68775177,-92.24756622,68.75981903,-90.40441895
437.800000,68.68799591,-92.24774170,68.76010132,-90.40434265
437.850000,68.68823242,-92.24790955,68.76038361,-90.40426636
437.900000,68.68846893,-92.24807739,68.76066589,-90.40419006
437.950000,68.68870544,-92.24824524,68.76094818,-90.40411377
438.000000,68.68894196,-92.24842072,68.76123810,-90.40404510
438.050000,68.68918610,-92.24858856,68.76152039,-90.40396881
438.100000,68.68942261,-92.24875641,68.76180267,-90.40389252
438.150000,68.68965912,-92.24892426,68.76208496,-90.40381622
438.200000,68.68989563,-92.24909973,68.76236725,-90.40373993
438.250000,68.69013214,-92.24926758,68.76265717,-90.40366364
438.300000,68.69037628,-92.24943542,68.76293945,-90.40358734
438.350000,68.69061279,-92.24960327,68.76322174,-90.40351105
438.400000,68.69084930,-92.24977875,68.76350403,-90.40343475
438.450000,68.69108582,-92.24994659,68.76378632,-90.40335846
438.500000,68.69132233,-92.25011444,68.76406860,-90.40328217
438.550000,68.69155884,-92.25028229,68.76435089,-90.40320587
438.600000,68.69180298,-92.25045013,68.76463318,-90.40312958
438.650000,68.69203949,-92.25062561,68.76492310,-90.40305328
438.700000,68.69227600,-92.25079346,68.76520538,-90.40297699
438.750000,68.69251251,-92.25096130,68.76548767,-90.40290070
438.800000,68.69274902,-92.25113678,68.76576996,-90.40282440
438.850000,68.69298553,-92.25130463,68.76605225,-90.40274811
438.900000,68.69322968,-92.25147247,68.76633453,-90.40267181
438.950000,68.69346619,-92.25164032,68.76661682,-90.40259552
439.000000,68.69370270,-92.25180817,68.76689911,-90.40251923
439.050000,68.69393921,-92.25198364,68.76718140,-90.40244293
439.100000,68.69417572,-92.25215149,68.76747131,-90.40237427
439.150000,68.69441223,-92.25231934,68.76775360,-90.40229797
439.200000,68.69464874,-92.25248718,68.76803589,-90.40221405
439.250000,68.69488525,-92.25266266,68.76831818,-90.40214539
439.300000,68.69512177,-92.25283051,68.76860046,-90.40206909
439.350000,68.69535828,-92.25299835,68.76888275,-90.40199280
439.400000,68.69560242,-92.25316620,68.76916504,-90.40191650
439.450000,68.69583893,-92.25334167,68.76944733,-90.40184021
439.500000,68.69607544,-92.25350952,68.76972961,-90.40176392
439.550000,68.69631195,-92.25367737,68.77001190,-90.40168762
439.600000,68.69654846,-92.25384521,68.77029419,-90.40161133
439.650000,68.69678497,-92.25402069,68.77057648,-90.40153503
439.700000,68.69702148,-92.25418854,68.77085876,-90.40145874
439.750000,68.69725800,-92.25435638,68.77114105,-90.40138245
439.800000,68.69749451,-92.25452423,68.77142334,-90.40130615
439.850000,68.69773102,-92.25469971,68.77170563,-90.40122986
439.900000,68.69796753,-92.25486755,68.77199554,-90.40115356
439.950000,68.69820404,-92.25503540,68.77227783,-90.40107727
440.000000,68.69844055,-92.25520325,68.77256012,-90.40100098
440.050000,68.69867706,-92.25537109,68.77284241,-90.40092468
440.100000,68.69891357,-92.25554657,68.77312469,-90.40084839
440.150000,68.69915009,-92.25571442,68.77340698,-90.40077209
440.200000,68.69938660,-92.25588226,68.77368927,-90.40069580
440.250000,68.69962311,-92.25605011,68.77397156,-90.40061951
440.300000,68.69986725,-92.25622559,68.77425385,-90.40053558
440.350000,68.70010376,-92.25639343,68.77453613,-90.40046692
440.400000,68.70034027,-92.25656128,68.77481842,-90.40038300
440.450000,68.70057678,-92.25672913,68.77510071,-90.40030670
440.500000,68.70080566,-92.25689697,68.77538300,-90.40023041
440.550000,68.70104980,-92.25707245,68.77566528,-90.40015411
440.600000,68.70128632,-92.25724030,68.77593994,-90.40007782
440.650000,68.70152283,-92.25740814,68.77622223,-90.40000153
440.700000,68.70175934,-92.25757599,68.77650452,-90.39992523
440.750000,68.70199585,-92.25774384,68.77678680,-90.39984894
440.800000,68.70223236,-92.25791931,68.77706909,-90.39977264
440.850000,68.70246124,-92.25808716,68.77735138,-90.39969635
440.900000,68.70269775,-92.25825500,68.77763367,-90.39962006
440.950000,68.70293427,-92.25842285,68.77791595,-90.39954376
441.000000,68.70317078,-92.25859833,68.77819824,-90.39946747
441.050000,68.70340729,-92.25876617,68.77848053,-90.39939117
441.100000,68.70364380,-92.25893402,68.77876282,-90.39931488
441.150000,68.70388031,-92.25910187,68.77904510,-90.39923859
441.200000,68.70411682,-92.25926971,68.77932739,-90.39916229
441.250000,68.70435333,-92.25944519,68.77960968,-90.39908600
441.300000,68.70458984,-92.25961304,68.77989197,-90.39900970
441.350000,68.70482635,-92.25978088,68.78017426,-90.39893341
441.400000,68.70506287,-92.25994873,68.78045654,-90.39885712
441.450000,68.70529938,-92.26011658,68.78073120,-90.39878082
441.500000,68.70553589,-92.26029205,68.78101349,-90.39870453
441.550000,68.70577240,-92.26045990,68.78129578,-90.39862823
441.600000,68.70600891,-92.26062775,68.78157806,-90.39854431
441.650000,68.70624542,-92.26079559,68.78186035,-90.39846802
441.700000,68.70648193,-92.26097107,68.78214264,-90.39839172
441.750000,68.70671082,-92.26113892,68.78242493,-90.39831543
441.800000,68.70694733,-92.26130676,68.78270721,-90.39823914
441.850000,68.70718384,-92.26147461,68.78298187,-90.39816284
441.900000,68.70742035,-92.26164246,68.78326416,-90.39808655
441.950000,68.70765686,-92.26181793,68.78354645,-90.39801025
442.000000,68.70789337,-92.26198578,68.78382874,-90.39793396
442.050000,68.70812988,-92.26215363,68.78411102,-90.39785767
442.100000,68.70836639,-92.26232147,68.78439331,-90.39778137
442.150000,68.70860291,-92.26248932,68.78467560,-90.39770508
442.200000,68.70883942,-92.26266479,68.78495026,-90.39762878
442.250000,68.70906830,-92.26283264,68.78523254,-90.39754486
442.300000,68.70930481,-92.26300049,68.78551483,-90.39746857
442.350000,68.70954132,-92.26316833,68.78579712,-90.39739227
442.400000,68.70977783,-92.26333618,68.78607941,-90.39731598
442.450000,68.71001434,-92.26351166,68.78636169,-90.39723969
442.500000,68.71025085,-92.26367950,68.78663635,-90.39716339
442.550000,68.71047974,-92.26384735,68.78691864,-90.39708710
442.600000,68.71071625,-92.26401520,68.78720093,-90.39701080
442.650000,68.71095276,-92.26418304,68.78748322,-90.39693451
442.700000,68.71118927,-92.26435852,68.78776550,-90.39685059
442.750000,68.71142578,-92.26452637,68.78804016,-90.39677429
442.800000,68.71166229,-92.26469421,68.78832245,-90.39669800
442.850000,68.71189117,-92.26486206,68.78860474,-90.39662170
442.900000,68.71212769,-92.26502991,68.78888702,-90.39654541
442.950000,68.71236420,-92.26520538,68.78916931,-90.39646912
443.000000,68.71260071,-92.26537323,68.78944397,-90.39639282
443.050000,68.71283722,-92.26554108,68.78972626,-90.39631653
443.100000,68.71306610,-92.26570892,68.79000854,-90.39623260
443.150000,68.71330261,-92.26587677,68.79029083,-90.39615631
443.200000,68.71353912,-92.26604462,68.79056549,-90.39608002
443.250000,68.71377563,-92.26622009,68.79084778,-90.39600372
443.300000,68.71401215,-92.26638794,68.79113007,-90.39592743
443.350000,68.71424103,-92.26655579,68.79141235,-90.39585114
443.400000,68.71447754,-92.26672363,68.79169464,-90.39577484
443.450000,68.71471405,-92.26689148,68.79196930,-90.39569092
443.500000,68.71495056,-92.26706696,68.79225159,-90.39561462
443.550000,68.71518707,-92.26723480,68.79253387,-90.39553833
443.600000,68.71541595,-92.26740265,68.79280853,-90.39546204
443.650000,68.71565247,-92.26757050,68.79309082,-90.39538574
443.700000,68.71588898,-92.26773834,68.79337311,-90.39530945
443.750000,68.71612549,-92.26790619,68.79365540,-90.39523315
443.800000,68.71635437,-92.26808167,68.79393005,-90.39515686
443.850000,68.71659088,-92.26824951,68.79421234,-90.39507294
443.900000,68.71682739,-92.26841736,68.79449463,-90.39499664
443.950000,68.71706390,-92.26858521,68.79476929,-90.39492035
444.000000,68.71729279,-92.26875305,68.79505157,-90.39484406
444.050000,68.71752930,-92.26892853,68.79533386,-90.39476776
444.100000,68.71776581,-92.26909637,68.79560852,-90.39469147
444.150000,68.71799469,-92.26926422,68.79589081,-90.39460754
444.200000,68.71823120,-92.26943207,68.79617310,-90.39453125
444.250000,68.71846771,-92.26959991,68.79645538,-90.39445496
444.300000,68.71870422,-92.26976776,68.79673004,-90.39437866
444.350000,68.71893311,-92.26994324,68.79701233,-90.39430237
444.400000,68.71916962,-92.27011108,68.79728699,-90.39421844
444.450000,68.71940613,-92.27027893,68.79756927,-90.39414215
444.500000,68.71963501,-92.27044678,68.79785156,-90.39406586
444.550000,68.71987152,-92.27061462,68.79812622,-90.39398956
444.600000,68.72010803,-92.27078247,68.79840851,-90.39391327
444.650000,68.72034454,-92.27095795,68.79869080,-90.39383698
444.700000,68.72057343,-92.27112579,68.79896545,-90.39375305
444.750000,68.72080994,-92.27129364,68.79924774,-90.39367676
444.800000,68.72103882,-92.27146149,68.79953003,-90.39360046
444.850000,68.72127533,-92.27162933,68.79980469,-90.39352417
444.900000,68.72151184,-92.27179718,68.80008698,-90.39344788
444.950000,68.72174072,-92.27197266,68.80036926,-90.39336395
445.000000,68.72197723,-92.27214050,68.80064392,-90.39328766
445.050000,68.72221375,-92.27230835,68.80092621,-90.39321136
445.100000,68.72244263,-92.27247620,68.80120087,-90.39313507
445.150000,68.72267914,-92.27264404,68.80148315,-90.39305878
445.200000,68.72291565,-92.27281189,68.80176544,-90.39297485
445.250000,68.72314453,-92.27298737,68.80204010,-90.39289856
445.300000,68.72338104,-92.27315521,68.80232239,-90.39282227
445.350000,68.72361755,-92.27332306,68.80259705,-90.39274597
445.400000,68.72384644,-92.27349091,68.80287933,-90.39266205
445.450000,68.72408295,-92.27365875,68.80316162,-90.39258575
445.500000,68.72431946,-92.27382660,68.80343628,-90.39250946
445.550000,68.72454834,-92.27399445,68.80371857,-90.39243317
445.600000,68.72478485,-92.27416992,68.80399323,-90.39235687
445.650000,68.72501373,-92.27433777,68.80427551,-90.39227295
445.700000,68.72525024,-92.27450562,68.80455017,-90.39219666
445.750000,68.72548676,-92.27467346,68.80483246,-90.39212036
445.800000,68.72571564,-92.27484131,68.80510712,-90.39204407
445.850000,68.72595215,-92.27500916,68.80538940,-90.39196014
445.900000,68.72618103,-92.27518463,68.80567169,-90.39188385
445.950000,68.72641754,-92.27535248,68.80594635,-90.39180756
446.000000,68.72665405,-92.27552032,68.80622864,-90.39173126
446.050000,68.72688293,-92.27568817,68.80650330,-90.39164734
446.100000,68.72711945,-92.27585602,68.80678558,-90.39157104
446.150000,68.72734833,-92.27602386,68.80706024,-90.39149475
446.200000,68.72758484,-92.27619934,68.80734253,-90.39141846
446.250000,68.72781372,-92.27636719,68.80761719,-90.39133453
446.300000,68.72805023,-92.27653503,68.80789948,-90.39125824
446.350000,68.72827911,-92.27670288,68.80817413,-90.39118195
446.400000,68.72851562,-92.27687073,68.80845642,-90.39110565
446.450000,68.72875214,-92.27703857,68.80873108,-90.39102173
446.500000,68.72898102,-92.27720642,68.80901337,-90.39094543
446.550000,68.72921753,-92.27737427,68.80928802,-90.39086914
446.600000,68.72944641,-92.27754974,68.80957031,-90.39079285
446.650000,68.72968292,-92.27771759,68.80984497,-90.39070892
446.700000,68.72991180,-92.27788544,68.81012726,-90.39063263
446.750000,68.73014832,-92.27805328,68.81040192,-90.39055634
446.800000,68.73037720,-92.27822113,68.81068420,-90.39047241
446.850000,68.73061371,-92.27838898,68.81095886,-90.39039612
446.900000,68.73084259,-92.27856445,68.81124115,-90.39031982
446.950000,68.73107910,-92.27873230,68.81151581,-90.39024353
447.000000,68.73130798,-92.27890015,68.81179810,-90.39016724
447.050000,68.73154449,-92.27906799,68.81207275,-90.39008331
447.100000,68.73177338,-92.27923584,68.81234741,-90.39000702
447.150000,68.73200989,-92.27940369,68.81262970,-90.38993073
447.200000,68.73223877,-92.27957153,68.81290436,-90.38984680
447.250000,68.73247528,-92.27973938,68.81318665,-90.38977051
447.300000,68.73270416,-92.27991486,68.81346130,-90.38969421
447.350000,68.73294067,-92.28008270,68.81374359,-90.38961792
447.400000,68.73316956,-92.28025055,68.81401825,-90.38953400
447.450000,68.73340607,-92.28041840,68.81430054,-90.38945770
447.500000,68.73363495,-92.28058624,68.81457520,-90.38938141
447.550000,68.73387146,-92.28075409,68.81484985,-90.38929749
447.600000,68.73410034,-92.28092194,68.81513214,-90.38922119
447.650000,68.73432922,-92.28109741,68.81540680,-90.38914490
447.700000,68.73456573,-92.28126526,68.81568909,-90.38906097
447.750000,68.73479462,-92.28143311,68.81596375,-90.38898468
447.800000,68.73503113,-92.28160095,68.81623840,-90.38890839
447.850000,68.73526001,-92.28176880,68.81652069,-90.38882446
447.900000,68.73549652,-92.28193665,68.81679535,-90.38874817
447.950000,68.73572540,-92.28210449,68.81707001,-90.38867188
448.000000,68.73596191,-92.28227234,68.81735229,-90.38858795
448.050000,68.73619080,-92.28244781,68.81762695,-90.38851166
448.100000,68.73641968,-92.28261566,68.81790924,-90.38843536
448.150000,68.73665619,-92.28278351,68.81818390,-90.38835144
448.200000,68.73688507,-92.28295135,68.81845856,-90.38827515
448.250000,68.73712158,-92.28311920,68.81874084,-90.38819885
448.300000,68.73735046,-92.28328705,68.81901550,-90.38811493
448.350000,68.73757935,-92.28345490,68.81929779,-90.38803864
448.400000,68.73781586,-92.28362274,68.81957245,-90.38796234
448.450000,68.73804474,-92.28379822,68.81984711,-90.38788605
448.500000,68.73828125,-92.28396606,68.82012177,-90.38780212
448.550000,68.73851013,-92.28413391,68.82040405,-90.38772583
448.600000,68.73873901,-92.28430176,68.82067871,-90.38764191
448.650000,68.73897552,-92.28446960,68.82096100,-90.38756561
448.700000,68.73920441,-92.28463745,68.82123566,-90.38748932
448.750000,68.73943329,-92.28480530,68.82151031,-90.38740540
448.800000,68.73966980,-92.28497314,68.82178497,-90.38732910
448.850000,68.73989868,-92.28514862,68.82206726,-90.38725281
448.900000,68.74013519,-92.28531647,68.82234192,-90.38716888
448.950000,68.74036407,-92.28548431,68.82261658,-90.38709259
449.000000,68.74059296,-92.28565216,68.82289886,-90.38701630
449.050000,68.74082947,-92.28582001,68.82317352,-90.38693237
449.100000,68.74105835,-92.28598785,68.82344818,-90.38685608
449.150000,68.74128723,-92.28615570,68.82373047,-90.38677979
449.200000,68.74152374,-92.28632355,68.82400513,-90.38669586
449.250000,68.74175262,-92.28649139,68.82427979,-90.38661957
449.300000,68.74198151,-92.28665924,68.82455444,-90.38653564
449.350000,68.74221802,-92.28683472,68.82483673,-90.38645935
449.400000,68.74244690,-92.28700256,68.82511139,-90.38638306
449.450000,68.74267578,-92.28717041,68.82538605,-90.38629913
449.500000,68.74290466,-92.28733826,68.82566071,-90.38622284
449.550000,68.74314117,-92.28750610,68.82594299,-90.38614655
449.600000,68.74337006,-92.28767395,68.82621765,-90.38606262
449.650000,68.74359894,-92.28784180,68.82649231,-90.38598633
449.700000,68.74383545,-92.28800964,68.82676697,-90.38590240
449.750000,68.74406433,-92.28817749,68.82704926,-90.38582611
449.800000,68.74429321,-92.28834534,68.82732391,-90.38574982
449.850000,68.74452972,-92.28852081,68.82759857,-90.38566589
449.900000,68.74475861,-92.28868866,68.82787323,-90.38558960
449.950000,68.74498749,-92.28885651,68.82815552,-90.38550568
450.000000,68.74521637,-92.28902435,68.82843018,-90.38542938
450.050000,68.74545288,-92.28919220,68.82870483,-90.38535309
450.100000,68.74568176,-92.28936005,68.82897949,-90.38526917
450.150000,68.74591064,-92.28952789,68.82926178,-90.38519287
450.200000,68.74614716,-92.28969574,68.82953644,-90.38511658
450.250000,68.74637604,-92.28986359,68.82981110,-90.38503265
450.300000,68.74660492,-92.29003906,68.83008575,-90.38495636
450.350000,68.74683380,-92.29020691,68.83036041,-90.38487244
450.400000,68.74707031,-92.29037476,68.83063507,-90.38479614
450.450000,68.74729919,-92.29054260,68.83091736,-90.38471222
450.500000,68.74752808,-92.29071045,68.83119202,-90.38463593
450.550000,68.74775696,-92.29087830,68.83146667,-90.38455963
450.600000,68.74798584,-92.29104614,68.83174133,-90.38447571
450.650000,68.74822235,-92.29121399,68.83201599,-90.38439941
450.700000,68.74845123,-92.29138184,68.83229828,-90.38431549
450.750000,68.74868011,-92.29154968,68.83257294,-90.38423920
450.800000,68.74890900,-92.29171753,68.83284760,-90.38415527
450.850000,68.74913788,-92.29188538,68.83312225,-90.38407898
450.900000,68.74937439,-92.29206085,68.83339691,-90.38399506
450.950000,68.74960327,-92.29222870,68.83367157,-90.38391876
451.000000,68.74983215,-92.29239655,68.83394623,-90.38384247
451.050000,68.75006104,-92.29256439,68.83422852,-90.38375854
451.100000,68.75028992,-92.29273224,68.83450317,-90.38368225
451.150000,68.75052643,-92.29290009,68.83477783,-90.38359833
451.200000,68.75075531,-92.29306793,68.83505249,-90.38352203
451.250000,68.75098419,-92.29323578,68.83532715,-90.38343811
451.300000,68.75121307,-92.29340363,68.83560181,-90.38336182
451.350000,68.75144196,-92.29357147,68.83587646,-90.38328552
451.400000,68.75167847,-92.29373932,68.83615112,-90.38320160
451.450000,68.75190735,-92.29390717,68.83642578,-90.38312531
451.500000,68.75213623,-92.29407501,68.83670807,-90.38304138
451.550000,68.75236511,-92.29425049,68.83698273,-90.38296509
451.600000,68.75259399,-92.29441833,68.83725739,-90.38288116
451.650000,68.75282288,-92.29458618,68.83753204,-90.38280487
451.700000,68.75305176,-92.29475403,68.83780670,-90.38272095
451.750000,68.75328827,-92.29492188,68.83808136,-90.38264465
451.800000,68.75351715,-92.29508972,68.83835602,-90.38256073
451.850000,68.75374603,-92.29525757,68.83863068,-90.38248444
451.900000,68.75397491,-92.29542542,68.83890533,-90.38240051
451.950000,68.75420380,-92.29559326,68.83917999,-90.38232422
452.000000,68.75443268,-92.29576111,68.83945465,-90.38224030
452.050000,68.75466156,-92.29592896,68.83972931,-90.38216400
452.100000,68.75489044,-92.29609680,68.84001160,-90.38208771
452.150000,68.75511932,-92.29626465,68.84028625,-90.38200378
452.200000,68.75535583,-92.29644012,68.84056091,-90.38191986
452.250000,68.75558472,-92.29660797,68.84083557,-90.38184357
452.300000,68.75581360,-92.29677582,68.84111023,-90.38175964
452.350000,68.75604248,-92.29694366,68.84138489,-90.38168335
452.400000,68.75627136,-92.29711151,68.84165955,-90.38160706
452.450000,68.75650024,-92.29727936,68.84193420,-90.38152313
452.500000,68.75672913,-92.29744720,68.84220886,-90.38144684
452.550000,68.75695801,-92.29761505,68.84248352,-90.38136292
452.600000,68.75718689,-92.29778290,68.84275818,-90.38127899
452.650000,68.75741577,-92.29795074,68.84303284,-90.38120270
452.700000,68.75764465,-92.29811859,68.84330750,-90.38111877
452.750000,68.75787354,-92.29828644,68.84358215,-90.38104248
452.800000,68.75810242,-92.29845428,68.84385681,-90.38096619
452.850000,68.75833893,-92.29862213,68.84413147,-90.38088226
452.900000,68.75856781,-92.29878998,68.84440613,-90.38079834
452.950000,68.75879669,-92.29895782,68.84468079,-90.38072205
453.000000,68.75902557,-92.29912567,68.84495544,-90.38063812
453.050000,68.75925446,-92.29930115,68.84523010,-90.38056183
453.100000,68.75948334,-92.29946899,68.84550476,-90.38047791
453.150000,68.75971222,-92.29963684,68.84577942,-90.38040161
453.200000,68.75994110,-92.29980469,68.84605408,-90.38031769
453.250000,68.76016998,-92.29997253,68.84632874,-90.38024139
453.300000,68.76039886,-92.30014038,68.84660339,-90.38015747
453.350000,68.76062775,-92.30030823,68.84687805,-90.38008118
453.400000,68.76085663,-92.30047607,68.84715271,-90.37999725
453.450000,68.76108551,-92.30064392,68.84741974,-90.37992096
453.500000,68.76131439,-92.30081177,68.84769440,-90.37983704
453.550000,68.76154327,-92.30097961,68.84796906,-90.37976074
453.600000,68.76177216,-92.30114746,68.84824371,-90.37967682
453.650000,68.76200104,-92.30131531,68.84851837,-90.37959290
453.700000,68.76222992,-92.30148315,68.84879303,-90.37951660
453.750000,68.76245880,-92.30165100,68.84906769,-90.37943268
453.800000,68.76268768,-92.30181885,68.84934235,-90.37935638
453.850000,68.76291656,-92.30198669,68.84961700,-90.37927246
453.900000,68.76314545,-92.30215454,68.84989166,-90.37919617
453.950000,68.76337433,-92.30232239,68.85016632,-90.37911224
454.000000,68.76360321,-92.30249786,68.85044098,-90.37903595
454.050000,68.76383209,-92.30266571,68.85071564,-90.37895203
454.100000,68.76406097,-92.30283356,68.85098267,-90.37886810
454.150000,68.76428986,-92.30300140,68.85125732,-90.37879181
454.200000,68.76451874,-92.30316925,68.85153198,-90.37870789
454.250000,68.76474762,-92.30333710,68.85180664,-90.37863159
454.300000,68.76496887,-92.30350494,68.85208130,-90.37854767
454.350000,68.76519775,-92.30367279,68.85235596,-90.37847137
454.400000,68.76542664,-92.30384064,68.85263062,-90.37838745
454.450000,68.76565552,-92.30400848,68.85290527,-90.37830353
454.500000,68.76588440,-92.30417633,68.85317230,-90.37822723
454.550000,68.76611328,-92.30434418,68.85344696,-90.37814331
454.600000,68.76634216,-92.30451202,68.85372162,-90.37806702
454.650000,68.76657104,-92.30467987,68.85399628,-90.37798309
454.700000,68.76679993,-92.30484772,68.85427094,-90.37789917
454.750000,68.76702881,-92.30501556,68.85454559,-90.37782288
454.800000,68.76725769,-92.30518341,68.85482025,-90.37773895
454.850000,68.76748657,-92.30535126,68.85509491,-90.37766266
454.900000,68.76771545,-92.30551910,68.85536194,-90.37757874
454.950000,68.76793671,-92.30568695,68.85563660,-90.37749481
455.000000,68.76816559,-92.30585480,68.85591125,-90.37741852
455.050000,68.76839447,-92.30602264,68.85618591,-90.37733459
455.100000,68.76862335,-92.30619049,68.85646057,-90.37725830
455.150000,68.76885223,-92.30635834,68.85672760,-90.37717438
455.200000,68.76908112,-92.30652618,68.85700226,-90.37709045
455.250000,68.76931000,-92.30669403,68.85727692,-90.37701416
455.300000,68.76953888,-92.30686188,68.85755157,-90.37693024
455.350000,68.76976013,-92.30702972,68.85782623,-90.37685394
455.400000,68.76998901,-92.30720520,68.85809326,-90.37677002
455.450000,68.77021790,-92.30736542,68.85836792,-90.37668610
455.500000,68.77044678,-92.30754089,68.85864258,-90.37660980
455.550000,68.77067566,-92.30770874,68.85891724,-90.37652588
455.600000,68.77090454,-92.30787659,68.85919189,-90.37644958
455.650000,68.77113342,-92.30804443,68.85945892,-90.37636566
455.700000,68.77135468,-92.30821228,68.85973358,-90.37628174
455.750000,68.77158356,-92.30838013,68.86000824,-90.37620544
455.800000,68.77181244,-92.30854797,68.86028290,-90.37612152
455.850000,68.77204132,-92.30871582,68.86054993,-90.37603760
455.900000,68.77227020,-92.30888367,68.86082458,-90.37596130
455.950000,68.77249908,-92.30905151,68.86109924,-90.37587738
456.000000,68.77272034,-92.30921936,68.86137390,-90.37579346
456.050000,68.77294922,-92.30938721,68.86164093,-90.37571716
456.100000,68.77317810,-92.30955505,68.86191559,-90.37563324
456.150000,68.77340698,-92.30972290,68.86219025,-90.37554932
456.200000,68.77363586,-92.30989075,68.86246490,-90.37547302
456.250000,68.77385712,-92.31005859,68.86273193,-90.37538910
456.300000,68.77408600,-92.31022644,68.86300659,-90.37531281
456.350000,68.77431488,-92.31039429,68.86328125,-90.37522888
456.400000,68.77454376,-92.31056213,68.86355591,-90.37514496
456.450000,68.77477264,-92.31072998,68.86382294,-90.37506104
456.500000,68.77499390,-92.31089783,68.86409760,-90.37498474
456.550000,68.77522278,-92.31106567,68.86437225,-90.37490082
456.600000,68.77545166,-92.31123352,68.86463928,-90.37481689
456.650000,68.77568054,-92.31140137,68.86491394,-90.37474060
456.700000,68.77590179,-92.31156921,68.86518860,-90.37465668
456.750000,68.77613068,-92.31173706,68.86545563,-90.37457275
456.800000,68.77635956,-92.31190491,68.86573029,-90.37449646
456.850000,68.77658844,-92.31207275,68.86600494,-90.37441254
456.900000,68.77680969,-92.31224060,68.86627197,-90.37432861
456.950000,68.77703857,-92.31240845,68.86654663,-90.37425232
457.000000,68.77726746,-92.31257629,68.86682129,-90.37416840
457.050000,68.77749634,-92.31274414,68.86708832,-90.37408447
457.100000,68.77771759,-92.31291199,68.86736298,-90.37400818
457.150000,68.77794647,-92.31307983,68.86763763,-90.37392426
457.200000,68.77817535,-92.31324768,68.86790466,-90.37384033
457.250000,68.77839661,-92.31341553,68.86817932,-90.37376404
457.300000,68.77862549,-92.31358337,68.86845398,-90.37368011
457.350000,68.77885437,-92.31375122,68.86872101,-90.37359619
457.400000,68.77908325,-92.31391907,68.86899567,-90.37351990
457.450000,68.77930450,-92.31408691,68.86927032,-90.37343597
457.500000,68.77953339,-92.31425476,68.86953735,-90.37335205
457.550000,68.77976227,-92.31442261,68.86981201,-90.37326813
457.600000,68.77998352,-92.31459045,68.87008667,-90.37319183
457.650000,68.78021240,-92.31475830,68.87035370,-90.37310791
457.700000,68.78044128,-92.31492615,68.87062836,-90.37302399
457.750000,68.78067017,-92.31509399,68.87089539,-90.37294769
457.800000,68.78089142,-92.31526184,68.87117004,-90.37286377
457.850000,68.78112030,-92.31542969,68.87144470,-90.37277985
457.900000,68.78134155,-92.31559753,68.87171173,-90.37269592
457.950000,68.78157043,-92.31576538,68.87198639,-90.37261963
458.000000,68.78179932,-92.31593323,68.87225342,-90.37253571
458.050000,68.78202057,-92.31610107,68.87252808,-90.37245178
458.100000,68.78224945,-92.31626892,68.87280273,-90.37236786
458.150000,68.78247833,-92.31643677,68.87306976,-90.37229156
458.200000,68.78269958,-92.31660461,68.87334442,-90.37220764
458.250000,68.78292847,-92.31677246,68.87361145,-90.37212372
458.300000,68.78315735,-92.31694031,68.87388611,-90.37203979
458.350000,68.78337860,-92.31710815,68.87416077,-90.37196350
458.400000,68.78360748,-92.31727600,68.87442780,-90.37187958
458.450000,68.78383636,-92.31744385,68.87470245,-90.37179565
458.500000,68.78405762,-92.31761169,68.87496948,-90.37171936
458.550000,68.78428650,-92.31777954,68.87524414,-90.37163544
458.600000,68.78450775,-92.31794739,68.87551117,-90.37155151
458.650000,68.78473663,-92.31811523,68.87578583,-90.37146759
458.700000,68.78496552,-92.31827545,68.87605286,-90.37139130
458.750000,68.78518677,-92.31844330,68.87632751,-90.37130737
458.800000,68.78541565,-92.31861115,68.87659454,-90.37122345
458.850000,68.78564453,-92.31877899,68.87686920,-90.37113953
458.900000,68.78586578,-92.31894684,68.87713623,-90.37106323
458.950000,68.78609467,-92.31911469,68.87741089,-90.37097931
459.000000,68.78631592,-92.31928253,68.87767792,-90.37089539
459.050000,68.78654480,-92.31945038,68.87795258,-90.37081146
459.100000,68.78676605,-92.31961823,68.87821960,-90.37072754
459.150000,68.78699493,-92.31978607,68.87849426,-90.37065125
459.200000,68.78722382,-92.31995392,68.87876129,-90.37056732
459.250000,68.78744507,-92.32012177,68.87903595,-90.37048340
459.300000,68.78767395,-92.32028961,68.87930298,-90.37039948
459.350000,68.78789520,-92.32045746,68.87957764,-90.37032318
459.400000,68.78812408,-92.32062531,68.87984467,-90.37023926
459.450000,68.78835297,-92.32079315,68.88011932,-90.37015533
459.500000,68.78857422,-92.32096100,68.88038635,-90.37007141
459.550000,68.78879547,-92.32112885,68.88066101,-90.36998749
459.600000,68.78902435,-92.32129669,68.88092804,-90.36991119
459.650000,68.78925323,-92.32146454,68.88120270,-90.36982727
459.700000,68.78947449,-92.32163239,68.88146973,-90.36974335
459.750000,68.78970337,-92.32180023,68.88174438,-90.36965942
459.800000,68.78992462,-92.32196808,68.88201141,-90.36957550
459.850000,68.79015350,-92.32213593,68.88228607,-90.36949921
459.900000,68.79037476,-92.32230377,68.88255310,-90.36941528
459.950000,68.79060364,-92.32247162,68.88282013,-90.36933136
460.000000,68.79082489,-92.32263947,68.88309479,-90.36924744
460.050000,68.79105377,-92.32280731,68.88336182,-90.36916351
460.100000,68.79127502,-92.32297516,68.88363647,-90.36908722
460.150000,68.79150391,-92.32314301,68.88390350,-90.36900330
460.200000,68.79172516,-92.32331085,68.88417816,-90.36891937
460.250000,68.79195404,-92.32347870,68.88444519,-90.36883545
460.300000,68.79217529,-92.32364655,68.88471222,-90.36875153
460.350000,68.79240417,-92.32381439,68.88498688,-90.36867523
460.400000,68.79262543,-92.32398224,68.88525391,-90.36859131
460.450000,68.79285431,-92.32414246,68.88552856,-90.36850739
460.500000,68.79307556,-92.32431030,68.88579559,-90.36842346
460.550000,68.79330444,-92.32447815,68.88606262,-90.36833954
460.600000,68.79352570,-92.32464600,68.88633728,-90.36825562
460.650000,68.79375458,-92.32481384,68.88660431,-90.36817169
460.700000,68.79397583,-92.32498169,68.88687897,-90.36809540
460.750000,68.79420471,-92.32514954,68.88714600,-90.36801147
460.800000,68.79442596,-92.32531738,68.88741302,-90.36792755
460.850000,68.79464722,-92.32548523,68.88768768,-90.36784363
460.900000,68.79487610,-92.32565308,68.88795471,-90.36775970
460.950000,68.79509735,-92.32582092,68.88822937,-90.36768341
461.000000,68.79532623,-92.32598877,68.88849640,-90.36759949
461.050000,68.79554749,-92.32615662,68.88876343,-90.36751556
461.100000,68.79577637,-92.32632446,68.88903809,-90.36743164
461.150000,68.79599762,-92.32649231,68.88930511,-90.36734772
461.200000,68.79621887,-92.32666016,68.88957214,-90.36726379
461.250000,68.79644775,-92.32682800,68.88984680,-90.36717987
461.300000,68.79666901,-92.32699585,68.89011383,-90.36709595
461.350000,68.79689789,-92.32716370,68.89038086,-90.36701965
461.400000,68.79711914,-92.32733154,68.89065552,-90.36693573
461.450000,68.79734039,-92.32749176,68.89092255,-90.36685181
461.500000,68.79756927,-92.32765961,68.89118958,-90.36676788
461.550000,68.79779053,-92.32782745,68.89146423,-90.36668396
461.600000,68.79801941,-92.32799530,68.89173126,-90.36660004
461.650000,68.79824066,-92.32816315,68.89199829,-90.36651611
461.700000,68.79846954,-92.32833099,68.89227295,-90.36643219
461.750000,68.79869080,-92.32849884,68.89253998,-90.36635590
461.800000,68.79891205,-92.32866669,68.89280701,-90.36627197
461.850000,68.79914093,-92.32883453,68.89307404,-90.36618805
461.900000,68.79936218,-92.32900238,68.89334869,-90.36610413
461.950000,68.79958344,-92.32917023,68.89361572,-90.36602020
462.000000,68.79981232,-92.32933807,68.89388275,-90.36593628
462.050000,68.80003357,-92.32950592,68.89415741,-90.36585236
462.100000,68.80025482,-92.32967377,68.89442444,-90.36576843
462.150000,68.80048370,-92.32984161,68.89469147,-90.36568451
462.200000,68.80070496,-92.33000946,68.89495850,-90.36560822
462.250000,68.80093384,-92.33017731,68.89523315,-90.36552429
462.300000,68.80115509,-92.33033752,68.89550018,-90.36544037
462.350000,68.80137634,-92.33050537,68.89576721,-90.36535645
462.400000,68.80159760,-92.33067322,68.89603424,-90.36527252
462.450000,68.80182648,-92.33084106,68.89630890,-90.36518860
462.500000,68.80204773,-92.33100891,68.89657593,-90.36510468
462.550000,68.80226898,-92.33117676,68.89684296,-90.36502075
462.600000,68.80249786,-92.33134460,68.89710999,-90.36493683
462.650000,68.80271912,-92.33151245,68.89738464,-90.36485291
462.700000,68.80294037,-92.33168030,68.89765167,-90.36476898
462.750000,68.80316925,-92.33184814,68.89791870,-90.36469269
462.800000,68.80339050,-92.33201599,68.89818573,-90.36460876
462.850000,68.80361176,-92.33217621,68.89846039,-90.36452484
462.900000,68.80384064,-92.33235168,68.89872742,-90.36444092
462.950000,68.80406189,-92.33251190,68.89899445,-90.36435699
463.000000,68.80428314,-92.33267975,68.89926147,-90.36427307
463.050000,68.80450439,-92.33284760,68.89952850,-90.36418915
463.100000,68.80473328,-92.33301544,68.89980316,-90.36410522
463.150000,68.80495453,-92.33318329,68.90007019,-90.36402130
463.200000,68.80517578,-92.33335114,68.90033722,-90.36393738
463.250000,68.80540466,-92.33351898,68.90060425,-90.36385345
463.300000,68.80562592,-92.33368683,68.90087128,-90.36376953
463.350000,68.80584717,-92.33385468,68.90114594,-90.36368561
463.400000,68.80606842,-92.33402252,68.90141296,-90.36360168
463.450000,68.80629730,-92.33419037,68.90167999,-90.36351776
463.500000,68.80651855,-92.33435822,68.90194702,-90.36343384
463.550000,68.80673981,-92.33451843,68.90221405,-90.36334991
463.600000,68.80696106,-92.33468628,68.90248108,-90.36327362
463.650000,68.80718994,-92.33485413,68.90274811,-90.36318970
463.700000,68.80741119,-92.33502197,68.90302277,-90.36310577
463.750000,68.80763245,-92.33518982,68.90328979,-90.36302185
463.800000,68.80785370,-92.33535767,68.90355682,-90.36293793
463.850000,68.80808258,-92.33552551,68.90382385,-90.36285400
463.900000,68.80830383,-92.33569336,68.90409088,-90.36277008
463.950000,68.80852509,-92.33586121,68.90435791,-90.36268616
464.000000,68.80874634,-92.33602905,68.90462494,-90.36260223
464.050000,68.80896759,-92.33619690,68.90489960,-90.36251831
464.100000,68.80919647,-92.33636475,68.90516663,-90.36243439
464.150000,68.80941772,-92.33652496,68.90543365,-90.36235046
464.200000,68.80963898,-92.33669281,68.90570068,-90.36226654
464.250000,68.80986023,-92.33686066,68.90596771,-90.36218262
464.300000,68.81008148,-92.33702850,68.90623474,-90.36209869
464.350000,68.81031036,-92.33719635,68.90650177,-90.36201477
464.400000,68.81053162,-92.33736420,68.90676880,-90.36193085
464.450000,68.81075287,-92.33753204,68.90704346,-90.36184692
464.500000,68.81097412,-92.33769989,68.90731049,-90.36176300
464.550000,68.81119537,-92.33786011,68.90757751,-90.36167908
464.600000,68.81141663,-92.33803558,68.90784454,-90.36159515
464.650000,68.81164551,-92.33819580,68.90811157,-90.36151123
464.700000,68.81186676,-92.33836365,68.90837860,-90.36142731
464.750000,68.81208801,-92.33853149,68.90864563,-90.36134338
464.800000,68.81230927,-92.33869934,68.90891266,-90.36125946
464.850000,68.81253052,-92.33886719,68.90917969,-90.36117554
464.900000,68.81275177,-92.33903503,68.90944672,-90.36109161
464.950000,68.81297302,-92.33920288,68.90971375,-90.36100769
465.000000,68.81320190,-92.33937073,68.90998077,-90.36092377
465.050000,68.81342316,-92.33953857,68.91024780,-90.36083984
465.100000,68.81364441,-92.33969879,68.91051483,-90.36075592
465.150000,68.81386566,-92.33986664,68.91078186,-90.36067200
465.200000,68.81408691,-92.34003448,68.91105652,-90.36058807
465.250000,68.81430817,-92.34020233,68.91132355,-90.36050415
465.300000,68.81452942,-92.34037018,68.91159058,-90.36042023
465.350000,68.81475067,-92.34053802,68.91185760,-90.36033630
465.400000,68.81497955,-92.34070587,68.91212463,-90.36025238
465.450000,68.81520081,-92.34087372,68.91239166,-90.36016846
465.500000,68.81542206,-92.34104156,68.91265869,-90.36008453
465.550000,68.81564331,-92.34120178,68.91292572,-90.36000061
465.600000,68.81586456,-92.34136963,68.91319275,-90.35991669
465.650000,68.81608582,-92.34153748,68.91345978,-90.35983276
465.700000,68.81630707,-92.34170532,68.91372681,-90.35974884
465.750000,68.81652832,-92.34187317,68.91399384,-90.35965729
465.800000,68.81674957,-92.34204102,68.91426086,-90.35957336
465.850000,68.81697083,-92.34220886,68.91452789,-90.35948944
465.900000,68.81719208,-92.34237671,68.91479492,-90.35940552
465.950000,68.81741333,-92.34253693,68.91506195,-90.35932159
466.000000,68.81764221,-92.34270477,68.91532135,-90.35923767
466.050000,68.81786346,-92.34287262,68.91559601,-90.35915375
466.100000,68.81808472,-92.34304047,68.91586304,-90.35906982
466.150000,68.81830597,-92.34320831,68.91612244,-90.35898590
466.200000,68.81852722,-92.34337616,68.91638947,-90.35890198
466.250000,68.81874847,-92.34354401,68.91665649,-90.35881805
466.300000,68.81896973,-92.34371185,68.91692352,-90.35873413
466.350000,68.81919098,-92.34387970,68.91719055,-90.35865021
466.400000,68.81941223,-92.34403992,68.91745758,-90.35856628
466.450000,68.81963348,-92.34420776,68.91772461,-90.35847473
466.500000,68.81985474,-92.34437561,68.91799164,-90.35839081
466.550000,68.82007599,-92.34454346,68.91825867,-90.35830688
466.600000,68.82029724,-92.34471130,68.91852570,-90.35822296
466.650000,68.82051849,-92.34487915,68.91879272,-90.35813904
466.700000,68.82073975,-92.34504700,68.91905975,-90.35805511
466.750000,68.82096100,-92.34521484,68.91932678,-90.35797119
466.800000,68.82118225,-92.34537506,68.91959381,-90.35788727
466.850000,68.82140350,-92.34554291,68.91986084,-90.35780334
466.900000,68.82162476,-92.34571075,68.92012024,-90.35771942
466.950000,68.82184601,-92.34587860,68.92038727,-90.35763550
467.000000,68.82206726,-92.34604645,68.92065430,-90.35754395
467.050000,68.82228851,-92.34621429,68.92092133,-90.35746002
467.100000,68.82250977,-92.34638214,68.92118835,-90.35737610
467.150000,68.82273102,-92.34654236,68.92145538,-90.35729218
467.200000,68.82295227,-92.34671021,68.92172241,-90.35720825
467.250000,68.82317352,-92.34687805,68.92198944,-90.35712433
467.300000,68.82339478,-92.34704590,68.92225647,-90.35704041
467.350000,68.82361603,-92.34721375,68.92252350,-90.35695648
467.400000,68.82383728,-92.34738159,68.92278290,-90.35687256
467.450000,68.82405853,-92.34754944,68.92304993,-90.35678101
467.500000,68.82427979,-92.34771729,68.92331696,-90.35669708
467.550000,68.82450104,-92.34787750,68.92358398,-90.35661316
467.600000,68.82472229,-92.34804535,68.92385101,-90.35652924
467.650000,68.82494354,-92.34821320,68.92411804,-90.35644531
467.700000,68.82516479,-92.34838104,68.92437744,-90.35636139
467.750000,68.82538605,-92.34854889,68.92464447,-90.35627747
467.800000,68.82560730,-92.34871674,68.92491150,-90.35619354
467.850000,68.82582092,-92.34887695,68.92517853,-90.35610199
467.900000,68.82604218,-92.34904480,68.92544556,-90.35601807
467.950000,68.82626343,-92.34921265,68.92571259,-90.35593414
468.000000,68.82648468,-92.34938049,68.92597198,-90.35585022
468.050000,68.82670593,-92.34954834,68.92623901,-90.35576630
468.100000,68.82692719,-92.34971619,68.92650604,-90.35568237
468.150000,68.82714844,-92.34988403,68.92677307,-90.35559845
468.200000,68.82736969,-92.35004425,68.92704010,-90.35550690
468.250000,68.82759094,-92.35021210,68.92730713,-90.35542297
468.300000,68.82781219,-92.35037994,68.92756653,-90.35533905
468.350000,68.82803345,-92.35054779,68.92783356,-90.35525513
468.400000,68.82824707,-92.35071564,68.92810059,-90.35517120
468.450000,68.82846832,-92.35088348,68.92836761,-90.35508728
468.500000,68.82868958,-92.35105133,68.92862701,-90.35499573
468.550000,68.82891083,-92.35121155,68.92889404,-90.35491180
468.600000,68.82913208,-92.35137939,68.92916107,-90.35482788
468.650000,68.82935333,-92.35154724,68.92942810,-90.35474396
468.700000,68.82957458,-92.35171509,68.92969513,-90.35466003
468.750000,68.82979584,-92.35188293,68.92995453,-90.35457611
468.800000,68.83000946,-92.35205078,68.93022156,-90.35448456
468.850000,68.83023071,-92.35221100,68.93048859,-90.35440063
468.900000,68.83045197,-92.35237885,68.93075562,-90.35431671
468.950000,68.83067322,-92.35254669,68.93102264,-90.35423279
469.000000,68.83089447,-92.35271454,68.93128204,-90.35414886
469.050000,68.83111572,-92.35288239,68.93154907,-90.35405731
469.100000,68.83132935,-92.35305023,68.93181610,-90.35397339
469.150000,68.83155060,-92.35321045,68.93207550,-90.35388947
469.200000,68.83177185,-92.35337830,68.93234253,-90.35380554
469.250000,68.83199310,-92.35354614,68.93260956,-90.35372162
469.300000,68.83221436,-92.35371399,68.93287659,-90.35363007
469.350000,68.83243561,-92.35388184,68.93313599,-90.35354614
469.400000,68.83264923,-92.35404968,68.93340302,-90.35346222
469.450000,68.83287048,-92.35420990,68.93367004,-90.35337830
469.500000,68.83309174,-92.35437775,68.93392944,-90.35329437
469.550000,68.83331299,-92.35454559,68.93419647,-90.35321045
469.600000,68.83353424,-92.35471344,68.93446350,-90.35311890
469.650000,68.83374786,-92.35488129,68.93473053,-90.35303497
469.700000,68.83396912,-92.35504913,68.93498993,-90.35295105
469.750000,68.83419037,-92.35520935,68.93525696,-90.35286713
469.800000,68.83441162,-92.35537720,68.93552399,-90.35277557
469.850000,68.83462524,-92.35554504,68.93578339,-90.35269165
469.900000,68.83484650,-92.35571289,68.93605042,-90.35260773
469.950000,68.83506775,-92.35588074,68.93631744,-90.35252380
470.000000,68.83528900,-92.35604858,68.93657684,-90.35243225
470.050000,68.83551025,-92.35620880,68.93684387,-90.35234833
470.100000,68.83572388,-92.35637665,68.93711090,-90.35226440
470.150000,68.83594513,-92.35654449,68.93737030,-90.35218048
470.200000,68.83616638,-92.35671234,68.93763733,-90.35208893
470.250000,68.83638763,-92.35688019,68.93790436,-90.35200500
470.300000,68.83660126,-92.35704803,68.93816376,-90.35192108
470.350000,68.83682251,-92.35720825,68.93843079,-90.35183716
470.400000,68.83704376,-92.35737610,68.93869781,-90.35175323
470.450000,68.83725739,-92.35754395,68.93895721,-90.35166168
470.500000,68.83747864,-92.35771179,68.93922424,-90.35157776
470.550000,68.83769989,-92.35787964,68.93948364,-90.35149384
470.600000,68.83792114,-92.35803986,68.93975067,-90.35140991
470.650000,68.83813477,-92.35820770,68.94001770,-90.35131836
470.700000,68.83835602,-92.35837555,68.94027710,-90.35123444
470.750000,68.83857727,-92.35854340,68.94054413,-90.35115051
470.800000,68.83879852,-92.35871124,68.94081116,-90.35105896
470.850000,68.83901215,-92.35887909,68.94107056,-90.35097504
470.900000,68.83923340,-92.35903931,68.94133759,-90.35089111
470.950000,68.83945465,-92.35920715,68.94159698,-90.35080719
471.000000,68.83966827,-92.35937500,68.94186401,-90.35071564
471.050000,68.83988953,-92.35954285,68.94213104,-90.35063171
471.100000,68.84011078,-92.35970306,68.94239044,-90.35054779
471.150000,68.84033203,-92.35987091,68.94265747,-90.35045624
471.200000,68.84054565,-92.36003876,68.94291687,-90.35037231
471.250000,68.84076691,-92.36020660,68.94318390,-90.35028839
471.300000,68.84098053,-92.36037445,68.94345093,-90.35020447
471.350000,68.84120178,-92.36054230,68.94371033,-90.35011292
471.400000,68.84142303,-92.36070251,68.94397736,-90.35002899
471.450000,68.84164429,-92.36087036,68.94423676,-90.34994507
471.500000,68.84185791,-92.36103821,68.94450378,-90.34986115
471.550000,68.84207916,-92.36120605,68.94476318,-90.34976959
471.600000,68.84229279,-92.36137390,68.94503021,-90.34968567
471.650000,68.84251404,-92.36153412,68.94529724,-90.34960175
471.700000,68.84273529,-92.36170197,68.94555664,-90.34951019
471.750000,68.84294891,-92.36186981,68.94582367,-90.34942627
471.800000,68.84317017,-92.36203766,68.94608307,-90.34934235
471.850000,68.84339142,-92.36220551,68.94635010,-90.34925079
471.900000,68.84360504,-92.36236572,68.94660950,-90.34916687
471.950000,68.84382629,-92.36253357,68.94687653,-90.34908295
472.000000,68.84403992,-92.36270142,68.94713593,-90.34899139
472.050000,68.84426117,-92.36286926,68.94740295,-90.34890747
472.100000,68.84448242,-92.36302948,68.94766235,-90.34882355
472.150000,68.84469604,-92.36319733,68.94792938,-90.34873962
472.200000,68.84491730,-92.36336517,68.94818878,-90.34864807
472.250000,68.84513855,-92.36353302,68.94845581,-90.34856415
472.300000,68.84535217,-92.36370087,68.94871521,-90.34847260
472.350000,68.84557343,-92.36386108,68.94898224,-90.34838867
472.400000,68.84578705,-92.36402893,68.94924164,-90.34830475
472.450000,68.84600830,-92.36419678,68.94950867,-90.34822083
472.500000,68.84622955,-92.36436462,68.94976807,-90.34812927
472.550000,68.84644318,-92.36453247,68.95003510,-90.34804535
472.600000,68.84666443,-92.36469269,68.95029449,-90.34795380
472.650000,68.84687805,-92.36486053,68.95056152,-90.34786987
472.700000,68.84709930,-92.36502838,68.95082092,-90.34778595
472.750000,68.84731293,-92.36519623,68.95108795,-90.34769440
472.800000,68.84753418,-92.36536407,68.95134735,-90.34761047
472.850000,68.84775543,-92.36552429,68.95161438,-90.34752655
472.900000,68.84796906,-92.36569214,68.95187378,-90.34743500
472.950000,68.84819031,-92.36585999,68.95213318,-90.34735107
473.000000,68.84840393,-92.36602783,68.95240021,-90.34726715
473.050000,68.84862518,-92.36619568,68.95265961,-90.34717560
473.100000,68.84883881,-92.36635590,68.95292664,-90.34709167
473.150000,68.84906006,-92.36652374,68.95318604,-90.34700012
473.200000,68.84927368,-92.36669159,68.95345306,-90.34691620
473.250000,68.84949493,-92.36685944,68.95371246,-90.34683228
473.300000,68.84970856,-92.36701965,68.95397949,-90.34674072
473.350000,68.84992981,-92.36718750,68.95423889,-90.34665680
473.400000,68.85014343,-92.36735535,68.95449829,-90.34657288
473.450000,68.85036469,-92.36752319,68.95476532,-90.34648132
473.500000,68.85057831,-92.36769104,68.95502472,-90.34639740
473.550000,68.85079956,-92.36785126,68.95529175,-90.34630585
473.600000,68.85102081,-92.36801910,68.95555115,-90.34622192
473.650000,68.85123444,-92.36818695,68.95581055,-90.34613800
473.700000,68.85144806,-92.36835480,68.95607758,-90.34604645
473.750000,68.85166931,-92.36851501,68.95633698,-90.34596252
473.800000,68.85188293,-92.36868286,68.95660400,-90.34587860
473.850000,68.85210419,-92.36885071,68.95686340,-90.34578705
473.900000,68.85231781,-92.36901855,68.95712280,-90.34570312
473.950000,68.85253906,-92.36918640,68.95738983,-90.34561157
474.000000,68.85275269,-92.36934662,68.95764923,-90.34552765
474.050000,68.85297394,-92.36951447,68.95790863,-90.34544373
474.100000,68.85318756,-92.36968231,68.95817566,-90.34535217
474.150000,68.85340881,-92.36984253,68.95843506,-90.34526825
474.200000,68.85362244,-92.37001038,68.95870209,-90.34517670
474.250000,68.85384369,-92.37017822,68.95896149,-90.34509277
474.300000,68.85405731,-92.37034607,68.95922089,-90.34500885
474.350000,68.85427094,-92.37051392,68.95948792,-90.34491730
474.400000,68.85449219,-92.37067413,68.95974731,-90.34483337
474.450000,68.85471344,-92.37084198,68.96000671,-90.34474182
474.500000,68.85492706,-92.37100983,68.96027374,-90.34465790
474.550000,68.85514069,-92.37117767,68.96053314,-90.34456635
474.600000,68.85536194,-92.37133789,68.96079254,-90.34448242
474.650000,68.85557556,-92.37150574,68.96105957,-90.34439087
474.700000,68.85579681,-92.37167358,68.96131897,-90.34430695
474.750000,68.85601044,-92.37184143,68.96157837,-90.34422302
474.800000,68.85622406,-92.37200165,68.96184540,-90.34413147
474.850000,68.85644531,-92.37216949,68.96210480,-90.34404755
474.900000,68.85665894,-92.37233734,68.96236420,-90.34395599
474.950000,68.85688019,-92.37250519,68.96262360,-90.34387207
475.000000,68.85709381,-92.37266541,68.96289062,-90.34378052
475.050000,68.85730743,-92.37283325,68.96315002,-90.34369659
475.100000,68.85752869,-92.37300110,68.96340942,-90.34360504
475.150000,68.85774231,-92.37316895,68.96367645,-90.34352112
475.200000,68.85796356,-92.37332916,68.96393585,-90.34343719
475.250000,68.85817719,-92.37349701,68.96419525,-90.34334564
475.300000,68.85839081,-92.37366486,68.96445465,-90.34326172
475.350000,68.85861206,-92.37383270,68.96472168,-90.34317017
475.400000,68.85882568,-92.37399292,68.96498108,-90.34308624
475.450000,68.85903931,-92.37416077,68.96524048,-90.34299469
475.500000,68.85926056,-92.37432861,68.96549988,-90.34291077
475.550000,68.85947418,-92.37449646,68.96576691,-90.34281921
475.600000,68.85969543,-92.37465668,68.96602631,-90.34273529
475.650000,68.85990906,-92.37482452,68.96628571,-90.34264374
475.700000,68.86012268,-92.37499237,68.96655273,-90.34255981
475.750000,68.86034393,-92.37516022,68.96681213,-90.34246826
475.800000,68.86055756,-92.37532043,68.96707153,-90.34238434
475.850000,68.86077118,-92.37548828,68.96733093,-90.34229279
475.900000,68.86099243,-92.37565613,68.96759033,-90.34220886
475.950000,68.86120605,-92.37582397,68.96785736,-90.34211731
476.000000,68.86141968,-92.37598419,68.96811676,-90.34203339
476.050000,68.86164093,-92.37615204,68.96837616,-90.34194183
476.100000,68.86185455,-92.37631989,68.96863556,-90.34185791
476.150000,68.86206818,-92.37648773,68.96890259,-90.34176636
476.200000,68.86228943,-92.37664795,68.96916199,-90.34168243
476.250000,68.86250305,-92.37681580,68.96942139,-90.34159088
476.300000,68.86271667,-92.37698364,68.96968079,-90.34150696
476.350000,68.86293793,-92.37715149,68.96994019,-90.34141541
476.400000,68.86315155,-92.37731171,68.97020721,-90.34133148
476.450000,68.86336517,-92.37747955,68.97046661,-90.34123993
476.500000,68.86357880,-92.37764740,68.97072601,-90.34115601
476.550000,68.86380005,-92.37780762,68.97098541,-90.34106445
476.600000,68.86401367,-92.37797546,68.97124481,-90.34098053
476.650000,68.86422729,-92.37814331,68.97150421,-90.34088898
476.700000,68.86444855,-92.37831116,68.97177124,-90.34080505
476.750000,68.86466217,-92.37847137,68.97203064,-90.34071350
476.800000,68.86487579,-92.37863922,68.97229004,-90.34062958
476.850000,68.86508942,-92.37880707,68.97254944,-90.34053802
476.900000,68.86531067,-92.37896729,68.97280884,-90.34045410
476.950000,68.86552429,-92.37913513,68.97306824,-90.34036255
477.000000,68.86573792,-92.37930298,68.97333527,-90.34027863
477.050000,68.86595154,-92.37947083,68.97359467,-90.34018707
477.100000,68.86617279,-92.37963104,68.97385406,-90.34010315
477.150000,68.86638641,-92.37979889,68.97411346,-90.34001160
477.200000,68.86660004,-92.37996674,68.97437286,-90.33992004
477.250000,68.86681366,-92.38013458,68.97463226,-90.33983612
477.300000,68.86703491,-92.38029480,68.97489166,-90.33974457
477.350000,68.86724854,-92.38046265,68.97515869,-90.33966064
477.400000,68.86746216,-92.38063049,68.97541809,-90.33956909
477.450000,68.86767578,-92.38079071,68.97567749,-90.33948517
477.500000,68.86789703,-92.38095856,68.97593689,-90.33939362
477.550000,68.86811066,-92.38112640,68.97619629,-90.33930969
477.600000,68.86832428,-92.38129425,68.97645569,-90.33921814
477.650000,68.86853790,-92.38145447,68.97671509,-90.33912659
477.700000,68.86875153,-92.38162231,68.97697449,-90.33904266
477.750000,68.86897278,-92.38179016,68.97723389,-90.33895111
477.800000,68.86918640,-92.38195038,68.97749329,-90.33886719
477.850000,68.86940002,-92.38211823,68.97776031,-90.33877563
477.900000,68.86961365,-92.38228607,68.97801971,-90.33869171
477.950000,68.86982727,-92.38245392,68.97827911,-90.33860016
478.000000,68.87004089,-92.38261414,68.97853851,-90.33850861
478.050000,68.87026215,-92.38278198,68.97879791,-90.33842468
478.100000,68.87047577,-92.38294983,68.97905731,-90.33833313
478.150000,68.87068939,-92.38311768,68.97931671,-90.33824921
478.200000,68.87090302,-92.38327789,68.97957611,-90.33815765
478.250000,68.87111664,-92.38344574,68.97983551,-90.33806610
478.300000,68.87133026,-92.38361359,68.98009491,-90.33798218
478.350000,68.87155151,-92.38377380,68.98035431,-90.33789062
478.400000,68.87176514,-92.38394165,68.98061371,-90.33780670
478.450000,68.87197876,-92.38410950,68.98087311,-90.33771515
478.500000,68.87219238,-92.38426971,68.98113251,-90.33763123
478.550000,68.87240601,-92.38443756,68.98139191,-90.33753967
478.600000,68.87261963,-92.38460541,68.98165131,-90.33744812
478.650000,68.87284088,-92.38477325,68.98191071,-90.33736420
478.700000,68.87305450,-92.38493347,68.98217010,-90.33727264
478.750000,68.87326813,-92.38510132,68.98242950,-90.33718109
478.800000,68.87348175,-92.38526917,68.98268890,-90.33709717
478.850000,68.87369537,-92.38542938,68.98294830,-90.33700562
478.900000,68.87390900,-92.38559723,68.98320770,-90.33692169
478.950000,68.87412262,-92.38576508,68.98346710,-90.33683014
479.000000,68.87433624,-92.38592529,68.98372650,-90.33673859
479.050000,68.87454987,-92.38609314,68.98398590,-90.33665466
479.100000,68.87477112,-92.38626099,68.98424530,-90.33656311
479.150000,68.87498474,-92.38642120,68.98450470,-90.33647919
479.200000,68.87519836,-92.38658905,68.98476410,-90.33638763
479.250000,68.87541199,-92.38675690,68.98502350,-90.33629608
479.300000,68.87562561,-92.38692474,68.98528290,-90.33621216
479.350000,68.87583923,-92.38708496,68.98554230,-90.33612061
479.400000,68.87605286,-92.38725281,68.98580170,-90.33602905
479.450000,68.87626648,-92.38742065,68.98606110,-90.33594513
479.500000,68.87648010,-92.38758087,68.98632050,-90.33585358
479.550000,68.87669373,-92.38774872,68.98657990,-90.33576202
479.600000,68.87690735,-92.38791656,68.98683929,-90.33567810
479.650000,68.87712097,-92.38807678,68.98709869,-90.33558655
479.700000,68.87734222,-92.38824463,68.98735809,-90.33549500
479.750000,68.87755585,-92.38841248,68.98761749,-90.33541107
479.800000,68.87776947,-92.38857269,68.98787689,-90.33531952
479.850000,68.87798309,-92.38874054,68.98813629,-90.33522797
479.900000,68.87819672,-92.38890839,68.98839569,-90.33514404
479.950000,68.87841034,-92.38906860,68.98865509,-90.33505249
480.000000,68.87862396,-92.38923645,68.98891449,-90.33496094
480.050000,68.87883759,-92.38940430,68.98917389,-90.33487701
480.100000,68.87905121,-92.38957214,68.98942566,-90.33478546
480.150000,68.87926483,-92.38973236,68.98968506,-90.33469391
480.200000,68.87947845,-92.38990021,68.98994446,-90.33460999
480.250000,68.87969208,-92.39006805,68.99020386,-90.33451843
480.300000,68.87990570,-92.39022827,68.99046326,-90.33442688
480.350000,68.88011932,-92.39039612,68.99072266,-90.33434296
480.400000,68.88033295,-92.39056396,68.99098206,-90.33425140
480.450000,68.88054657,-92.39072418,68.99124146,-90.33415985
480.500000,68.88076019,-92.39089203,68.99150085,-90.33407593
480.550000,68.88097382,-92.39105988,68.99176025,-90.33398438
480.600000,68.88118744,-92.39122009,68.99201202,-90.33389282
480.650000,68.88140106,-92.39138794,68.99227142,-90.33380890
480.700000,68.88161469,-92.39155579,68.99253082,-90.33371735
480.750000,68.88182831,-92.39171600,68.99279022,-90.33362579
480.800000,68.88204193,-92.39188385,68.99304962,-90.33353424
480.850000,68.88225555,-92.39205170,68.99330902,-90.33345032
480.900000,68.88246918,-92.39221191,68.99356842,-90.33335876
480.950000,68.88268280,-92.39237976,68.99382019,-90.33326721
481.000000,68.88289642,-92.39254761,68.99407959,-90.33318329
481.050000,68.88311005,-92.39270782,68.99433899,-90.33309174
481.100000,68.88332367,-92.39287567,68.99459839,-90.33300018
481.150000,68.88353729,-92.39304352,68.99485779,-90.33290863
481.200000,68.88375092,-92.39320374,68.99511719,-90.33282471
481.250000,68.88396454,-92.39337158,68.99537659,-90.33273315
481.300000,68.88417053,-92.39353943,68.99562836,-90.33264160
481.350000,68.88438416,-92.39369965,68.99588776,-90.33255768
481.400000,68.88459778,-92.39386749,68.99614716,-90.33246613
481.450000,68.88481140,-92.39403534,68.99640656,-90.33237457
481.500000,68.88502502,-92.39419556,68.99666595,-90.33228302
481.550000,68.88523865,-92.39436340,68.99691772,-90.33219910
481.600000,68.88545227,-92.39453125,68.99717712,-90.33210754
481.650000,68.88566589,-92.39469147,68.99743652,-90.33201599
481.700000,68.88587952,-92.39485931,68.99769592,-90.33192444
481.750000,68.88609314,-92.39502716,68.99795532,-90.33184052
481.800000,68.88630676,-92.39518738,68.99820709,-90.33174896
481.850000,68.88652039,-92.39535522,68.99846649,-90.33165741
481.900000,68.88673401,-92.39552307,68.99872589,-90.33156586
481.950000,68.88694000,-92.39568329,68.99898529,-90.33148193
482.000000,68.88715363,-92.39585114,68.99924469,-90.33139038
482.050000,68.88736725,-92.39601898,68.99949646,-90.33129883
482.100000,68.88758087,-92.39617920,68.99975586,-90.33120728
482.150000,68.88779449,-92.39634705,69.00001526,-90.33112335
482.200000,68.88800812,-92.39651489,69.00027466,-90.33103180
482.250000,68.88822174,-92.39667511,69.00053406,-90.33094025
482.300000,68.88843536,-92.39684296,69.00078583,-90.33084869
482.350000,68.88864899,-92.39701080,69.00104523,-90.33076477
482.400000,68.88885498,-92.39717102,69.00130463,-90.33067322
482.450000,68.88906860,-92.39733887,69.00155640,-90.33058167
482.500000,68.88928223,-92.39750671,69.00181580,-90.33049011
482.550000,68.88949585,-92.39766693,69.00207520,-90.33039856
482.600000,68.88970947,-92.39783478,69.00233459,-90.33031464
482.650000,68.88992310,-92.39800262,69.00258636,-90.33022308
482.700000,68.89012909,-92.39816284,69.00284576,-90.33013153
482.750000,68.89034271,-92.39833069,69.00310516,-90.33003998
482.800000,68.89055634,-92.39849091,69.00336456,-90.32995605
482.850000,68.89076996,-92.39865875,69.00361633,-90.32986450
482.900000,68.89098358,-92.39882660,69.00387573,-90.32977295
482.950000,68.89119720,-92.39898682,69.00413513,-90.32968140
483.000000,68.89140320,-92.39915466,69.00438690,-90.32958984
483.050000,68.89161682,-92.39932251,69.00464630,-90.32950592
483.100000,68.89183044,-92.39948273,69.00490570,-90.32941437
483.150000,68.89204407,-92.39965057,69.00516510,-90.32932281
483.200000,68.89225769,-92.39981842,69.00541687,-90.32923126
483.250000,68.89246368,-92.39997864,69.00567627,-90.32913971
483.300000,68.89267731,-92.40014648,69.00593567,-90.32904816
483.350000,68.89289093,-92.40031433,69.00618744,-90.32896423
483.400000,68.89310455,-92.40047455,69.00644684,-90.32887268
483.450000,68.89331818,-92.40064240,69.00670624,-90.32878113
483.500000,68.89352417,-92.40080261,69.00695801,-90.32868958
483.550000,68.89373779,-92.40097046,69.00721741,-90.32859802
483.600000,68.89395142,-92.40113831,69.00747681,-90.32851410
483.650000,68.89416504,-92.40129852,69.00772858,-90.32842255
483.700000,68.89437866,-92.40146637,69.00798798,-90.32833099
483.750000,68.89458466,-92.40163422,69.00824738,-90.32823944
483.800000,68.89479828,-92.40179443,69.00849915,-90.32814789
483.850000,68.89501190,-92.40196228,69.00875854,-90.32805634
483.900000,68.89522552,-92.40212250,69.00901794,-90.32797241
483.950000,68.89543152,-92.40229034,69.00926971,-90.32788086
484.000000,68.89564514,-92.40245819,69.00952911,-90.32778931
484.050000,68.89585876,-92.40261841,69.00978088,-90.32769775
484.100000,68.89607239,-92.40278625,69.01004028,-90.32760620
484.150000,68.89627838,-92.40295410,69.01029968,-90.32751465
484.200000,68.89649200,-92.40311432,69.01055145,-90.32742310
484.250000,68.89670563,-92.40328217,69.01081085,-90.32733917
484.300000,68.89691162,-92.40344238,69.01106262,-90.32724762
484.350000,68.89712524,-92.40361023,69.01132202,-90.32715607
484.400000,68.89733887,-92.40377808,69.01158142,-90.32706451
484.450000,68.89755249,-92.40393829,69.01183319,-90.32697296
484.500000,68.89775848,-92.40410614,69.01209259,-90.32688141
484.550000,68.89797211,-92.40427399,69.01234436,-90.32678986
484.600000,68.89818573,-92.40443420,69.01260376,-90.32670593
484.650000,68.89839172,-92.40460205,69.01286316,-90.32661438
484.700000,68.89860535,-92.40476227,69.01311493,-90.32652283
484.750000,68.89881897,-92.40493011,69.01337433,-90.32643127
484.800000,68.89903259,-92.40509796,69.01362610,-90.32633972
484.850000,68.89923859,-92.40525818,69.01388550,-90.32624817
484.900000,68.89945221,-92.40542603,69.01413727,-90.32615662
484.950000,68.89966583,-92.40558624,69.01439667,-90.32606506
485.000000,68.89987183,-92.40575409,69.01465607,-90.32597351
485.050000,68.90008545,-92.40592194,69.01490784,-90.32588959
485.100000,68.90029907,-92.40608215,69.01516724,-90.32579803
485.150000,68.90050507,-92.40625000,69.01541901,-90.32570648
485.200000,68.90071869,-92.40641785,69.01567841,-90.32561493
485.250000,68.90093231,-92.40657806,69.01593018,-90.32552338
485.300000,68.90113831,-92.40674591,69.01618958,-90.32543182
485.350000,68.90135193,-92.40690613,69.01644135,-90.32534027
485.400000,68.90156555,-92.40707397,69.01670074,-90.32524872
485.450000,68.90177155,-92.40724182,69.01695251,-90.32515717
485.500000,68.90198517,-92.40740204,69.01721191,-90.32506561
485.550000,68.90219879,-92.40756989,69.01746368,-90.32498169
485.600000,68.90240479,-92.40773010,69.01772308,-90.32489014
485.650000,68.90261841,-92.40789795,69.01798248,-90.32479858
485.700000,68.90282440,-92.40806580,69.01823425,-90.32470703
485.750000,68.90303802,-92.40822601,69.01848602,-90.32461548
485.800000,68.90325165,-92.40839386,69.01874542,-90.32452393
485.850000,68.90345764,-92.40856171,69.01899719,-90.32443237
485.900000,68.90367126,-92.40872192,69.01925659,-90.32434082
485.950000,68.90387726,-92.40888977,69.01950836,-90.32424927
486.000000,68.90409088,-92.40904999,69.01976776,-90.32415771
486.050000,68.90430450,-92.40921783,69.02001953,-90.32406616
486.100000,68.90451050,-92.40938568,69.02027893,-90.32397461
486.150000,68.90472412,-92.40954590,69.02053070,-90.32388306
486.200000,68.90493011,-92.40971375,69.02079010,-90.32379150
486.250000,68.90514374,-92.40987396,69.02104187,-90.32369995
486.300000,68.90535736,-92.41004181,69.02130127,-90.32360840
486.350000,68.90556335,-92.41020966,69.02155304,-90.32352448
486.400000,68.90577698,-92.41036987,69.02181244,-90.32343292
486.450000,68.90598297,-92.41053772,69.02206421,-90.32334137
486.500000,68.90619659,-92.41069794,69.02232361,-90.32324982
486.550000,68.90641022,-92.41086578,69.02257538,-90.32315826
486.600000,68.90661621,-92.41102600,69.02283478,-90.32306671
486.650000,68.90682983,-92.41119385,69.02308655,-90.32297516
486.700000,68.90703583,-92.41136169,69.02333832,-90.32288361
486.750000,68.90724945,-92.41152191,69.02359772,-90.32279205
486.800000,68.90745544,-92.41168976,69.02384949,-90.32270050
486.850000,68.90766907,-92.41184998,69.02410889,-90.32260895
486.900000,68.90787506,-92.41201782,69.02436066,-90.32251740
486.950000,68.90808868,-92.41218567,69.02462006,-90.32242584
487.000000,68.90829468,-92.41234589,69.02487183,-90.32233429
487.050000,68.90850830,-92.41251373,69.02512360,-90.32224274
487.100000,68.90871429,-92.41267395,69.02538300,-90.32215118
487.150000,68.90892792,-92.41284180,69.02563477,-90.32205963
487.200000,68.90913391,-92.41300201,69.02589417,-90.32196808
487.250000,68.90934753,-92.41316986,69.02614594,-90.32187653
487.300000,68.90955353,-92.41333771,69.02639771,-90.32178497
487.350000,68.90976715,-92.41349792,69.02665710,-90.32169342
487.400000,68.90998077,-92.41366577,69.02690887,-90.32160187
487.450000,68.91018677,-92.41382599,69.02716064,-90.32151031
487.500000,68.91040039,-92.41399384,69.02742004,-90.32141876
487.550000,68.91060638,-92.41416168,69.02767181,-90.32132721
487.600000,68.91081238,-92.41432190,69.02793121,-90.32123566
487.650000,68.91102600,-92.41448975,69.02818298,-90.32114410
487.700000,68.91123199,-92.41464996,69.02843475,-90.32105255
487.750000,68.91144562,-92.41481781,69.02869415,-90.32096100
487.800000,68.91165161,-92.41497803,69.02894592,-90.32086945
487.850000,68.91186523,-92.41514587,69.02919769,-90.32077789
487.900000,68.91207123,-92.41531372,69.02945709,-90.32068634
487.950000,68.91228485,-92.41547394,69.02970886,-90.32059479
488.000000,68.91249084,-92.41564178,69.02996063,-90.32050323
488.050000,68.91270447,-92.41580200,69.03022003,-90.32041168
488.100000,68.91291046,-92.41596985,69.03047180,-90.32032013
488.150000,68.91312408,-92.41613770,69.03072357,-90.32022858
488.200000,68.91333008,-92.41629791,69.03098297,-90.32013702
488.250000,68.91354370,-92.41646576,69.03123474,-90.32004547
488.300000,68.91374969,-92.41662598,69.03148651,-90.31995392
488.350000,68.91395569,-92.41679382,69.03174591,-90.31986237
488.400000,68.91416931,-92.41695404,69.03199768,-90.31977081
488.450000,68.91437531,-92.41712189,69.03224945,-90.31967926
488.500000,68.91458893,-92.41728210,69.03250885,-90.31958008
488.550000,68.91479492,-92.41744995,69.03276062,-90.31948853
488.600000,68.91500854,-92.41761780,69.03301239,-90.31939697
488.650000,68.91521454,-92.41777802,69.03326416,-90.31930542
488.700000,68.91542053,-92.41794586,69.03352356,-90.31921387
488.750000,68.91563416,-92.41810608,69.03377533,-90.31912231
488.800000,68.91584015,-92.41827393,69.03402710,-90.31903076
488.850000,68.91605377,-92.41843414,69.03428650,-90.31893921
488.900000,68.91625977,-92.41860199,69.03453827,-90.31884766
488.950000,68.91646576,-92.41876221,69.03479004,-90.31875610
489.000000,68.91667938,-92.41893005,69.03504181,-90.31866455
489.050000,68.91688538,-92.41909790,69.03530121,-90.31857300
489.100000,68.91709137,-92.41925812,69.03555298,-90.31848145
489.150000,68.91730499,-92.41942596,69.03580475,-90.31838989
489.200000,68.91751099,-92.41958618,69.03605652,-90.31829834
489.250000,68.91772461,-92.41975403,69.03631592,-90.31819916
489.300000,68.91793060,-92.41991425,69.03656769,-90.31810760
489.350000,68.91813660,-92.42008209,69.03681946,-90.31801605
489.400000,68.91835022,-92.42024994,69.03707123,-90.31792450
489.450000,68.91855621,-92.42041016,69.03733063,-90.31783295
489.500000,68.91876221,-92.42057800,69.03758240,-90.31774139
489.550000,68.91897583,-92.42073822,69.03783417,-90.31764984
489.600000,68.91918182,-92.42090607,69.03808594,-90.31755829
489.650000,68.91938782,-92.42106628,69.03834534,-90.31746674
489.700000,68.91960144,-92.42123413,69.03859711,-90.31737518
489.750000,68.91980743,-92.42139435,69.03884888,-90.31727600
489.800000,68.92001343,-92.42156219,69.03910065,-90.31718445
489.850000,68.92022705,-92.42172241,69.03935242,-90.31709290
489.900000,68.92043304,-92.42189026,69.03961182,-90.31700134
489.950000,68.92063904,-92.42205811,69.03986359,-90.31690979
490.000000,68.92085266,-92.42221832,69.04011536,-90.31681824
490.050000,68.92105865,-92.42238617,69.04036713,-90.31672668
490.100000,68.92126465,-92.42254639,69.04061890,-90.31663513
490.150000,68.92147827,-92.42271423,69.04087830,-90.31654358
490.200000,68.92168427,-92.42287445,69.04113007,-90.31645203
490.250000,68.92189026,-92.42304230,69.04138184,-90.31635284
490.300000,68.92210388,-92.42320251,69.04163361,-90.31626129
490.350000,68.92230988,-92.42337036,69.04188538,-90.31616974
490.400000,68.92251587,-92.42353058,69.04213715,-90.31607819
490.450000,68.92272186,-92.42369843,69.04239655,-90.31598663
490.500000,68.92293549,-92.42385864,69.04264832,-90.31589508
490.550000,68.92314148,-92.42402649,69.04290009,-90.31580353
490.600000,68.92334747,-92.42418671,69.04315186,-90.31570435
490.650000,68.92356110,-92.42435455,69.04340363,-90.31561279
490.700000,68.92376709,-92.42452240,69.04365540,-90.31552124
490.750000,68.92397308,-92.42468262,69.04390717,-90.31542969
490.800000,68.92417908,-92.42485046,69.04416656,-90.31533813
490.850000,68.92439270,-92.42501068,69.04441833,-90.31524658
490.900000,68.92459869,-92.42517853,69.04467010,-90.31514740
490.950000,68.92480469,-92.42533875,69.04492187,-90.31505585
491.000000,68.92501068,-92.42550659,69.04517365,-90.31496429
491.050000,68.92522430,-92.42566681,69.04542542,-90.31487274
491.100000,68.92543030,-92.42583466,69.04567719,-90.31478119
491.150000,68.92563629,-92.42599487,69.04592896,-90.31468964
491.200000,68.92584229,-92.42616272,69.04618073,-90.31459045
491.250000,68.92605591,-92.42632294,69.04644012,-90.31449890
491.300000,68.92626190,-92.42649078,69.04669189,-90.31440735
491.350000,68.92646790,-92.42665100,69.04694366,-90.31431580
491.400000,68.92667389,-92.42681885,69.04719543,-90.31422424
491.450000,68.92687988,-92.42698669,69.04744720,-90.31413269
491.500000,68.92709351,-92.42714691,69.04769897,-90.31403351
491.550000,68.92729950,-92.42730713,69.04795074,-90.31394196
491.600000,68.92750549,-92.42747498,69.04820251,-90.31385040
491.650000,68.92771149,-92.42764282,69.04845428,-90.31375885
491.700000,68.92791748,-92.42780304,69.04870605,-90.31366730
491.750000,68.92813110,-92.42797089,69.04896545,-90.31356812
491.800000,68.92833710,-92.42813110,69.04921722,-90.31347656
491.850000,68.92854309,-92.42829895,69.04946899,-90.31338501
491.900000,68.92874908,-92.42845917,69.04972076,-90.31329346
491.950000,68.92895508,-92.42862701,69.04997253,-90.31320190
492.000000,68.92916870,-92.42878723,69.05022430,-90.31310272
492.050000,68.92937469,-92.42895508,69.05047607,-90.31301117
492.100000,68.92958069,-92.42911530,69.05072784,-90.31291962
492.150000,68.92978668,-92.42928314,69.05097961,-90.31282806
492.200000,68.92999268,-92.42944336,69.05123138,-90.31273651
492.250000,68.93019867,-92.42961121,69.05148315,-90.31263733
492.300000,68.93041229,-92.42977142,69.05173492,-90.31254578
492.350000,68.93061829,-92.42993927,69.05198669,-90.31245422
492.400000,68.93082428,-92.43009949,69.05223846,-90.31236267
492.450000,68.93103027,-92.43026733,69.05249023,-90.31226349
492.500000,68.93123627,-92.43042755,69.05274200,-90.31217194
492.550000,68.93144226,-92.43059540,69.05299377,-90.31208038
492.600000,68.93164825,-92.43075562,69.05324554,-90.31198883
492.650000,68.93185425,-92.43092346,69.05349731,-90.31188965
492.700000,68.93206787,-92.43108368,69.05374908,-90.31179810
492.750000,68.93227386,-92.43125153,69.05400085,-90.31170654
492.800000,68.93247986,-92.43141174,69.05425262,-90.31161499
492.850000,68.93268585,-92.43157959,69.05450439,-90.31151581
492.900000,68.93289185,-92.43173981,69.05475616,-90.31142426
492.950000,68.93309784,-92.43190765,69.05500793,-90.31133270
493.000000,68.93330383,-92.43206787,69.05525970,-90.31124115
493.050000,68.93350983,-92.43223572,69.05551147,-90.31114960
493.100000,68.93372345,-92.43239594,69.05576324,-90.31105042
493.150000,68.93392944,-92.43256378,69.05601501,-90.31095886
493.200000,68.93413544,-92.43272400,69.05626678,-90.31086731
493.250000,68.93434143,-92.43289185,69.05651855,-90.31076813
493.300000,68.93454742,-92.43305206,69.05677032,-90.31067657
493.350000,68.93475342,-92.43321991,69.05702209,-90.31058502
493.400000,68.93495941,-92.43338013,69.05727386,-90.31049347
493.450000,68.93516541,-92.43354797,69.05752563,-90.31039429
493.500000,68.93537140,-92.43370819,69.05777740,-90.31030273
493.550000,68.93557739,-92.43387604,69.05802917,-90.31021118
493.600000,68.93578339,-92.43403625,69.05827332,-90.31011200
493.650000,68.93598938,-92.43420410,69.05852509,-90.31002045
493.700000,68.93620300,-92.43436432,69.05877686,-90.30992889
493.750000,68.93640900,-92.43453217,69.05902863,-90.30982971
493.800000,68.93661499,-92.43469238,69.05928040,-90.30973816
493.850000,68.93682098,-92.43486023,69.05953217,-90.30964661
493.900000,68.93702698,-92.43502045,69.05978394,-90.30955505
493.950000,68.93723297,-92.43518829,69.06003571,-90.30945587
494.000000,68.93743896,-92.43534851,69.06028748,-90.30936432
494.050000,68.93764496,-92.43551636,69.06053925,-90.30927277
494.100000,68.93785095,-92.43567657,69.06079102,-90.30917358
494.150000,68.93805695,-92.43583679,69.06104279,-90.30908203
494.200000,68.93826294,-92.43600464,69.06128693,-90.30899048
494.250000,68.93846893,-92.43616486,69.06153870,-90.30889893
494.300000,68.93867493,-92.43633270,69.06179047,-90.30879974
494.350000,68.93888092,-92.43649292,69.06204224,-90.30870819
494.400000,68.93908691,-92.43666077,69.06229401,-90.30861664
494.450000,68.93929291,-92.43682098,69.06254578,-90.30851746
494.500000,68.93949890,-92.43698883,69.06279755,-90.30842590
494.550000,68.93970490,-92.43714905,69.06304169,-90.30833435
494.600000,68.93991089,-92.43731689,69.06329346,-90.30823517
494.650000,68.94011688,-92.43747711,69.06354523,-90.30814362
494.700000,68.94032288,-92.43764496,69.06379700,-90.30805206
494.750000,68.94052887,-92.43780518,69.06404877,-90.30795288
494.800000,68.94073486,-92.43797302,69.06430054,-90.30786133
494.850000,68.94094086,-92.43813324,69.06455231,-90.30776215
494.900000,68.94114685,-92.43830109,69.06480408,-90.30767059
494.950000,68.94135284,-92.43846130,69.06504822,-90.30757904
495.000000,68.94155884,-92.43862152,69.06529999,-90.30747986
495.050000,68.94176483,-92.43878937,69.06555176,-90.30738831
495.100000,68.94197083,-92.43894958,69.06580353,-90.30729675
495.150000,68.94217682,-92.43911743,69.06605530,-90.30719757
495.200000,68.94238281,-92.43927765,69.06630707,-90.30710602
495.250000,68.94258881,-92.43944550,69.06655121,-90.30701447
495.300000,68.94279480,-92.43960571,69.06680298,-90.30691528
495.350000,68.94299316,-92.43977356,69.06705475,-90.30682373
495.400000,68.94319916,-92.43993378,69.06730652,-90.30673218
495.450000,68.94340515,-92.44010162,69.06755066,-90.30663300
495.500000,68.94361115,-92.44026184,69.06780243,-90.30654144
495.550000,68.94381714,-92.44042969,69.06805420,-90.30644989
495.600000,68.94402313,-92.44058990,69.06830597,-90.30635071
495.650000,68.94422913,-92.44075775,69.06855774,-90.30625916
495.700000,68.94443512,-92.44091797,69.06880188,-90.30615997
495.750000,68.94464111,-92.44107819,69.06905365,-90.30606842
495.800000,68.94484711,-92.44124603,69.06930542,-90.30597687
495.850000,68.94505310,-92.44140625,69.06955719,-90.30587769
495.900000,68.94525909,-92.44157410,69.06980896,-90.30578613
495.950000,68.94545746,-92.44173431,69.07005310,-90.30568695
496.000000,68.94566345,-92.44190216,69.07030487,-90.30559540
496.050000,68.94586945,-92.44206238,69.07055664,-90.30550385
496.100000,68.94607544,-92.44223022,69.07080841,-90.30540466
496.150000,68.94628143,-92.44239044,69.07105255,-90.30531311
496.200000,68.94648743,-92.44255829,69.07130432,-90.30521393
496.250000,68.94669342,-92.44271851,69.07155609,-90.30512238
496.300000,68.94689941,-92.44288635,69.07180786,-90.30503082
496.350000,68.94710541,-92.44304657,69.07205200,-90.30493164
496.400000,68.94730377,-92.44320679,69.07230377,-90.30484009
496.450000,68.94750977,-92.44337463,69.07255554,-90.30474091
496.500000,68.94771576,-92.44353485,69.07279968,-90.30464935
496.550000,68.94792175,-92.44370270,69.07305145,-90.30455780
496.600000,68.94812775,-92.44386292,69.07330322,-90.30445862
496.650000,68.94833374,-92.44403076,69.07355499,-90.30436707
496.700000,68.94853210,-92.44419098,69.07379913,-90.30426788
496.750000,68.94873810,-92.44435120,69.07405090,-90.30417633
496.800000,68.94894409,-92.44451904,69.07430267,-90.30407715
496.850000,68.94915009,-92.44467926,69.07455444,-90.30398560
496.900000,68.94935608,-92.44484711,69.07479858,-90.30388641
496.950000,68.94956207,-92.44500732,69.07505035,-90.30379486
497.000000,68.94976044,-92.44517517,69.07530212,-90.30370331
497.050000,68.94996643,-92.44533539,69.07554626,-90.30360413
497.100000,68.95017242,-92.44550323,69.07579803,-90.30351257
497.150000,68.95037842,-92.44566345,69.07604980,-90.30341339
497.200000,68.95058441,-92.44582367,69.07629395,-90.30332184
497.250000,68.95079041,-92.44599152,69.07654572,-90.30322266
497.300000,68.95098877,-92.44615173,69.07679749,-90.30313110
497.350000,68.95119476,-92.44631958,69.07704163,-90.30303192
497.400000,68.95140076,-92.44647980,69.07729340,-90.30294037
497.450000,68.95160675,-92.44664764,69.07754517,-90.30284119
497.500000,68.95181274,-92.44680786,69.07778931,-90.30274963
497.550000,68.95201111,-92.44696808,69.07804108,-90.30265808
497.600000,68.95221710,-92.44713593,69.07829285,-90.30255890
497.650000,68.95242310,-92.44729614,69.07853699,-90.30246735
497.700000,68.95262909,-92.44746399,69.07878876,-90.30236816
497.750000,68.95282745,-92.44762421,69.07904053,-90.30227661
497.800000,68.95303345,-92.44779205,69.07928467,-90.30217743
497.850000,68.95323944,-92.44795227,69.07953644,-90.30208588
497.900000,68.95344543,-92.44811249,69.07978821,-90.30198669
497.950000,68.95365143,-92.44828033,69.08003235,-90.30189514
498.000000,68.95384979,-92.44844055,69.08028412,-90.30179596
498.050000,68.95405579,-92.44860840,69.08052826,-90.30170441
498.100000,68.95426178,-92.44876862,69.08078003,-90.30160522
498.150000,68.95446777,-92.44893646,69.08103180,-90.30151367
498.200000,68.95466614,-92.44909668,69.08127594,-90.30141449
498.250000,68.95487213,-92.44925690,69.08152771,-90.30132294
498.300000,68.95507812,-92.44942474,69.08177185,-90.30122375
498.350000,68.95527649,-92.44958496,69.08202362,-90.30113220
498.400000,68.95548248,-92.44975281,69.08226776,-90.30103302
498.450000,68.95568848,-92.44991302,69.08251953,-90.30094147
498.500000,68.95589447,-92.45008087,69.08277130,-90.30084229
498.550000,68.95609283,-92.45024109,69.08301544,-90.30075073
498.600000,68.95629883,-92.45040131,69.08326721,-90.30065155
498.650000,68.95650482,-92.45056915,69.08351135,-90.30056000
498.700000,68.95670319,-92.45072937,69.08376312,-90.30046082
498.750000,68.95690918,-92.45089722,69.08401489,-90.30036926
498.800000,68.95711517,-92.45105743,69.08425903,-90.30027008
498.850000,68.95732117,-92.45121765,69.08451080,-90.30017853
498.900000,68.95751953,-92.45138550,69.08475494,-90.30007935
498.950000,68.95772552,-92.45154572,69.08500671,-90.29998016
499.000000,68.95793152,-92.45171356,69.08525085,-90.29988861
499.050000,68.95812988,-92.45187378,69.08550262,-90.29978943
499.100000,68.95833588,-92.45204163,69.08574677,-90.29969788
499.150000,68.95854187,-92.45220184,69.08599854,-90.29959869
499.200000,68.95874023,-92.45236206,69.08625031,-90.29950714
499.250000,68.95894623,-92.45252991,69.08649445,-90.29940796
499.300000,68.95915222,-92.45269012,69.08674622,-90.29931641
499.350000,68.95935059,-92.45285797,69.08699036,-90.29921722
499.400000,68.95955658,-92.45301819,69.08724213,-90.29912567
499.450000,68.95976257,-92.45317841,69.08748627,-90.29902649
499.500000,68.95996094,-92.45334625,69.08773804,-90.29892731
499.550000,68.96016693,-92.45350647,69.08798218,-90.29883575
499.600000,68.96037292,-92.45367432,69.08823395,-90.29873657
499.650000,68.96057129,-92.45383453,69.08847809,-90.29864502
499.700000,68.96077728,-92.45399475,69.08872986,-90.29854584
499.750000,68.96097565,-92.45416260,69.08897400,-90.29845428
499.800000,68.96118164,-92.45432281,69.08922577,-90.29835510
499.850000,68.96138763,-92.45449066,69.08946991,-90.29825592
499.900000,68.96158600,-92.45465088,69.08972168,-90.29816437
499.950000,68.96179199,-92.45481110,69.08996582,-90.29806519
500.000000,68.96199799,-92.45497894,69.09021759,-90.29797363
500.050000,68.96219635,-92.45513916,69.09046173,-90.29787445
500.100000,68.96240234,-92.45529938,69.09071350,-90.29778290
500.150000,68.96260071,-92.45546722,69.09095764,-90.29768372
500.200000,68.96280670,-92.45562744,69.09120178,-90.29758453
500.250000,68.96301270,-92.45579529,69.09145355,-90.29749298
500.300000,68.96321106,-92.45595551,69.09169769,-90.29739380
500.350000,68.96341705,-92.45611572,69.09194946,-90.29730225
500.400000,68.96361542,-92.45628357,69.09219360,-90.29720306
500.450000,68.96382141,-92.45644379,69.09244537,-90.29710388
500.500000,68.96401978,-92.45661163,69.09268951,-90.29701233
500.550000,68.96422577,-92.45677185,69.09294128,-90.29691315
500.600000,68.96443176,-92.45693207,69.09318542,-90.29681396
500.650000,68.96463013,-92.45709991,69.09343719,-90.29672241
500.700000,68.96483612,-92.45726013,69.09368134,-90.29662323
500.750000,68.96503448,-92.45742798,69.09392548,-90.29653168
500.800000,68.96524048,-92.45758820,69.09417725,-90.29643250
500.850000,68.96544647,-92.45774841,69.09442139,-90.29633331
500.900000,68.96564484,-92.45791626,69.09467316,-90.29624176
500.950000,68.96585083,-92.45807648,69.09491730,-90.29614258
501.000000,68.96604919,-92.45824432,69.09516144,-90.29605103
501.050000,68.96625519,-92.45840454,69.09541321,-90.29595184
501.100000,68.96645355,-92.45856476,69.09565735,-90.29585266
501.150000,68.96665955,-92.45873260,69.09590912,-90.29576111
501.200000,68.96685791,-92.45889282,69.09615326,-90.29566193
501.250000,68.96706390,-92.45905304,69.09639740,-90.29556274
501.300000,68.96726227,-92.45922089,69.09664917,-90.29547119
501.350000,68.96746826,-92.45938110,69.09689331,-90.29537201
501.400000,68.96766663,-92.45954895,69.09714508,-90.29527283
501.450000,68.96787262,-92.45970917,69.09738922,-90.29518127
501.500000,68.96807098,-92.45986938,69.09763336,-90.29508209
501.550000,68.96827698,-92.46003723,69.09788513,-90.29498291
501.600000,68.96847534,-92.46019745,69.09812927,-90.29489136
501.650000,68.96868134,-92.46035767,69.09837341,-90.29479218
501.700000,68.96887970,-92.46052551,69.09862518,-90.29469299
501.750000,68.96908569,-92.46068573,69.09886932,-90.29460144
501.800000,68.96928406,-92.46085358,69.09911346,-90.29450226
501.850000,68.96949005,-92.46101379,69.09936523,-90.29440308
501.900000,68.96968842,-92.46117401,69.09960938,-90.29431152
501.950000,68.96989441,-92.46134186,69.09986115,-90.29421234
502.000000,68.97009277,-92.46150208,69.10010529,-90.29411316
502.050000,68.97029877,-92.46166229,69.10034943,-90.29402161
502.100000,68.97049713,-92.46183014,69.10060120,-90.29392242
502.150000,68.97070312,-92.46199036,69.10084534,-90.29382324
502.200000,68.97090149,-92.46215820,69.10108948,-90.29373169
502.250000,68.97110748,-92.46231842,69.10134125,-90.29363251
502.300000,68.97130585,-92.46247864,69.10158539,-90.29353333
502.350000,68.97151184,-92.46264648,69.10182953,-90.29344177
502.400000,68.97171021,-92.46280670,69.10207367,-90.29334259
502.450000,68.97190857,-92.46296692,69.10232544,-90.29324341
502.500000,68.97211456,-92.46313477,69.10256958,-90.29315186
502.550000,68.97231293,-92.46329498,69.10281372,-90.29305267
502.600000,68.97251892,-92.46345520,69.10306549,-90.29295349
502.650000,68.97271729,-92.46362305,69.10330963,-90.29285431
502.700000,68.97292328,-92.46378326,69.10355377,-90.29276276
502.750000,68.97312164,-92.46395111,69.10379791,-90.29266357
502.800000,68.97332001,-92.46411133,69.10404968,-90.29256439
502.850000,68.97352600,-92.46427155,69.10429382,-90.29247284
502.900000,68.97372437,-92.46443939,69.10453796,-90.29237366
502.950000,68.97393036,-92.46459961,69.10478973,-90.29227448
503.000000,68.97412872,-92.46475983,69.10503387,-90.29217529
503.050000,68.97432709,-92.46492767,69.10527802,-90.29208374
503.100000,68.97453308,-92.46508789,69.10552216,-90.29198456
503.150000,68.97473145,-92.46524811,69.10577393,-90.29188538
503.200000,68.97493744,-92.46541595,69.10601807,-90.29178619
503.250000,68.97513580,-92.46557617,69.10626221,-90.29169464
503.300000,68.97533417,-92.46573639,69.10650635,-90.29159546
503.350000,68.97554016,-92.46590424,69.10675812,-90.29149628
503.400000,68.97573853,-92.46606445,69.10700226,-90.29140472
503.450000,68.97594452,-92.46622467,69.10724640,-90.29130554
503.500000,68.97614288,-92.46639252,69.10749054,-90.29120636
503.550000,68.97634125,-92.46655273,69.10774231,-90.29110718
503.600000,68.97654724,-92.46672058,69.10798645,-90.29100800
503.650000,68.97674561,-92.46688080,69.10823059,-90.29091644
503.700000,68.97694397,-92.46704102,69.10847473,-90.29081726
503.750000,68.97714996,-92.46720886,69.10871887,-90.29071808
503.800000,68.97734833,-92.46736908,69.10897064,-90.29061890
503.850000,68.97755432,-92.46752930,69.10921478,-90.29052734
503.900000,68.97775269,-92.46769714,69.10945892,-90.29042816
503.950000,68.97795105,-92.46785736,69.10970306,-90.29032898
504.000000,68.97815704,-92.46801758,69.10994720,-90.29022980
504.050000,68.97835541,-92.46818542,69.11019897,-90.29013824
504.100000,68.97855377,-92.46834564,69.11044312,-90.29003906
504.150000,68.97875977,-92.46850586,69.11068726,-90.28993988
504.200000,68.97895813,-92.46867371,69.11093140,-90.28984070
504.250000,68.97915649,-92.46883392,69.11117554,-90.28974915
504.300000,68.97935486,-92.46899414,69.11142731,-90.28964996
504.350000,68.97956085,-92.46916199,69.11167145,-90.28955078
504.400000,68.97975922,-92.46932220,69.11191559,-90.28945160
504.450000,68.97995758,-92.46948242,69.11215973,-90.28935242
504.500000,68.98016357,-92.46965027,69.11240387,-90.28926086
504.550000,68.98036194,-92.46981049,69.11265564,-90.28916168
504.600000,68.98056030,-92.46997070,69.11289978,-90.28906250
504.650000,68.98076630,-92.47013855,69.11314392,-90.28896332
504.700000,68.98096466,-92.47029877,69.11338806,-90.28886414
504.750000,68.98116302,-92.47045898,69.11363220,-90.28876495
504.800000,68.98136902,-92.47061920,69.11387634,-90.28867340
504.850000,68.98156738,-92.47078705,69.11412048,-90.28857422
504.900000,68.98176575,-92.47094727,69.11436462,-90.28847504
504.950000,68.98196411,-92.47110748,69.11461639,-90.28837585
505.000000,68.98217010,-92.47127533,69.11486053,-90.28827667
505.050000,68.98236847,-92.47143555,69.11510468,-90.28818512
505.100000,68.98256683,-92.47159576,69.11534882,-90.28808594
505.150000,68.98276520,-92.47176361,69.11559296,-90.28798676
505.200000,68.98297119,-92.47192383,69.11583710,-90.28788757
505.250000,68.98316956,-92.47208405,69.11608124,-90.28778839
505.300000,68.98336792,-92.47225189,69.11632538,-90.28769684
505.350000,68.98356628,-92.47241211,69.11656952,-90.28759766
505.400000,68.98377228,-92.47257233,69.11682129,-90.28749847
505.450000,68.98397064,-92.47274017,69.11706543,-90.28739929
505.500000,68.98416901,-92.47290039,69.11730957,-90.28730011
505.550000,68.98436737,-92.47306061,69.11755371,-90.28720093
505.600000,68.98457336,-92.47322845,69.11779785,-90.28710175
505.650000,68.98477173,-92.47338867,69.11804199,-90.28701019
505.700000,68.98497009,-92.47354889,69.11828613,-90.28691101
505.750000,68.98516846,-92.47370911,69.11853027,-90.28681183
505.800000,68.98536682,-92.47387695,69.11877441,-90.28671265
505.850000,68.98557281,-92.47403717,69.11901855,-90.28661346
505.900000,68.98577118,-92.47419739,69.11926270,-90.28651428
505.950000,68.98596954,-92.47436523,69.11950684,-90.28641510
506.000000,68.98616791,-92.47452545,69.11975861,-90.28632355
506.050000,68.98636627,-92.47468567,69.12000275,-90.28622437
506.100000,68.98657227,-92.47485352,69.12024689,-90.28612518
506.150000,68.98677063,-92.47501373,69.12049103,-90.28602600
506.200000,68.98696899,-92.47517395,69.12073517,-90.28592682
506.250000,68.98716736,-92.47534180,69.12097931,-90.28582764
506.300000,68.98736572,-92.47550201,69.12122345,-90.28572845
506.350000,68.98757172,-92.47566223,69.12146759,-90.28562927
506.400000,68.98777008,-92.47582245,69.12171173,-90.28553772
506.450000,68.98796844,-92.47599030,69.12195587,-90.28543854
506.500000,68.98816681,-92.47615051,69.12220001,-90.28533936
506.550000,68.98836517,-92.47631073,69.12244415,-90.28524017
506.600000,68.98857117,-92.47647858,69.12268829,-90.28514099
506.650000,68.98876953,-92.47663879,69.12293243,-90.28504181
506.700000,68.98896790,-92.47679901,69.12317657,-90.28494263
506.750000,68.98916626,-92.47696686,69.12342072,-90.28484344
506.800000,68.98936462,-92.47712708,69.12366486,-90.28474426
506.850000,68.98956299,-92.47728729,69.12390900,-90.28464508
506.900000,68.98976135,-92.47744751,69.12415314,-90.28455353
506.950000,68.98996735,-92.47761536,69.12439728,-90.28445435
507.000000,68.99016571,-92.47777557,69.12464142,-90.28435516
507.050000,68.99036407,-92.47793579,69.12488556,-90.28425598
507.100000,68.99056244,-92.47810364,69.12512970,-90.28415680
507.150000,68.99076080,-92.47826385,69.12537384,-90.28405762
507.200000,68.99095917,-92.47842407,69.12561798,-90.28395844
507.250000,68.99115753,-92.47858429,69.12586212,-90.28385925
507.300000,68.99135590,-92.47875214,69.12610626,-90.28376007
507.350000,68.99156189,-92.47891235,69.12635040,-90.28366089
507.400000,68.99176025,-92.47907257,69.12659454,-90.28356171
507.450000,68.99195862,-92.47924042,69.12683868,-90.28346252
507.500000,68.99215698,-92.47940063,69.12708282,-90.28336334
507.550000,68.99235535,-92.47956085,69.12732697,-90.28326416
507.600000,68.99255371,-92.47972870,69.12757111,-90.28316498
507.650000,68.99275208,-92.47988892,69.12780762,-90.28306580
507.700000,68.99295044,-92.48004913,69.12805176,-90.28297424
507.750000,68.99314880,-92.48020935,69.12829590,-90.28287506
507.800000,68.99334717,-92.48037720,69.12854004,-90.28277588
507.850000,68.99354553,-92.48053741,69.12878418,-90.28267670
507.900000,68.99375153,-92.48069763,69.12902832,-90.28257751
507.950000,68.99394989,-92.48085785,69.12927246,-90.28247833
508.000000,68.99414825,-92.48102570,69.12951660,-90.28237915
508.050000,68.99434662,-92.48118591,69.12976074,-90.28227997
508.100000,68.99454498,-92.48134613,69.13000488,-90.28218079
508.150000,68.99474335,-92.48151398,69.13024902,-90.28208160
508.200000,68.99494171,-92.48167419,69.13049316,-90.28198242
508.250000,68.99514008,-92.48183441,69.13072968,-90.28188324
508.300000,68.99533844,-92.48200226,69.13097382,-90.28178406
508.350000,68.99553680,-92.48216248,69.13121796,-90.28168488
508.400000,68.99573517,-92.48232269,69.13146210,-90.28158569
508.450000,68.99593353,-92.48248291,69.13170624,-90.28148651
508.500000,68.99613190,-92.48265076,69.13195038,-90.28138733
508.550000,68.99633026,-92.48281097,69.13219452,-90.28128815
508.600000,68.99652863,-92.48297119,69.13243866,-90.28118896
508.650000,68.99672699,-92.48313141,69.13268280,-90.28108978
508.700000,68.99692535,-92.48329926,69.13291931,-90.28099060
508.750000,68.99712372,-92.48345947,69.13316345,-90.28089142
508.800000,68.99732208,-92.48361969,69.13340759,-90.28079224
508.850000,68.99752045,-92.48377991,69.13365173,-90.28069305
508.900000,68.99771881,-92.48394775,69.13389587,-90.28059387
508.950000,68.99791718,-92.48410797,69.13414001,-90.28049469
509.000000,68.99811554,-92.48426819,69.13438416,-90.28039551
509.050000,68.99831390,-92.48443604,69.13462067,-90.28029633
509.100000,68.99851227,-92.48459625,69.13486481,-90.28019714
509.150000,68.99871063,-92.48475647,69.13510895,-90.28009796
509.200000,68.99890900,-92.48491669,69.13535309,-90.27999878
509.250000,68.99910736,-92.48507690,69.13559723,-90.27989960
509.300000,68.99930573,-92.48524475,69.13584137,-90.27980042
509.350000,68.99950409,-92.48540497,69.13607788,-90.27970123
509.400000,68.99970245,-92.48556519,69.13632202,-90.27960205
509.450000,68.99990082,-92.48573303,69.13656616,-90.27950287
509.500000,69.00009918,-92.48589325,69.13681030,-90.27940369
509.550000,69.00029755,-92.48605347,69.13705444,-90.27930450
509.600000,69.00049591,-92.48621368,69.13729095,-90.27920532
509.650000,69.00069427,-92.48637390,69.13753510,-90.27910614
509.700000,69.00089264,-92.48654175,69.13777924,-90.27900696
509.750000,69.00109100,-92.48670197,69.13802338,-90.27890015
509.800000,69.00128937,-92.48686218,69.13826752,-90.27880096
509.850000,69.00148773,-92.48703003,69.13850403,-90.27870178
509.900000,69.00168610,-92.48719025,69.13874817,-90.27860260
509.950000,69.00188446,-92.48735046,69.13899231,-90.27850342
510.000000,69.00208282,-92.48751068,69.13923645,-90.27840424
510.050000,69.00227356,-92.48767853,69.13948059,-90.27830505
510.100000,69.00247192,-92.48783875,69.13971710,-90.27820587
510.150000,69.00267029,-92.48799896,69.13996124,-90.27810669
510.200000,69.00286865,-92.48815918,69.14020538,-90.27800751
510.250000,69.00306702,-92.48831940,69.14044952,-90.27790833
510.300000,69.00326538,-92.48848724,69.14068604,-90.27780914
510.350000,69.00346375,-92.48864746,69.14093018,-90.27770996
510.400000,69.00366211,-92.48880768,69.14117432,-90.27761078
510.450000,69.00386047,-92.48897552,69.14141846,-90.27751160
510.500000,69.00405884,-92.48913574,69.14165497,-90.27740479
510.550000,69.00424957,-92.48929596,69.14189911,-90.27730560
510.600000,69.00444794,-92.48945618,69.14214325,-90.27720642
510.650000,69.00464630,-92.48961639,69.14238739,-90.27710724
510.700000,69.00484467,-92.48978424,69.14262390,-90.27700806
510.750000,69.00504303,-92.48994446,69.14286804,-90.27690887
510.800000,69.00524139,-92.49010468,69.14311218,-90.27680969
510.850000,69.00543976,-92.49026489,69.14335632,-90.27671051
510.900000,69.00563812,-92.49043274,69.14359283,-90.27661133
510.950000,69.00583649,-92.49059296,69.14383698,-90.27651215
511.000000,69.00602722,-92.49075317,69.14408112,-90.27640533
511.050000,69.00622559,-92.49091339,69.14431763,-90.27630615
511.100000,69.00642395,-92.49107361,69.14456177,-90.27620697
511.150000,69.00662231,-92.49124146,69.14480591,-90.27610779
511.200000,69.00682068,-92.49140167,69.14505005,-90.27600861
511.250000,69.00701904,-92.49156189,69.14528656,-90.27590942
511.300000,69.00720978,-92.49172211,69.14553070,-90.27581024
511.350000,69.00740814,-92.49188995,69.14577484,-90.27571106
511.400000,69.00760651,-92.49205017,69.14601135,-90.27560425
511.450000,69.00780487,-92.49221039,69.14625549,-90.27550507
511.500000,69.00800323,-92.49237061,69.14649963,-90.27540588
511.550000,69.00820160,-92.49253082,69.14673615,-90.27530670
511.600000,69.00839233,-92.49269867,69.14698029,-90.27520752
511.650000,69.00859070,-92.49285889,69.14722443,-90.27510834
511.700000,69.00878906,-92.49301910,69.14746094,-90.27500916
511.750000,69.00898743,-92.49318695,69.14770508,-90.27490234
511.800000,69.00918579,-92.49334717,69.14794922,-90.27480316
511.850000,69.00937653,-92.49350739,69.14818573,-90.27470398
511.900000,69.00957489,-92.49366760,69.14842987,-90.27460480
511.950000,69.00977325,-92.49382782,69.14866638,-90.27450562
512.000000,69.00997162,-92.49399567,69.14891052,-90.27440643
512.050000,69.01016998,-92.49415588,69.14915466,-90.27429962
512.100000,69.01036072,-92.49431610,69.14939117,-90.27420044
512.150000,69.01055908,-92.49447632,69.14963531,-90.27410126
512.200000,69.01075745,-92.49463654,69.14987946,-90.27400208
512.250000,69.01095581,-92.49480438,69.15011597,-90.27390289
512.300000,69.01114655,-92.49496460,69.15036011,-90.27380371
512.350000,69.01134491,-92.49512482,69.15060425,-90.27369690
512.400000,69.01154327,-92.49528503,69.15084076,-90.27359772
512.450000,69.01174164,-92.49545288,69.15108490,-90.27349854
512.500000,69.01193237,-92.49561310,69.15132141,-90.27339935
512.550000,69.01213074,-92.49577332,69.15156555,-90.27330017
512.600000,69.01232910,-92.49593353,69.15180969,-90.27319336
512.650000,69.01252747,-92.49609375,69.15204620,-90.27309418
512.700000,69.01272583,-92.49626160,69.15229034,-90.27299500
512.750000,69.01291656,-92.49642181,69.15252686,-90.27289581
512.800000,69.01311493,-92.49658203,69.15277100,-90.27279663
512.850000,69.01331329,-92.49674225,69.15300751,-90.27269745
512.900000,69.01350403,-92.49690247,69.15325165,-90.27259064
512.950000,69.01370239,-92.49707031,69.15349579,-90.27249146
513.000000,69.01390076,-92.49723053,69.15373230,-90.27239227
513.050000,69.01409912,-92.49739075,69.15397644,-90.27229309
513.100000,69.01428986,-92.49755096,69.15421295,-90.27219391
513.150000,69.01448822,-92.49771118,69.15445709,-90.27208710
513.200000,69.01468658,-92.49787903,69.15470123,-90.27198792
513.250000,69.01488495,-92.49803925,69.15493774,-90.27188873
513.300000,69.01507568,-92.49819946,69.15518188,-90.27178192
513.350000,69.01527405,-92.49835968,69.15541840,-90.27168274
513.400000,69.01547241,-92.49851990,69.15566254,-90.27158356
513.450000,69.01566315,-92.49868774,69.15589905,-90.27148438
513.500000,69.01586151,-92.49884796,69.15614319,-90.27138519
513.550000,69.01605988,-92.49900818,69.15637970,-90.27127838
513.600000,69.01625061,-92.49916840,69.15662384,-90.27117920
513.650000,69.01644897,-92.49932861,69.15686798,-90.27108002
513.700000,69.01664734,-92.49949646,69.15710449,-90.27098083
513.750000,69.01683807,-92.49965668,69.15734100,-90.27087402
513.800000,69.01703644,-92.49981689,69.15758514,-90.27077484
513.850000,69.01723480,-92.49997711,69.15782166,-90.27067566
513.900000,69.01742554,-92.50013733,69.15806580,-90.27057648
513.950000,69.01762390,-92.50030518,69.15830994,-90.27046967
514.000000,69.01782227,-92.50046539,69.15854645,-90.27037048
514.050000,69.01801300,-92.50062561,69.15879059,-90.27027130
514.100000,69.01821136,-92.50078583,69.15902710,-90.27017212
514.150000,69.01840973,-92.50094604,69.15927124,-90.27006531
514.200000,69.01860046,-92.50110626,69.15950775,-90.26996613
514.250000,69.01879883,-92.50127411,69.15975189,-90.26986694
514.300000,69.01898956,-92.50143433,69.15998840,-90.26976776
514.350000,69.01918793,-92.50159454,69.16023254,-90.26966095
514.400000,69.01938629,-92.50175476,69.16046906,-90.26956177
514.450000,69.01957703,-92.50191498,69.16070557,-90.26946259
514.500000,69.01977539,-92.50208282,69.16094971,-90.26935577
514.550000,69.01997375,-92.50224304,69.16118622,-90.26925659
514.600000,69.02016449,-92.50240326,69.16143036,-90.26915741
514.650000,69.02036285,-92.50256348,69.16166687,-90.26905823
514.700000,69.02056122,-92.50272369,69.16191101,-90.26895142
514.750000,69.02075195,-92.50289154,69.16214752,-90.26885223
514.800000,69.02095032,-92.50305176,69.16239166,-90.26875305
514.850000,69.02114105,-92.50321198,69.16262817,-90.26864624
514.900000,69.02133942,-92.50337219,69.16287231,-90.26854706
514.950000,69.02153015,-92.50353241,69.16310883,-90.26844788
515.000000,69.02172852,-92.50369263,69.16334534,-90.26834106
515.050000,69.02192688,-92.50385284,69.16358948,-90.26824188
515.100000,69.02211761,-92.50402069,69.16382599,-90.26814270
515.150000,69.02231598,-92.50418091,69.16407013,-90.26803589
515.200000,69.02250671,-92.50434113,69.16430664,-90.26793671
515.250000,69.02270508,-92.50450134,69.16455078,-90.26783752
515.300000,69.02289581,-92.50466156,69.16478729,-90.26773071
515.350000,69.02309418,-92.50482178,69.16502380,-90.26763153
515.400000,69.02328491,-92.50498962,69.16526794,-90.26753235
515.450000,69.02348328,-92.50514984,69.16550446,-90.26743317
515.500000,69.02368164,-92.50531006,69.16574860,-90.26732635
515.550000,69.02387238,-92.50547028,69.16598511,-90.26722717
515.600000,69.02407074,-92.50563049,69.16622162,-90.26712799
515.650000,69.02426147,-92.50579834,69.16646576,-90.26702118
515.700000,69.02445984,-92.50595856,69.16670227,-90.26692200
515.750000,69.02465057,-92.50611877,69.16694641,-90.26681519
515.800000,69.02484894,-92.50627899,69.16718292,-90.26671600
515.850000,69.02503967,-92.50643921,69.16741943,-90.26661682
515.900000,69.02523804,-92.50659943,69.16766357,-90.26651001
515.950000,69.02542877,-92.50675964,69.16790009,-90.26641083
516.000000,69.02562714,-92.50692749,69.16813660,-90.26631165
516.050000,69.02581787,-92.50708771,69.16838074,-90.26620483
516.100000,69.02601624,-92.50724792,69.16861725,-90.26610565
516.150000,69.02621460,-92.50740814,69.16885376,-90.26600647
516.200000,69.02640533,-92.50756836,69.16909790,-90.26589966
516.250000,69.02659607,-92.50772858,69.16933441,-90.26580048
516.300000,69.02679443,-92.50788879,69.16957092,-90.26569366
516.350000,69.02698517,-92.50805664,69.16981506,-90.26559448
516.400000,69.02718353,-92.50821686,69.17005157,-90.26549530
516.450000,69.02737427,-92.50837708,69.17029572,-90.26538849
516.500000,69.02757263,-92.50853729,69.17053223,-90.26528931
516.550000,69.02776337,-92.50869751,69.17076874,-90.26518250
516.600000,69.02796173,-92.50885773,69.17100525,-90.26508331
516.650000,69.02815247,-92.50902557,69.17124939,-90.26498413
516.700000,69.02835083,-92.50918579,69.17148590,-90.26487732
516.750000,69.02854156,-92.50934601,69.17172241,-90.26477814
516.800000,69.02873993,-92.50950623,69.17196655,-90.26467896
516.850000,69.02893066,-92.50966644,69.17220306,-90.26457214
516.900000,69.02912903,-92.50982666,69.17243958,-90.26447296
516.950000,69.02931976,-92.50998688,69.17268372,-90.26436615
517.000000,69.02951813,-92.51015472,69.17292023,-90.26426697
517.050000,69.02970886,-92.51031494,69.17315674,-90.26416779
517.100000,69.02989960,-92.51047516,69.17340088,-90.26406097
517.150000,69.03009796,-92.51063538,69.17363739,-90.26396179
517.200000,69.03028870,-92.51079559,69.17387390,-90.26385498
517.250000,69.03048706,-92.51095581,69.17411041,-90.26375580
517.300000,69.03067780,-92.51111603,69.17435455,-90.26364899
517.350000,69.03087616,-92.51127625,69.17459106,-90.26354980
517.400000,69.03106689,-92.51144409,69.17482758,-90.26345062
517.450000,69.03125763,-92.51160431,69.17507172,-90.26334381
517.500000,69.03145599,-92.51176453,69.17530823,-90.26324463
517.550000,69.03164673,-92.51192474,69.17554474,-90.26313782
517.600000,69.03184509,-92.51208496,69.17578125,-90.26303864
517.650000,69.03203583,-92.51224518,69.17602539,-90.26293182
517.700000,69.03223419,-92.51240540,69.17626190,-90.26283264
517.750000,69.03242493,-92.51256561,69.17649841,-90.26272583
517.800000,69.03261566,-92.51273346,69.17673492,-90.26262665
517.850000,69.03281403,-92.51289368,69.17697906,-90.26252747
517.900000,69.03300476,-92.51305389,69.17721558,-90.26242065
517.950000,69.03319550,-92.51321411,69.17745209,-90.26232147
518.000000,69.03339386,-92.51337433,69.17768860,-90.26221466
518.050000,69.03358459,-92.51353455,69.17793274,-90.26211548
518.100000,69.03378296,-92.51369476,69.17816925,-90.26200867
518.150000,69.03397369,-92.51386261,69.17840576,-90.26190948
518.200000,69.03416443,-92.51402283,69.17864227,-90.26180267
518.250000,69.03436279,-92.51418304,69.17887878,-90.26170349
518.300000,69.03455353,-92.51434326,69.17912292,-90.26159668
518.350000,69.03474426,-92.51450348,69.17935944,-90.26149750
518.400000,69.03494263,-92.51466370,69.17959595,-90.26139069
518.450000,69.03513336,-92.51482391,69.17983246,-90.26129150
518.500000,69.03532410,-92.51498413,69.18006897,-90.26119232
518.550000,69.03552246,-92.51514435,69.18031311,-90.26108551
518.600000,69.03571320,-92.51531219,69.18054962,-90.26097870
518.650000,69.03590393,-92.51547241,69.18078613,-90.26087952
518.700000,69.03610229,-92.51563263,69.18102264,-90.26077271
518.750000,69.03629303,-92.51579285,69.18125916,-90.26067352
518.800000,69.03648376,-92.51595306,69.18150330,-90.26056671
518.850000,69.03668213,-92.51611328,69.18173981,-90.26046753
518.900000,69.03687286,-92.51627350,69.18197632,-90.26036072
518.950000,69.03706360,-92.51643372,69.18221283,-90.26026154
519.000000,69.03726196,-92.51659393,69.18244934,-90.26015472
519.050000,69.03745270,-92.51676178,69.18268585,-90.26005554
519.100000,69.03764343,-92.51692200,69.18292236,-90.25994873
519.150000,69.03784180,-92.51708221,69.18316650,-90.25984955
519.200000,69.03803253,-92.51724243,69.18340302,-90.25974274
519.250000,69.03822327,-92.51740265,69.18363953,-90.25964355
519.300000,69.03841400,-92.51756287,69.18387604,-90.25953674
519.350000,69.03861237,-92.51772308,69.18411255,-90.25943756
519.400000,69.03880310,-92.51788330,69.18434906,-90.25933075
519.450000,69.03899384,-92.51804352,69.18459320,-90.25923157
519.500000,69.03919220,-92.51820374,69.18482971,-90.25912476
519.550000,69.03938293,-92.51837158,69.18506622,-90.25902557
519.600000,69.03957367,-92.51853180,69.18530273,-90.25891876
519.650000,69.03976440,-92.51869202,69.18553925,-90.25881958
519.700000,69.03996277,-92.51885223,69.18577576,-90.25871277
519.750000,69.04015350,-92.51901245,69.18601227,-90.25860596
519.800000,69.04034424,-92.51917267,69.18624878,-90.25850677
519.850000,69.04054260,-92.51933289,69.18648529,-90.25839996
519.900000,69.04073334,-92.51949310,69.18672943,-90.25830078
519.950000,69.04092407,-92.51965332,69.18696594,-90.25819397
520.000000,69.04111481,-92.51982117,69.18720245,-90.25809479
520.050000,69.04130554,-92.51998138,69.18743896,-90.25798798
520.100000,69.04150391,-92.52014160,69.18767548,-90.25788116
520.150000,69.04169464,-92.52030182,69.18791199,-90.25778198
520.200000,69.04188538,-92.52046204,69.18814850,-90.25767517
520.250000,69.04207611,-92.52062225,69.18838501,-90.25757599
520.300000,69.04227448,-92.52078247,69.18862152,-90.25746918
520.350000,69.04246521,-92.52094269,69.18885803,-90.25737000
520.400000,69.04265594,-92.52110291,69.18910217,-90.25726318
520.450000,69.04284668,-92.52126312,69.18933868,-90.25715637
520.500000,69.04304504,-92.52142334,69.18957520,-90.25705719
520.550000,69.04323578,-92.52158356,69.18981171,-90.25695038
520.600000,69.04342651,-92.52174377,69.19004822,-90.25685120
520.650000,69.04361725,-92.52191162,69.19028473,-90.25674438
520.700000,69.04380798,-92.52207184,69.19052124,-90.25663757
520.750000,69.04399872,-92.52223206,69.19075775,-90.25653839
520.800000,69.04419708,-92.52239227,69.19099426,-90.25643158
520.850000,69.04438782,-92.52255249,69.19123077,-90.25633240
520.900000,69.04457855,-92.52271271,69.19146729,-90.25622559
520.950000,69.04476929,-92.52287292,69.19170380,-90.25612640
521.000000,69.04496002,-92.52303314,69.19194031,-90.25601959
521.050000,69.04515839,-92.52319336,69.19217682,-90.25591278
521.100000,69.04534912,-92.52335358,69.19241333,-90.25581360
521.150000,69.04553986,-92.52351379,69.19264984,-90.25570679
521.200000,69.04573059,-92.52367401,69.19288635,-90.25559998
521.250000,69.04592133,-92.52383423,69.19312286,-90.25550079
521.300000,69.04611206,-92.52399445,69.19335938,-90.25539398
521.350000,69.04630280,-92.52416229,69.19359589,-90.25528717
521.400000,69.04650116,-92.52432251,69.19383240,-90.25518799
521.450000,69.04669189,-92.52448273,69.19406891,-90.25508118
521.500000,69.04688263,-92.52464294,69.19430542,-90.25498199
521.550000,69.04707336,-92.52480316,69.19454193,-90.25487518
521.600000,69.04726410,-92.52496338,69.19477844,-90.25476837
521.650000,69.04745483,-92.52512360,69.19501495,-90.25466919
521.700000,69.04764557,-92.52528381,69.19525146,-90.25456238
521.750000,69.04784393,-92.52544403,69.19548798,-90.25445557
521.800000,69.04803467,-92.52560425,69.19572449,-90.25435638
521.850000,69.04822540,-92.52576447,69.19596100,-90.25424957
521.900000,69.04841614,-92.52592468,69.19619751,-90.25414276
521.950000,69.04860687,-92.52608490,69.19643402,-90.25404358
522.000000,69.04879761,-92.52624512,69.19667053,-90.25393677
522.050000,69.04898834,-92.52640533,69.19690704,-90.25382996
522.100000,69.04917908,-92.52656555,69.19714355,-90.25373077
522.150000,69.04936981,-92.52673340,69.19738007,-90.25362396
522.200000,69.04956055,-92.52689362,69.19761658,-90.25351715
522.250000,69.04975891,-92.52705383,69.19785309,-90.25341797
522.300000,69.04994965,-92.52721405,69.19808960,-90.25331116
522.350000,69.05014038,-92.52737427,69.19832611,-90.25320435
522.400000,69.05033112,-92.52753448,69.19855499,-90.25310516
522.450000,69.05052185,-92.52769470,69.19879150,-90.25299835
522.500000,69.05071259,-92.52785492,69.19902802,-90.25289154
522.550000,69.05090332,-92.52801514,69.19926453,-90.25279236
522.600000,69.05109406,-92.52817535,69.19950104,-90.25268555
522.650000,69.05128479,-92.52833557,69.19973755,-90.25257874
522.700000,69.05147552,-92.52849579,69.19997406,-90.25247192
522.750000,69.05166626,-92.52865601,69.20021057,-90.25237274
522.800000,69.05185699,-92.52881622,69.20044708,-90.25226593
522.850000,69.05204773,-92.52897644,69.20068359,-90.25216675
522.900000,69.05223846,-92.52913666,69.20092010,-90.25205994
522.950000,69.05242920,-92.52929688,69.20115662,-90.25195312
523.000000,69.05261993,-92.52945709,69.20138550,-90.25184631
523.050000,69.05281830,-92.52961731,69.20162201,-90.25174713
523.100000,69.05300903,-92.52977753,69.20185852,-90.25164032
523.150000,69.05319977,-92.52993774,69.20209503,-90.25153351
523.200000,69.05339050,-92.53009796,69.20233154,-90.25142670
523.250000,69.05358124,-92.53025818,69.20256805,-90.25132751
523.300000,69.05377197,-92.53041840,69.20280457,-90.25122070
523.350000,69.05396271,-92.53058624,69.20304108,-90.25111389
523.400000,69.05415344,-92.53074646,69.20326996,-90.25101471
523.450000,69.05434418,-92.53090668,69.20350647,-90.25090790
523.500000,69.05453491,-92.53106689,69.20374298,-90.25080109
523.550000,69.05472565,-92.53122711,69.20397949,-90.25069427
523.600000,69.05491638,-92.53138733,69.20421600,-90.25059509
523.650000,69.05510712,-92.53154755,69.20445251,-90.25048828
523.700000,69.05529785,-92.53170776,69.20468903,-90.25038147
523.750000,69.05548859,-92.53186798,69.20491791,-90.25027466
523.800000,69.05567932,-92.53202820,69.20515442,-90.25017548
523.850000,69.05587006,-92.53218842,69.20539093,-90.25006866
523.900000,69.05606079,-92.53234863,69.20562744,-90.24996185
523.950000,69.05625153,-92.53250885,69.20586395,-90.24985504
524.000000,69.05643463,-92.53266907,69.20610046,-90.24974823
524.050000,69.05662537,-92.53282928,69.20632935,-90.24964905
524.100000,69.05681610,-92.53298950,69.20656586,-90.24954224
524.150000,69.05700684,-92.53314972,69.20680237,-90.24943542
524.200000,69.05719757,-92.53330994,69.20703888,-90.24932861
524.250000,69.05738831,-92.53347015,69.20727539,-90.24922943
524.300000,69.05757904,-92.53363037,69.20751190,-90.24912262
524.350000,69.05776978,-92.53379059,69.20774078,-90.24901581
524.400000,69.05796051,-92.53395081,69.20797729,-90.24890900
524.450000,69.05815125,-92.53411102,69.20821381,-90.24880981
524.500000,69.05834198,-92.53427124,69.20845032,-90.24870300
524.550000,69.05853271,-92.53443146,69.20868683,-90.24859619
524.600000,69.05872345,-92.53459167,69.20891571,-90.24848938
524.650000,69.05891418,-92.53475189,69.20915222,-90.24838257
524.700000,69.05910492,-92.53491211,69.20938873,-90.24828339
524.750000,69.05928802,-92.53507233,69.20962524,-90.24817657
524.800000,69.05947876,-92.53523254,69.20985413,-90.24806976
524.850000,69.05966949,-92.53539276,69.21009064,-90.24796295
524.900000,69.05986023,-92.53555298,69.21032715,-90.24785614
524.950000,69.06005096,-92.53571320,69.21056366,-90.24774933
525.000000,69.06024170,-92.53587341,69.21079254,-90.24765015
525.050000,69.06043243,-92.53603363,69.21102905,-90.24754333
525.100000,69.06062317,-92.53619385,69.21126556,-90.24743652
525.150000,69.06081390,-92.53635406,69.21150208,-90.24732971
525.200000,69.06100464,-92.53651428,69.21173859,-90.24722290
525.250000,69.06118774,-92.53667450,69.21196747,-90.24712372
525.300000,69.06137848,-92.53683472,69.21220398,-90.24701691
525.350000,69.06156921,-92.53699493,69.21244049,-90.24691010
525.400000,69.06175995,-92.53715515,69.21266937,-90.24680328
525.450000,69.06195068,-92.53731537,69.21290588,-90.24669647
525.500000,69.06214142,-92.53747559,69.21314240,-90.24658966
525.550000,69.06233215,-92.53763580,69.21337891,-90.24649048
525.600000,69.06251526,-92.53779602,69.21360779,-90.24638367
525.650000,69.06270599,-92.53795624,69.21384430,-90.24627686
525.700000,69.06289673,-92.53811646,69.21408081,-90.24617004
525.750000,69.06308746,-92.53827667,69.21430969,-90.24606323
525.800000,69.06327820,-92.53843689,69.21454620,-90.24595642
525.850000,69.06346893,-92.53859711,69.21478271,-90.24584961
525.900000,69.06365967,-92.53875732,69.21501160,-90.24575043
525.950000,69.06384277,-92.53891754,69.21524811,-90.24564362
526.000000,69.06403351,-92.53907776,69.21548462,-90.24553680
526.050000,69.06422424,-92.53923798,69.21572113,-90.24542999
526.100000,69.06441498,-92.53939819,69.21595001,-90.24532318
526.150000,69.06460571,-92.53955841,69.21618652,-90.24521637
526.200000,69.06478882,-92.53971863,69.21642303,-90.24510956
526.250000,69.06497955,-92.53987885,69.21665192,-90.24500275
526.300000,69.06517029,-92.54003906,69.21688843,-90.24490356
526.350000,69.06536102,-92.54019928,69.21712494,-90.24479675
526.400000,69.06554413,-92.54035950,69.21735382,-90.24468994
526.450000,69.06573486,-92.54051971,69.21759033,-90.24458313
526.500000,69.06592560,-92.54067993,69.21782684,-90.24447632
526.550000,69.06611633,-92.54084015,69.21805573,-90.24436951
526.600000,69.06630707,-92.54100037,69.21829224,-90.24426270
526.650000,69.06649017,-92.54116058,69.21852875,-90.24415588
526.700000,69.06668091,-92.54132080,69.21875763,-90.24404907
526.750000,69.06687164,-92.54148102,69.21899414,-90.24394989
526.800000,69.06706238,-92.54164124,69.21923065,-90.24384308
526.850000,69.06724548,-92.54180145,69.21945953,-90.24373627
526.900000,69.06743622,-92.54196167,69.21969604,-90.24362946
526.950000,69.06762695,-92.54212189,69.21992493,-90.24352264
527.000000,69.06781769,-92.54228210,69.22016144,-90.24341583
527.050000,69.06800079,-92.54244232,69.22039795,-90.24330902
527.100000,69.06819153,-92.54260254,69.22062683,-90.24320221
527.150000,69.06838226,-92.54276276,69.22086334,-90.24309540
527.200000,69.06857300,-92.54292297,69.22109985,-90.24298859
527.250000,69.06875610,-92.54308319,69.22132874,-90.24288177
527.300000,69.06894684,-92.54324341,69.22156525,-90.24277496
527.350000,69.06913757,-92.54339600,69.22179413,-90.24266815
527.400000,69.06932831,-92.54356384,69.22203064,-90.24256897
527.450000,69.06951141,-92.54372406,69.22226715,-90.24246216
527.500000,69.06970215,-92.54387665,69.22249603,-90.24235535
527.550000,69.06989288,-92.54403687,69.22273254,-90.24224854
527.600000,69.07007599,-92.54419708,69.22296143,-90.24214172
527.650000,69.07026672,-92.54435730,69.22319794,-90.24203491
527.700000,69.07045746,-92.54451752,69.22343445,-90.24192810
527.750000,69.07064056,-92.54467773,69.22366333,-90.24182129
527.800000,69.07083130,-92.54483795,69.22389984,-90.24171448
527.850000,69.07102203,-92.54499817,69.22412872,-90.24160767
527.900000,69.07120514,-92.54515839,69.22436523,-90.24150085
527.950000,69.07139587,-92.54531860,69.22459412,-90.24139404
528.000000,69.07158661,-92.54547882,69.22483063,-90.24128723
528.050000,69.07177734,-92.54563904,69.22506714,-90.24118042
528.100000,69.07196045,-92.54579926,69.22529602,-90.24107361
528.150000,69.07215118,-92.54595947,69.22553253,-90.24096680
528.200000,69.07233429,-92.54611969,69.22576141,-90.24085999
528.250000,69.07252502,-92.54627991,69.22599792,-90.24075317
528.300000,69.07271576,-92.54644012,69.22622681,-90.24064636
528.350000,69.07289886,-92.54660034,69.22646332,-90.24053955
528.400000,69.07308960,-92.54676056,69.22669220,-90.24043274
528.450000,69.07328033,-92.54691315,69.22692871,-90.24032593
528.500000,69.07346344,-92.54707336,69.22715759,-90.24021912
528.550000,69.07365417,-92.54723358,69.22739410,-90.24011230
528.600000,69.07384491,-92.54739380,69.22762299,-90.24000549
528.650000,69.07402802,-92.54755402,69.22785950,-90.23989868
528.700000,69.07421875,-92.54771423,69.22808838,-90.23979187
528.750000,69.07440948,-92.54787445,69.22832489,-90.23968506
528.800000,69.07459259,-92.54803467,69.22856140,-90.23957825
528.850000,69.07478333,-92.54819489,69.22879028,-90.23947144
528.900000,69.07496643,-92.54835510,69.22902679,-90.23936462
528.950000,69.07515717,-92.54851532,69.22925568,-90.23925781
529.000000,69.07534790,-92.54867554,69.22948456,-90.23915100
529.050000,69.07553101,-92.54883575,69.22972107,-90.23904419
529.100000,69.07572174,-92.54899597,69.22994995,-90.23893738
529.150000,69.07590485,-92.54915619,69.23018646,-90.23883057
529.200000,69.07609558,-92.54931641,69.23041534,-90.23872375
529.250000,69.07627869,-92.54946899,69.23065186,-90.23861694
529.300000,69.07646942,-92.54962921,69.23088074,-90.23851013
529.350000,69.07666016,-92.54978943,69.23111725,-90.23840332
529.400000,69.07684326,-92.54994965,69.23134613,-90.23829651
529.450000,69.07703400,-92.55010986,69.23158264,-90.23818970
529.500000,69.07721710,-92.55027008,69.23181152,-90.23808289
529.550000,69.07740784,-92.55043030,69.23204803,-90.23797607
529.600000,69.07759094,-92.55059052,69.23227692,-90.23786926
529.650000,69.07778168,-92.55075073,69.23251343,-90.23776245
529.700000,69.07796478,-92.55091095,69.23274231,-90.23765564
529.750000,69.07815552,-92.55107117,69.23297882,-90.23754883
529.800000,69.07834625,-92.55122375,69.23320770,-90.23744202
529.850000,69.07852936,-92.55138397,69.23343658,-90.23732758
529.900000,69.07872009,-92.55154419,69.23367310,-90.23722076
529.950000,69.07890320,-92.55170441,69.23390198,-90.23711395
530.000000,69.07909393,-92.55186462,69.23413849,-90.23700714
530.050000,69.07927704,-92.55202484,69.23436737,-90.23690033
530.100000,69.07946777,-92.55218506,69.23460388,-90.23679352
530.150000,69.07965088,-92.55234528,69.23483276,-90.23668671
530.200000,69.07984161,-92.55250549,69.23506165,-90.23657990
530.250000,69.08002472,-92.55266571,69.23529816,-90.23647308
530.300000,69.08021545,-92.55282593,69.23552704,-90.23636627
530.350000,69.08039856,-92.55298615,69.23576355,-90.23625946
530.400000,69.08058929,-92.55313873,69.23599243,-90.23615265
530.450000,69.08077240,-92.55329895,69.23622131,-90.23603821
530.500000,69.08096313,-92.55345917,69.23645782,-90.23593140
530.550000,69.08114624,-92.55361938,69.23668671,-90.23582458
530.600000,69.08133698,-92.55377960,69.23692322,-90.23571777
530.650000,69.08152008,-92.55393982,69.23715210,-90.23561096
530.700000,69.08171082,-92.55410004,69.23738098,-90.23550415
530.750000,69.08189392,-92.55426025,69.23761749,-90.23539734
530.800000,69.08208466,-92.55442047,69.23784637,-90.23529053
530.850000,69.08226776,-92.55458069,69.23808289,-90.23518372
530.900000,69.08245850,-92.55473328,69.23831177,-90.23506927
530.950000,69.08264160,-92.55489349,69.23854065,-90.23496246
531.000000,69.08283234,-92.55505371,69.23877716,-90.23485565
531.050000,69.08301544,-92.55521393,69.23900604,-90.23474884
531.100000,69.08320618,-92.55537415,69.23923492,-90.23464203
531.150000,69.08338928,-92.55553436,69.23947144,-90.23453522
531.200000,69.08357239,-92.55569458,69.23970032,-90.23442841
531.250000,69.08376312,-92.55585480,69.23992920,-90.23432159
531.300000,69.08394623,-92.55601501,69.24016571,-90.23420715
531.350000,69.08413696,-92.55616760,69.24039459,-90.23410034
531.400000,69.08432007,-92.55632782,69.24062347,-90.23399353
531.450000,69.08451080,-92.55648804,69.24085999,-90.23388672
531.500000,69.08469391,-92.55664825,69.24108887,-90.23377991
531.550000,69.08487701,-92.55680847,69.24131775,-90.23367310
531.600000,69.08506775,-92.55696869,69.24155426,-90.23356628
531.650000,69.08525085,-92.55712891,69.24178314,-90.23345184
531.700000,69.08544159,-92.55728912,69.24201202,-90.23334503
531.750000,69.08562469,-92.55744934,69.24224854,-90.23323822
531.800000,69.08581543,-92.55760193,69.24247742,-90.23313141
531.850000,69.08599854,-92.55776215,69.24270630,-90.23302460
531.900000,69.08618164,-92.55792236,69.24294281,-90.23291779
531.950000,69.08637238,-92.55808258,69.24317169,-90.23280334
532.000000,69.08655548,-92.55824280,69.24340057,-90.23269653
532.050000,69.08674622,-92.55840302,69.24362946,-90.23258972
532.100000,69.08692932,-92.55856323,69.24386597,-90.23248291
532.150000,69.08711243,-92.55872345,69.24409485,-90.23237610
532.200000,69.08730316,-92.55888367,69.24432373,-90.23226929
532.250000,69.08748627,-92.55904388,69.24456024,-90.23215485
532.300000,69.08767700,-92.55920410,69.24478912,-90.23204803
532.350000,69.08786011,-92.55936432,69.24501801,-90.23194122
532.400000,69.08805084,-92.55952454,69.24524689,-90.23183441
532.450000,69.08823395,-92.55968475,69.24548340,-90.23172760
532.500000,69.08842468,-92.55984497,69.24571228,-90.23161316
532.550000,69.08860779,-92.56000519,69.24594116,-90.23150635
532.600000,69.08879852,-92.56016541,69.24617004,-90.23139954
532.650000,69.08898163,-92.56032562,69.24640656,-90.23129272
532.700000,69.08916473,-92.56048584,69.24663544,-90.23118591
532.750000,69.08935547,-92.56064606,69.24686432,-90.23107147
532.800000,69.08953857,-92.56081390,69.24709320,-90.23096466
532.850000,69.08972931,-92.56097412,69.24732971,-90.23085785
532.900000,69.08991241,-92.56113434,69.24755859,-90.23075104
532.950000,69.09010315,-92.56129456,69.24778748,-90.23063660
533.000000,69.09028625,-92.56145477,69.24801636,-90.23052979
533.050000,69.09046936,-92.56161499,69.24825287,-90.23042297
533.100000,69.09066010,-92.56177521,69.24848175,-90.23031616
533.150000,69.09084320,-92.56193542,69.24871063,-90.23020172
533.200000,69.09102631,-92.56209564,69.24893951,-90.23009491
533.250000,69.09121704,-92.56225586,69.24917603,-90.22998810
533.300000,69.09140015,-92.56241608,69.24940491,-90.22988129
533.350000,69.09158325,-92.56257629,69.24963379,-90.22976685
533.400000,69.09177399,-92.56273651,69.24986267,-90.22966003
533.450000,69.09195709,-92.56289673,69.25009155,-90.22955322
533.500000,69.09214020,-92.56305695,69.25032806,-90.22944641
533.550000,69.09232330,-92.56321716,69.25055695,-90.22933197
533.600000,69.09251404,-92.56337738,69.25078583,-90.22922516
533.650000,69.09269714,-92.56353760,69.25101471,-90.22911835
533.700000,69.09288025,-92.56369781,69.25124359,-90.22901154
533.750000,69.09306335,-92.56385803,69.25147247,-90.22889709
533.800000,69.09325409,-92.56401825,69.25170898,-90.22879028
533.850000,69.09343719,-92.56417847,69.25193787,-90.22868347
533.900000,69.09362030,-92.56433868,69.25216675,-90.22857666
533.950000,69.09380341,-92.56449127,69.25239563,-90.22846222
534.000000,69.09398651,-92.56465149,69.25262451,-90.22835541
534.050000,69.09416962,-92.56481171,69.25285339,-90.22824860
534.100000,69.09435272,-92.56497192,69.25308990,-90.22814178
534.150000,69.09453583,-92.56513214,69.25331879,-90.22802734
534.200000,69.09471893,-92.56529236,69.25354767,-90.22792053
534.250000,69.09490204,-92.56544495,69.25377655,-90.22781372
534.300000,69.09508514,-92.56560516,69.25400543,-90.22769928
534.350000,69.09526825,-92.56575775,69.25423431,-90.22759247
534.400000,69.09545135,-92.56591797,69.25447083,-90.22748566
534.450000,69.09563446,-92.56607056,69.25469971,-90.22737122
534.500000,69.09581757,-92.56623077,69.25492859,-90.22726440
534.550000,69.09600067,-92.56638336,69.25515747,-90.22715759
534.600000,69.09617615,-92.56654358,69.25538635,-90.22705078
534.650000,69.09635925,-92.56669617,69.25561523,-90.22693634
534.700000,69.09654236,-92.56684875,69.25584412,-90.22682953
534.750000,69.09672546,-92.56700897,69.25607300,-90.22672272
534.800000,69.09690094,-92.56716156,69.25630951,-90.22660828
534.850000,69.09708405,-92.56731415,69.25653839,-90.22650146
534.900000,69.09725952,-92.56747437,69.25676727,-90.22639465
534.950000,69.09744263,-92.56762695,69.25699615,-90.22628021
535.000000,69.09762573,-92.56777954,69.25722504,-90.22617340
535.050000,69.09780121,-92.56793976,69.25745392,-90.22606659
535.100000,69.09798431,-92.56809235,69.25768280,-90.22595215
535.150000,69.09816742,-92.56824493,69.25791168,-90.22584534
535.200000,69.09834290,-92.56840515,69.25814056,-90.22573853
535.250000,69.09852600,-92.56855774,69.25836945,-90.22562408
535.300000,69.09870911,-92.56871033,69.25860596,-90.22551727
535.350000,69.09888458,-92.56887054,69.25883484,-90.22541046
535.400000,69.09906769,-92.56902313,69.25906372,-90.22529602
535.450000,69.09925079,-92.56918335,69.25929260,-90.22518921
535.500000,69.09942627,-92.56933594,69.25952148,-90.22508240
535.550000,69.09960938,-92.56948853,69.25975037,-90.22496796
535.600000,69.09978485,-92.56964111,69.25997925,-90.22486115
535.650000,69.09996796,-92.56979370,69.26020813,-90.22474670
535.700000,69.10014343,-92.56994629,69.26043701,-90.22463989
535.750000,69.10032654,-92.57009888,69.26066589,-90.22453308
535.800000,69.10050201,-92.57025146,69.26089478,-90.22441864
535.850000,69.10067749,-92.57040405,69.26112366,-90.22431183
535.900000,69.10085297,-92.57055664,69.26135254,-90.22420502
535.950000,69.10103607,-92.57070923,69.26158142,-90.22409058
536.000000,69.10121155,-92.57085419,69.26181030,-90.22398376
536.050000,69.10138702,-92.57100677,69.26203918,-90.22386932
536.100000,69.10156250,-92.57115936,69.26226807,-90.22376251
536.150000,69.10173798,-92.57130432,69.26249695,-90.22364807
536.200000,69.10191345,-92.57145691,69.26272583,-90.22354126
536.250000,69.10209656,-92.57160187,69.26295471,-90.22343445
536.300000,69.10227203,-92.57175446,69.26318359,-90.22332001
536.350000,69.10243988,-92.57189941,69.26341248,-90.22321320
536.400000,69.10262299,-92.57204437,69.26364136,-90.22310638
536.450000,69.10279083,-92.57219696,69.26387787,-90.22299194
536.500000,69.10296631,-92.57234192,69.26409912,-90.22288513
536.550000,69.10314178,-92.57248688,69.26432800,-90.22277069
536.600000,69.10331726,-92.57263184,69.26455688,-90.22266388
536.650000,69.10348511,-92.57277679,69.26479340,-90.22255707
536.700000,69.10366058,-92.57292175,69.26501465,-90.22244263
536.750000,69.10383606,-92.57305908,69.26524353,-90.22233582
536.800000,69.10400391,-92.57320404,69.26548004,-90.22222137
536.850000,69.10417938,-92.57334137,69.26570129,-90.22211456
536.900000,69.10435486,-92.57348633,69.26593018,-90.22200012
536.950000,69.10452271,-92.57362366,69.26615906,-90.22189331
537.000000,69.10469818,-92.57376099,69.26638794,-90.22178650
537.050000,69.10486603,-92.57390594,69.26661682,-90.22167206
537.100000,69.10504150,-92.57404327,69.26684570,-90.22156525
537.150000,69.10520935,-92.57418060,69.26707458,-90.22145081
537.200000,69.10538483,-92.57432556,69.26730347,-90.22134399
537.250000,69.10555267,-92.57446289,69.26753235,-90.22122955
537.300000,69.10572815,-92.57460022,69.26776123,-90.22112274
537.350000,69.10589600,-92.57474518,69.26799011,-90.22100830
537.400000,69.10607147,-92.57488251,69.26821899,-90.22090149
537.450000,69.10623932,-92.57502747,69.26844788,-90.22079468
537.500000,69.10641479,-92.57516479,69.26867676,-90.22068024
537.550000,69.10659027,-92.57530975,69.26890564,-90.22056580
537.600000,69.10675812,-92.57545471,69.26913452,-90.22045898
537.650000,69.10693359,-92.57559967,69.26936340,-90.22035217
537.700000,69.10710144,-92.57574463,69.26959229,-90.22023773
537.750000,69.10727692,-92.57588959,69.26981354,-90.22013092
537.800000,69.10745239,-92.57603455,69.27004242,-90.22001648
537.850000,69.10762024,-92.57617950,69.27027130,-90.21990967
537.900000,69.10779572,-92.57632446,69.27050018,-90.21979523
537.950000,69.10796356,-92.57646942,69.27072906,-90.21968842
538.000000,69.10813904,-92.57662201,69.27095795,-90.21957397
538.050000,69.10831451,-92.57676697,69.27118683,-90.21946716
538.100000,69.10848236,-92.57691956,69.27141571,-90.21935272
538.150000,69.10865784,-92.57706451,69.27164459,-90.21924591
538.200000,69.10882568,-92.57721710,69.27187347,-90.21913147
538.250000,69.10900116,-92.57736969,69.27210236,-90.21902466
538.300000,69.10917664,-92.57752228,69.27232361,-90.21891022
538.350000,69.10934448,-92.57767487,69.27255249,-90.21880341
538.400000,69.10951996,-92.57783508,69.27278137,-90.21868896
538.450000,69.10969543,-92.57798767,69.27301025,-90.21858215
538.500000,69.10986328,-92.57814026,69.27323914,-90.21846771
538.550000,69.11003876,-92.57830048,69.27346802,-90.21836090
538.600000,69.11021423,-92.57845306,69.27369690,-90.21824646
538.650000,69.11038971,-92.57861328,69.27392578,-90.21813965
538.700000,69.11055756,-92.57876587,69.27414703,-90.21802521
538.750000,69.11073303,-92.57891846,69.27437592,-90.21791840
538.800000,69.11090851,-92.57907867,69.27460480,-90.21780396
538.850000,69.11107635,-92.57923126,69.27483368,-90.21769714
538.900000,69.11125183,-92.57938385,69.27506256,-90.21758270
538.950000,69.11141968,-92.57953644,69.27529144,-90.21746826
539.000000,69.11159515,-92.57968903,69.27551270,-90.21736145
539.050000,69.11176300,-92.57984161,69.27574158,-90.21724701
539.100000,69.11193085,-92.57998657,69.27597046,-90.21714020
539.150000,69.11210632,-92.58013916,69.27619934,-90.21702576
539.200000,69.11227417,-92.58028412,69.27642822,-90.21691895
539.250000,69.11244202,-92.58042145,69.27665710,-90.21680450
539.300000,69.11260986,-92.58056641,69.27687836,-90.21669769
539.350000,69.11277771,-92.58070374,69.27710724,-90.21658325
539.400000,69.11293793,-92.58084106,69.27733612,-90.21646881
539.450000,69.11310577,-92.58097839,69.27756500,-90.21636200
539.500000,69.11326599,-92.58111572,69.27779388,-90.21624756
539.550000,69.11343384,-92.58124542,69.27801514,-90.21614075
539.600000,69.11359406,-92.58137512,69.27824402,-90.21602631
539.650000,69.11375427,-92.58150482,69.27847290,-90.21591949
539.700000,69.11391449,-92.58163452,69.27870178,-90.21580505
539.750000,69.11407471,-92.58175659,69.27893066,-90.21569061
539.800000,69.11423492,-92.58187866,69.27915192,-90.21558380
539.850000,69.11439514,-92.58200073,69.27938080,-90.21546936
539.900000,69.11455536,-92.58212280,69.27960968,-90.21536255
539.950000,69.11470795,-92.58224487,69.27983856,-90.21524811
540.000000,69.11486816,-92.58236694,69.28006744,-90.21513367
540.050000,69.11502075,-92.58248138,69.28028870,-90.21502686
540.100000,69.11518097,-92.58260345,69.28051758,-90.21491241
540.150000,69.11533356,-92.58271790,69.28074646,-90.21480560
540.200000,69.11549377,-92.58283997,69.28097534,-90.21469116
540.250000,69.11565399,-92.58296204,69.28119659,-90.21457672
540.300000,69.11580658,-92.58307648,69.28142548,-90.21446991
540.350000,69.11595917,-92.58319855,69.28165436,-90.21435547
540.400000,69.11611938,-92.58332062,69.28188324,-90.21424103
540.450000,69.11627197,-92.58344269,69.28210449,-90.21413422
540.500000,69.11642456,-92.58356476,69.28233337,-90.21401978
540.550000,69.11658478,-92.58368683,69.28256226,-90.21391296
540.600000,69.11673737,-92.58381653,69.28279114,-90.21379852
540.650000,69.11688995,-92.58395386,69.28301239,-90.21368408
540.700000,69.11703491,-92.58408356,69.28324127,-90.21357727
540.750000,69.11718750,-92.58421326,69.28347015,-90.21346283
540.800000,69.11734009,-92.58434296,69.28369904,-90.21334839
540.850000,69.11749268,-92.58448792,69.28392029,-90.21324158
540.900000,69.11763763,-92.58462524,69.28414917,-90.21312714
540.950000,69.11779022,-92.58477020,69.28437805,-90.21301270
541.000000,69.11793518,-92.58491516,69.28459930,-90.21290588
541.050000,69.11808014,-92.58506775,69.28482819,-90.21279144
541.100000,69.11821747,-92.58521271,69.28505707,-90.21268463
541.150000,69.11836243,-92.58536530,69.28528595,-90.21257019
541.200000,69.11850739,-92.58551025,69.28550720,-90.21245575
541.250000,69.11865234,-92.58567047,69.28573608,-90.21234894
541.300000,69.11878967,-92.58583069,69.28596497,-90.21223450
541.350000,69.11892700,-92.58599091,69.28618622,-90.21212006
541.400000,69.11906433,-92.58615112,69.28641510,-90.21200562
541.450000,69.11920166,-92.58631897,69.28664398,-90.21189880
541.500000,69.11933899,-92.58648682,69.28686523,-90.21178436
541.550000,69.11946869,-92.58665466,69.28709412,-90.21166992
541.600000,69.11960602,-92.58682251,69.28732300,-90.21156311
541.650000,69.11974335,-92.58699036,69.28754425,-90.21144867
541.700000,69.11987305,-92.58716583,69.28777313,-90.21133423
541.750000,69.12000275,-92.58733368,69.28800201,-90.21122742
541.800000,69.12013245,-92.58750153,69.28822327,-90.21111298
541.850000,69.12026215,-92.58766937,69.28845215,-90.21099854
541.900000,69.12038422,-92.58783722,69.28868103,-90.21089172
541.950000,69.12051392,-92.58800507,69.28890228,-90.21077728
542.000000,69.12063599,-92.58817291,69.28913116,-90.21066284
542.050000,69.12075806,-92.58833313,69.28936005,-90.21055603
542.100000,69.12088013,-92.58849335,69.28958130,-90.21044159
542.150000,69.12099457,-92.58864594,69.28981018,-90.21032715
542.200000,69.12110901,-92.58880615,69.29003906,-90.21021271
542.250000,69.12122345,-92.58895874,69.29026031,-90.21010590
542.300000,69.12133789,-92.58911133,69.29048920,-90.20999146
542.350000,69.12145233,-92.58925629,69.29071045,-90.20987701
542.400000,69.12155914,-92.58940125,69.29093933,-90.20976257
542.450000,69.12166595,-92.58953857,69.29116821,-90.20965576
542.500000,69.12177277,-92.58966827,69.29138947,-90.20954132
542.550000,69.12187958,-92.58980560,69.29161835,-90.20942688
542.600000,69.12198639,-92.58992767,69.29184723,-90.20932007
542.650000,69.12208557,-92.59004974,69.29206848,-90.20920563
542.700000,69.12219238,-92.59016418,69.29229736,-90.20909119
542.750000,69.12229156,-92.59028625,69.29251862,-90.20897675
542.800000,69.12239075,-92.59039307,69.29274750,-90.20886993
542.850000,69.12249756,-92.59049988,69.29296875,-90.20875549
542.900000,69.12259674,-92.59060669,69.29319763,-90.20864105
542.950000,69.12270355,-92.59070587,69.29342651,-90.20852661
543.000000,69.12281036,-92.59079742,69.29364777,-90.20841217
543.050000,69.12291718,-92.59088898,69.29387665,-90.20830536
543.100000,69.12303162,-92.59098053,69.29409790,-90.20819092
543.150000,69.12313843,-92.59106445,69.29432678,-90.20807648
543.200000,69.12324524,-92.59115601,69.29454803,-90.20796204
543.250000,69.12335968,-92.59123993,69.29477692,-90.20785522
543.300000,69.12347412,-92.59132385,69.29500580,-90.20774078
543.350000,69.12358093,-92.59140778,69.29522705,-90.20762634
543.400000,69.12369537,-92.59149170,69.29545593,-90.20751190
543.450000,69.12381744,-92.59157562,69.29567719,-90.20740509
543.500000,69.12393188,-92.59165955,69.29590607,-90.20729065
543.550000,69.12404633,-92.59175110,69.29612732,-90.20717621
543.600000,69.12416840,-92.59184265,69.29635620,-90.20706177
543.650000,69.12429047,-92.59193420,69.29658508,-90.20694733
543.700000,69.12440491,-92.59202576,69.29680634,-90.20684052
543.750000,69.12452698,-92.59212494,69.29703522,-90.20672607
543.800000,69.12464142,-92.59222412,69.29725647,-90.20661163
543.850000,69.12476349,-92.59233093,69.29748535,-90.20649719
543.900000,69.12487793,-92.59244537,69.29770660,-90.20638275
543.950000,69.12499237,-92.59255981,69.29793549,-90.20627594
544.000000,69.12510681,-92.59267426,69.29815674,-90.20616150
544.050000,69.12521362,-92.59279633,69.29838562,-90.20604706
544.100000,69.12532043,-92.59291077,69.29860687,-90.20593262
544.150000,69.12542725,-92.59303284,69.29883575,-90.20581818
544.200000,69.12553406,-92.59314728,69.29905701,-90.20570374
544.250000,69.12563324,-92.59326935,69.29928589,-90.20559692
544.300000,69.12573242,-92.59339142,69.29950714,-90.20548248
544.350000,69.12582397,-92.59350586,69.29973602,-90.20536804
544.400000,69.12591553,-92.59362030,69.29995728,-90.20525360
544.450000,69.12600708,-92.59373474,69.30018616,-90.20513916
544.500000,69.12609863,-92.59384155,69.30040741,-90.20503235
544.550000,69.12619019,-92.59394073,69.30063629,-90.20491791
544.600000,69.12628174,-92.59403992,69.30085754,-90.20480347
544.650000,69.12636566,-92.59413147,69.30108643,-90.20468903
544.700000,69.12644958,-92.59421539,69.30130768,-90.20457458
544.750000,69.12654114,-92.59430695,69.30153656,-90.20446014
544.800000,69.12662506,-92.59438324,69.30175781,-90.20434570
544.850000,69.12671661,-92.59445953,69.30198669,-90.20423126
544.900000,69.12680054,-92.59453583,69.30220795,-90.20412445
544.950000,69.12689209,-92.59461212,69.30242920,-90.20401001
545.000000,69.12698364,-92.59468842,69.30265808,-90.20389557
545.050000,69.12706757,-92.59475708,69.30287933,-90.20378113
545.100000,69.12716675,-92.59482574,69.30310822,-90.20366669
545.150000,69.12725830,-92.59490204,69.30332947,-90.20355225
545.200000,69.12734985,-92.59497833,69.30355835,-90.20343781
545.250000,69.12744141,-92.59505463,69.30377960,-90.20333099
545.300000,69.12753296,-92.59513092,69.30400848,-90.20321655
545.350000,69.12762451,-92.59521484,69.30422974,-90.20310211
545.400000,69.12771606,-92.59530640,69.30445862,-90.20298767
545.450000,69.12780762,-92.59539032,69.30467987,-90.20287323
545.500000,69.12789917,-92.59547424,69.30490112,-90.20275879
545.550000,69.12798309,-92.59556580,69.30513000,-90.20264435
545.600000,69.12806702,-92.59565735,69.30535126,-90.20252991
545.650000,69.12815094,-92.59574890,69.30558014,-90.20241547
545.700000,69.12823486,-92.59583282,69.30580139,-90.20230103
545.750000,69.12831116,-92.59592438,69.30602264,-90.20219421
545.800000,69.12838745,-92.59600830,69.30625153,-90.20207977
545.850000,69.12846375,-92.59609985,69.30647278,-90.20196533
545.900000,69.12854004,-92.59617615,69.30670166,-90.20185089
545.950000,69.12860870,-92.59625244,69.30692291,-90.20173645
546.000000,69.12868500,-92.59632874,69.30714417,-90.20162201
546.050000,69.12875366,-92.59639740,69.30737305,-90.20150757
546.100000,69.12882233,-92.59647369,69.30759430,-90.20139313
546.150000,69.12889862,-92.59654236,69.30782318,-90.20127869
546.200000,69.12896729,-92.59660339,69.30804443,-90.20116425
546.250000,69.12903595,-92.59666443,69.30826569,-90.20104980
546.300000,69.12910461,-92.59672546,69.30849457,-90.20093536
546.350000,69.12918091,-92.59678650,69.30871582,-90.20082092
546.400000,69.12924957,-92.59684753,69.30893707,-90.20071411
546.450000,69.12932587,-92.59690094,69.30916595,-90.20059967
546.500000,69.12939453,-92.59696198,69.30938721,-90.20048523
546.550000,69.12947083,-92.59703064,69.30961609,-90.20037079
546.600000,69.12954712,-92.59709167,69.30983734,-90.20025635
546.650000,69.12961578,-92.59716034,69.31005859,-90.20014191
546.700000,69.12969208,-92.59722900,69.31028748,-90.20002747
546.750000,69.12976074,-92.59729767,69.31050873,-90.19991302
546.800000,69.12982941,-92.59736633,69.31072998,-90.19979858
546.850000,69.12989807,-92.59743500,69.31095886,-90.19968414
546.900000,69.12996674,-92.59750366,69.31118011,-90.19956970
546.950000,69.13003540,-92.59757233,69.31140137,-90.19945526
547.000000,69.13009644,-92.59764099,69.31163025,-90.19934082
547.050000,69.13016510,-92.59770966,69.31185150,-90.19922638
547.100000,69.13022614,-92.59777069,69.31207275,-90.19911194
547.150000,69.13028717,-92.59783173,69.31230164,-90.19899750
547.200000,69.13034821,-92.59789276,69.31252289,-90.19888306
547.250000,69.13040924,-92.59794617,69.31274414,-90.19876862
547.300000,69.13046265,-92.59799957,69.31297302,-90.19865417
547.350000,69.13052368,-92.59805298,69.31319427,-90.19853973
547.400000,69.13058472,-92.59809875,69.31341553,-90.19842529
547.450000,69.13063812,-92.59815216,69.31363678,-90.19831085
547.500000,69.13069916,-92.59819794,69.31386566,-90.19819641
547.550000,69.13076019,-92.59824371,69.31408691,-90.19808197
547.600000,69.13081360,-92.59828949,69.31430817,-90.19796753
547.650000,69.13087463,-92.59833527,69.31453705,-90.19785309
547.700000,69.13092804,-92.59838104,69.31475830,-90.19773865
547.750000,69.13098907,-92.59842682,69.31497955,-90.19762421
547.800000,69.13104248,-92.59847260,69.31520081,-90.19750977
547.850000,69.13110352,-92.59852600,69.31542969,-90.19739532
547.900000,69.13115692,-92.59857941,69.31565094,-90.19728088
547.950000,69.13121033,-92.59863281,69.31587219,-90.19716644
548.000000,69.13126373,-92.59868622,69.31610107,-90.19705200
548.050000,69.13131714,-92.59873962,69.31632233,-90.19693756
548.100000,69.13137054,-92.59879303,69.31654358,-90.19682312
548.150000,69.13142395,-92.59884644,69.31676483,-90.19670868
548.200000,69.13147736,-92.59889984,69.31699371,-90.19659424
548.250000,69.13152313,-92.59895325,69.31721497,-90.19647980
548.300000,69.13157654,-92.59900665,69.31743622,-90.19636536
548.350000,69.13162231,-92.59906006,69.31765747,-90.19625092
548.400000,69.13167572,-92.59910583,69.31788635,-90.19613647
548.450000,69.13172150,-92.59915924,69.31810760,-90.19602203
548.500000,69.13176727,-92.59920502,69.31832886,-90.19590759
548.550000,69.13182068,-92.59925079,69.31855011,-90.19578552
548.600000,69.13186646,-92.59928894,69.31877136,-90.19567108
548.650000,69.13191223,-92.59933472,69.31900024,-90.19555664
548.700000,69.13195801,-92.59937286,69.31922150,-90.19544220
548.750000,69.13201141,-92.59941101,69.31944275,-90.19532776
548.800000,69.13205719,-92.59944916,69.31966400,-90.19521332
548.850000,69.13210297,-92.59948730,69.31989288,-90.19509888
548.900000,69.13215637,-92.59952545,69.32011414,-90.19498444
548.950000,69.13220215,-92.59956360,69.32033539,-90.19487000
549.000000,69.13224792,-92.59960175,69.32055664,-90.19475555
549.050000,69.13229370,-92.59963989,69.32077789,-90.19464111
549.100000,69.13234711,-92.59967041,69.32100677,-90.19452667
549.150000,69.13239288,-92.59970856,69.32122803,-90.19440460
549.200000,69.13243866,-92.59974670,69.32144928,-90.19429016
549.250000,69.13247681,-92.59977722,69.32167053,-90.19417572
549.300000,69.13252258,-92.59981537,69.32189178,-90.19406128
549.350000,69.13256836,-92.59985352,69.32212067,-90.19394684
549.400000,69.13260651,-92.59989166,69.32234192,-90.19383240
549.450000,69.13265228,-92.59992981,69.32256317,-90.19371796
549.500000,69.13269043,-92.59996033,69.32278442,-90.19360352
549.550000,69.13272858,-92.59999847,69.32300568,-90.19348907
549.600000,69.13276672,-92.60002899,69.32322693,-90.19337463
549.650000,69.13280487,-92.60006714,69.32345581,-90.19325256
549.700000,69.13284302,-92.60009766,69.32367706,-90.19313812
549.750000,69.13288116,-92.60012817,69.32389832,-90.19302368
549.800000,69.13291931,-92.60015869,69.32411957,-90.19290924
549.850000,69.13295746,-92.60018921,69.32434082,-90.19279480
549.900000,69.13298798,-92.60022736,69.32456207,-90.19268036
549.950000,69.13302612,-92.60025787,69.32478333,-90.19256592
550.000000,69.13306427,-92.60028839,69.32501221,-90.19244385
550.050000,69.13309479,-92.60031891,69.32523346,-90.19232941
550.100000,69.13313293,-92.60034943,69.32545471,-90.19221497
550.150000,69.13316345,-92.60037994,69.32567596,-90.19210052
550.200000,69.13320160,-92.60041046,69.32589722,-90.19198608
550.250000,69.13323975,-92.60044098,69.32611847,-90.19187164
550.300000,69.13327026,-92.60047150,69.32633972,-90.19174957
550.350000,69.13330841,-92.60050201,69.32656860,-90.19163513
550.400000,69.13334656,-92.60053253,69.32678986,-90.19152069
550.450000,69.13337708,-92.60057068,69.32701111,-90.19140625
550.500000,69.13341522,-92.60060120,69.32723236,-90.19129181
550.550000,69.13344574,-92.60063934,69.32745361,-90.19117737
550.600000,69.13347626,-92.60066986,69.32767487,-90.19106293
550.650000,69.13351440,-92.60070801,69.32789612,-90.19094086
550.700000,69.13354492,-92.60073853,69.32811737,-90.19082642
550.750000,69.13357544,-92.60076904,69.32833862,-90.19071198
550.800000,69.13361359,-92.60079956,69.32855988,-90.19059753
550.850000,69.13364410,-92.60083008,69.32878876,-90.19048309
550.900000,69.13367462,-92.60086060,69.32901001,-90.19036102
550.950000,69.13371277,-92.60089111,69.32923126,-90.19024658
551.000000,69.13374329,-92.60092163,69.32945251,-90.19013214
551.050000,69.13377380,-92.60095215,69.32967377,-90.19001770
551.100000,69.13380432,-92.60097504,69.32989502,-90.18990326
551.150000,69.13383484,-92.60100555,69.33011627,-90.18978119
551.200000,69.13386536,-92.60102844,69.33033752,-90.18966675
551.250000,69.13389587,-92.60105896,69.33055878,-90.18955231
551.300000,69.13392639,-92.60108185,69.33078003,-90.18943787
551.350000,69.13395691,-92.60109711,69.33100128,-90.18932343
551.400000,69.13398743,-92.60112000,69.33122253,-90.18920135
551.450000,69.13401794,-92.60114288,69.33144379,-90.18908691
551.500000,69.13404846,-92.60116577,69.33166504,-90.18897247
551.550000,69.13407898,-92.60118866,69.33188629,-90.18885803
551.600000,69.13410950,-92.60120392,69.33210754,-90.18873596
551.650000,69.13414001,-92.60122681,69.33232880,-90.18862152
551.700000,69.13417053,-92.60124207,69.33255768,-90.18850708
551.750000,69.13420105,-92.60126495,69.33277893,-90.18839264
551.800000,69.13422394,-92.60128021,69.33300018,-90.18827057
551.850000,69.13425446,-92.60130310,69.33322144,-90.18815613
551.900000,69.13427734,-92.60131836,69.33344269,-90.18804169
551.950000,69.13430786,-92.60133362,69.33366394,-90.18792725
552.000000,69.13433075,-92.60135651,69.33388519,-90.18780518
552.050000,69.13436127,-92.60137177,69.33410645,-90.18769073
552.100000,69.13438416,-92.60139465,69.33432770,-90.18757629
552.150000,69.13440704,-92.60140991,69.33454895,-90.18746185
552.200000,69.13442993,-92.60143280,69.33477020,-90.18734741
552.250000,69.13445282,-92.60144806,69.33499146,-90.18722534
552.300000,69.13448334,-92.60146332,69.33521271,-90.18711090
552.350000,69.13449860,-92.60148621,69.33543396,-90.18699646
552.400000,69.13452148,-92.60150146,69.33565521,-90.18687439
552.450000,69.13454437,-92.60151672,69.33587646,-90.18675995
552.500000,69.13456726,-92.60153961,69.33609772,-90.18664551
552.550000,69.13459015,-92.60155487,69.33631897,-90.18652344
552.600000,69.13461304,-92.60157776,69.33654022,-90.18640900
552.650000,69.13462830,-92.60159302,69.33676147,-90.18629456
552.700000,69.13465118,-92.60160828,69.33698273,-90.18618011
552.750000,69.13467407,-92.60163116,69.33720398,-90.18605804
552.800000,69.13468933,-92.60164642,69.33741760,-90.18594360
552.850000,69.13471222,-92.60166931,69.33763885,-90.18582916
552.900000,69.13473511,-92.60169220,69.33786011,-90.18570709
552.950000,69.13475037,-92.60170746,69.33808136,-90.18559265
553.000000,69.13477325,-92.60172272,69.33830261,-90.18547821
553.050000,69.13478851,-92.60174561,69.33852386,-90.18536377
553.100000,69.13481140,-92.60176086,69.33874512,-90.18524170
553.150000,69.13483429,-92.60178375,69.33896637,-90.18512726
553.200000,69.13484955,-92.60179901,69.33918762,-90.18500519
553.250000,69.13487244,-92.60182190,69.33940887,-90.18489075
553.300000,69.13488770,-92.60183716,69.33963013,-90.18477631
553.350000,69.13491058,-92.60186005,69.33985138,-90.18466187
553.400000,69.13492584,-92.60187531,69.34007263,-90.18453979
553.450000,69.13494873,-92.60189819,69.34029388,-90.18442535
553.500000,69.13496399,-92.60192108,69.34051514,-90.18431091
553.550000,69.13498688,-92.60193634,69.34072876,-90.18418884
553.600000,69.13500214,-92.60195923,69.34095001,-90.18407440
553.650000,69.13502502,-92.60197449,69.34117126,-90.18395996
553.700000,69.13504028,-92.60198975,69.34139252,-90.18383789
553.750000,69.13506317,-92.60201263,69.34161377,-90.18372345
553.800000,69.13507843,-92.60202789,69.34183502,-90.18360901
553.850000,69.13510132,-92.60204315,69.34205627,-90.18348694
553.900000,69.13511658,-92.60205841,69.34227753,-90.18337250
553.950000,69.13513947,-92.60207367,69.34249878,-90.18325043
554.000000,69.13515472,-92.60208893,69.34272003,-90.18313599
554.050000,69.13517761,-92.60210419,69.34294128,-90.18302155
554.100000,69.13519287,-92.60211945,69.34315491,-90.18289948
554.150000,69.13521576,-92.60212708,69.34337616,-90.18278503
554.200000,69.13523102,-92.60214233,69.34359741,-90.18267059
554.250000,69.13524628,-92.60215759,69.34381866,-90.18254852
554.300000,69.13526154,-92.60216522,69.34403992,-90.18243408
554.350000,69.13528442,-92.60217285,69.34426117,-90.18231201
554.400000,69.13529968,-92.60218811,69.34448242,-90.18219757
554.450000,69.13531494,-92.60219574,69.34469604,-90.18208313
554.500000,69.13533783,-92.60220337,69.34491730,-90.18196106
554.550000,69.13535309,-92.60221863,69.34513855,-90.18184662
554.600000,69.13536835,-92.60222626,69.34535980,-90.18173218
554.650000,69.13538361,-92.60223389,69.34558105,-90.18161011
554.700000,69.13539886,-92.60224152,69.34580231,-90.18149567
554.750000,69.13541412,-92.60225677,69.34602356,-90.18137360
554.800000,69.13542938,-92.60226440,69.34623718,-90.18125916
554.850000,69.13544464,-92.60227203,69.34645844,-90.18113708
554.900000,69.13545990,-92.60227966,69.34667969,-90.18102264
554.950000,69.13547516,-92.60228729,69.34690094,-90.18090820
555.000000,69.13549042,-92.60229492,69.34712219,-90.18078613
555.050000,69.13549805,-92.60230255,69.34734344,-90.18067169
555.100000,69.13551331,-92.60231018,69.34755707,-90.18054962
555.150000,69.13552094,-92.60231018,69.34777832,-90.18043518
555.200000,69.13553619,-92.60231781,69.34799957,-90.18032074
555.250000,69.13555145,-92.60232544,69.34822083,-90.18019867
555.300000,69.13555908,-92.60233307,69.34844208,-90.18008423
555.350000,69.13557434,-92.60234070,69.34865570,-90.17996216
555.400000,69.13558197,-92.60234833,69.34887695,-90.17984772
555.450000,69.13559723,-92.60235596,69.34909821,-90.17972565
555.500000,69.13561249,-92.60236359,69.34931946,-90.17961121
555.550000,69.13562012,-92.60237122,69.34954071,-90.17948914
555.600000,69.13563538,-92.60237885,69.34975433,-90.17937469
555.650000,69.13564301,-92.60238647,69.34997559,-90.17926025
555.700000,69.13565826,-92.60239410,69.35019684,-90.17913818
555.750000,69.13567352,-92.60240173,69.35041809,-90.17902374
555.800000,69.13568115,-92.60240936,69.35063934,-90.17890167
555.850000,69.13568878,-92.60241699,69.35085297,-90.17878723
555.900000,69.13570404,-92.60242462,69.35107422,-90.17866516
555.950000,69.13571167,-92.60243225,69.35129547,-90.17855072
556.000000,69.13572693,-92.60244751,69.35151672,-90.17842865
556.050000,69.13573456,-92.60245514,69.35173035,-90.17831421
556.100000,69.13574982,-92.60246277,69.35195160,-90.17819214
556.150000,69.13575745,-92.60247040,69.35217285,-90.17807770
556.200000,69.13576508,-92.60247803,69.35239410,-90.17795563
556.250000,69.13578033,-92.60248566,69.35260773,-90.17784119
556.300000,69.13578796,-92.60250092,69.35282898,-90.17771912
556.350000,69.13580322,-92.60250854,69.35305023,-90.17760468
556.400000,69.13581085,-92.60251617,69.35327148,-90.17748260
556.450000,69.13581848,-92.60252380,69.35348511,-90.17736816
556.500000,69.13583374,-92.60253143,69.35370636,-90.17724609
556.550000,69.13584137,-92.60253906,69.35392761,-90.17713165
556.600000,69.13585663,-92.60254669,69.35414124,-90.17700958
556.650000,69.13586426,-92.60255432,69.35436249,-90.17689514
556.700000,69.13587952,-92.60256195,69.35458374,-90.17677307
556.750000,69.13588715,-92.60256958,69.35480499,-90.17665863
556.800000,69.13589478,-92.60256958,69.35501862,-90.17653656
556.850000,69.13590240,-92.60257721,69.35523987,-90.17642212
556.900000,69.13591766,-92.60257721,69.35546112,-90.17630005
556.950000,69.13592529,-92.60257721,69.35568237,-90.17618561
557.000000,69.13593292,-92.60257721,69.35589600,-90.17606354
557.050000,69.13594055,-92.60258484,69.35611725,-90.17594910
557.100000,69.13594818,-92.60258484,69.35633850,-90.17582703
557.150000,69.13596344,-92.60258484,69.35655212,-90.17571259
557.200000,69.13597107,-92.60259247,69.35677338,-90.17559052
557.250000,69.13597870,-92.60259247,69.35699463,-90.17547607
557.300000,69.13598633,-92.60259247,69.35720825,-90.17535400
557.350000,69.13599396,-92.60259247,69.35742950,-90.17523193
557.400000,69.13600159,-92.60260010,69.35765076,-90.17511749
557.450000,69.13601685,-92.60260010,69.35786438,-90.17499542
557.500000,69.13602448,-92.60260010,69.35808563,-90.17488098
557.550000,69.13603210,-92.60260773,69.35830688,-90.17475891
557.600000,69.13603973,-92.60260773,69.35852051,-90.17464447
557.650000,69.13604736,-92.60260773,69.35874176,-90.17452240
557.700000,69.13605499,-92.60260773,69.35896301,-90.17440033
557.750000,69.13607025,-92.60261536,69.35917664,-90.17428589
557.800000,69.13607788,-92.60261536,69.35939789,-90.17416382
557.850000,69.13608551,-92.60261536,69.35961914,-90.17404938
557.900000,69.13609314,-92.60262299,69.35983276,-90.17392731
557.950000,69.13610077,-92.60262299,69.36005402,-90.17381287
558.000000,69.13610840,-92.60262299,69.36027527,-90.17369080
558.050000,69.13612366,-92.60262299,69.36048889,-90.17357635
558.100000,69.13613129,-92.60263062,69.36071014,-90.17345428
558.150000,69.13613892,-92.60263062,69.36092377,-90.17333221
558.200000,69.13614655,-92.60263062,69.36114502,-90.17321777
558.250000,69.13615417,-92.60263824,69.36136627,-90.17309570
558.300000,,,69.36157990,-90.17297363
558.350000,,,69.36180115,-90.17285919
558.400000,,,69.36202240,-90.17273712
558.450000,,,69.36223602,-90.17262268
558.500000,,,69.36245728,-90.17250061
558.550000,,,69.36267090,-90.17237854
558.600000,,,69.36289215,-90.17226410
558.650000,,,69.36310577,-90.17214203
558.700000,,,69.36332703,-90.17202759
558.750000,,,69.36354828,-90.17190552
558.800000,,,69.36376190,-90.17178345
558.850000,,,69.36398315,-90.17166901
558.900000,,,69.36419678,-90.17154694
558.950000,,,69.36441803,-90.17142487
559.000000,,,69.36463928,-90.17131042
559.050000,,,69.36485291,-90.17118835
559.100000,,,69.36507416,-90.17106628
559.150000,,,69.36528778,-90.17095184
559.200000,,,69.36550903,-90.17082977
559.250000,,,69.36572266,-90.17071533
559.300000,,,69.36594391,-90.17059326
559.350000,,,69.36616516,-90.17047119
559.400000,,,69.36637878,-90.17034912
559.450000,,,69.36660004,-90.17023468
559.500000,,,69.36681366,-90.17011261
559.550000,,,69.36703491,-90.16999054
559.600000,,,69.36724854,-90.16987610
559.650000,,,69.36746979,-90.16975403
559.700000,,,69.36768341,-90.16963196
559.750000,,,69.36790466,-90.16951752
559.800000,,,69.36811829,-90.16939545
559.850000,,,69.36833954,-90.16927338
559.900000,,,69.36855316,-90.16915894
559.950000,,,69.36877441,-90.16903687
560.000000,,,69.36898804,-90.16891479
560.050000,,,69.36920929,-90.16880035
560.100000,,,69.36942291,-90.16867828
560.150000,,,69.36964417,-90.16855621
560.200000,,,69.36985779,-90.16843414
560.250000,,,69.37007904,-90.16831970
560.300000,,,69.37029266,-90.16819763
560.350000,,,69.37051392,-90.16807556
560.400000,,,69.37072754,-90.16796112
560.450000,,,69.37094879,-90.16783905
560.500000,,,69.37116241,-90.16771698
560.550000,,,69.37138367,-90.16759491
560.600000,,,69.37159729,-90.16748047
560.650000,,,69.37181854,-90.16735840
560.700000,,,69.37203217,-90.16723633
560.750000,,,69.37225342,-90.16712189
560.800000,,,69.37246704,-90.16699982
560.850000,,,69.37268829,-90.16687775
560.900000,,,69.37290192,-90.16675568
560.950000,,,69.37312317,-90.16663361
561.000000,,,69.37333679,-90.16651917
561.050000,,,69.37355042,-90.16639709
561.100000,,,69.37377167,-90.16627502
561.150000,,,69.37398529,-90.16616058
561.200000,,,69.37420654,-90.16603851
561.250000,,,69.37442017,-90.16591644
561.300000,,,69.37464142,-90.16579437
561.350000,,,69.37485504,-90.16567230
561.400000,,,69.37506866,-90.16555786
561.450000,,,69.37528992,-90.16543579
561.500000,,,69.37550354,-90.16531372
561.550000,,,69.37572479,-90.16519165
561.600000,,,69.37593842,-90.16506958
561.650000,,,69.37615204,-90.16495514
561.700000,,,69.37637329,-90.16483307
561.750000,,,69.37658691,-90.16471100
561.800000,,,69.37680817,-90.16458893
561.850000,,,69.37702179,-90.16446686
561.900000,,,69.37723541,-90.16435242
561.950000,,,69.37745667,-90.16423035
562.000000,,,69.37767029,-90.16410828
562.050000,,,69.37789154,-90.16398621
562.100000,,,69.37810516,-90.16386414
562.150000,,,69.37831879,-90.16374969
562.200000,,,69.37854004,-90.16362762
562.250000,,,69.37875366,-90.16350555
562.300000,,,69.37896729,-90.16338348
562.350000,,,69.37918854,-90.16326141
562.400000,,,69.37940216,-90.16314697
562.450000,,,69.37962341,-90.16302490
562.500000,,,69.37983704,-90.16290283
562.550000,,,69.38005066,-90.16278076
562.600000,,,69.38027191,-90.16265869
562.650000,,,69.38048553,-90.16253662
562.700000,,,69.38069916,-90.16242218
562.750000,,,69.38092041,-90.16230011
562.800000,,,69.38113403,-90.16217804
562.850000,,,69.38134766,-90.16205597
562.900000,,,69.38156891,-90.16193390
562.950000,,,69.38178253,-90.16181183
563.000000,,,69.38199615,-90.16168976
563.050000,,,69.38220978,-90.16157532
563.100000,,,69.38243103,-90.16145325
563.150000,,,69.38264465,-90.16133118
563.200000,,,69.38286591,-90.16120911
563.250000,,,69.38307953,-90.16108704
563.300000,,,69.38329315,-90.16096497
563.350000,,,69.38350677,-90.16084290
563.400000,,,69.38372803,-90.16072083
563.450000,,,69.38394165,-90.16060638
563.500000,,,69.38415527,-90.16048431
563.550000,,,69.38437653,-90.16036224
563.600000,,,69.38459015,-90.16024017
563.650000,,,69.38480377,-90.16011810
563.700000,,,69.38501740,-90.15999603
563.750000,,,69.38523865,-90.15987396
563.800000,,,69.38545227,-90.15975189
563.850000,,,69.38566589,-90.15962982
563.900000,,,69.38587952,-90.15950775
563.950000,,,69.38610077,-90.15939331
564.000000,,,69.38631439,-90.15927124
564.050000,,,69.38652802,-90.15914917
564.100000,,,69.38674164,-90.15902710
564.150000,,,69.38696289,-90.15890503
564.200000,,,69.38717651,-90.15878296
564.250000,,,69.38739014,-90.15866089
564.300000,,,69.38760376,-90.15853882
564.350000,,,69.38782501,-90.15841675
564.400000,,,69.38803864,-90.15829468
564.450000,,,69.38825226,-90.15817261
564.500000,,,69.38846588,-90.15805054
564.550000,,,69.38867950,-90.15792847
564.600000,,,69.38890076,-90.15781403
564.650000,,,69.38911438,-90.15769196
564.700000,,,69.38932800,-90.15756989
564.750000,,,69.38954163,-90.15744781
564.800000,,,69.38975525,-90.15732574
564.850000,,,69.38997650,-90.15720367
564.900000,,,69.39019012,-90.15708160
564.950000,,,69.39040375,-90.15695953
565.000000,,,69.39061737,-90.15683746
565.050000,,,69.39083099,-90.15671539
565.100000,,,69.39105225,-90.15659332
565.150000,,,69.39126587,-90.15647125
565.200000,,,69.39147949,-90.15634918
565.250000,,,69.39169312,-90.15622711
565.300000,,,69.39190674,-90.15610504
565.350000,,,69.39212036,-90.15598297
565.400000,,,69.39234161,-90.15586090
565.450000,,,69.39255524,-90.15573883
565.500000,,,69.39276886,-90.15561676
565.550000,,,69.39298248,-90.15549469
565.600000,,,69.39319611,-90.15537262
565.650000,,,69.39340973,-90.15525055
565.700000,,,69.39362335,-90.15512848
565.750000,,,69.39384460,-90.15500641
565.800000,,,69.39405823,-90.15488434
565.850000,,,69.39427185,-90.15476227
565.900000,,,69.39448547,-90.15464020
565.950000,,,69.39469910,-90.15451813
566.000000,,,69.39491272,-90.15439606
566.050000,,,69.39512634,-90.15427399
566.100000,,,69.39533997,-90.15415192
566.150000,,,69.39556122,-90.15402985
566.200000,,,69.39577484,-90.15390778
566.250000,,,69.39598846,-90.15378571
566.300000,,,69.39620209,-90.15366364
566.350000,,,69.39641571,-90.15354156
566.400000,,,69.39662933,-90.15341949
566.450000,,,69.39684296,-90.15329742
566.500000,,,69.39705658,-90.15317535
566.550000,,,69.39727020,-90.15305328
566.600000,,,69.39748383,-90.15293121
566.650000,,,69.39769745,-90.15280914
566.700000,,,69.39791870,-90.15268707
566.750000,,,69.39813232,-90.15256500
566.800000,,,69.39834595,-90.15244293
566.850000,,,69.39855957,-90.15232086
566.900000,,,69.39877319,-90.15219879
566.950000,,,69.39898682,-90.15207672
567.000000,,,69.39920044,-90.15194702
567.050000,,,69.39941406,-90.15182495
567.100000,,,69.39962769,-90.15170288
567.150000,,,69.39984131,-90.15158081
567.200000,,,69.40005493,-90.15145874
567.250000,,,69.40026855,-90.15133667
567.300000,,,69.40048218,-90.15121460
567.350000,,,69.40069580,-90.15109253
567.400000,,,69.40090942,-90.15097046
567.450000,,,69.40112305,-90.15084839
567.500000,,,69.40133667,-90.15072632
567.550000,,,69.40155029,-90.15059662
567.600000,,,69.40176392,-90.15047455
567.650000,,,69.40197754,-90.15035248
567.700000,,,69.40219116,-90.15023041
567.750000,,,69.40240479,-90.15010834
567.800000,,,69.40261841,-90.14998627
567.850000,,,69.40283203,-90.14986420
567.900000,,,69.40304565,-90.14974213
567.950000,,,69.40325928,-90.14962006
568.000000,,,69.40347290,-90.14949036
568.050000,,,69.40368652,-90.14936829
568.100000,,,69.40390015,-90.14924622
568.150000,,,69.40411377,-90.14912415
568.200000,,,69.40432739,-90.14900208
568.250000,,,69.40454102,-90.14888000
568.300000,,,69.40475464,-90.14875793
568.350000,,,69.40496826,-90.14863586
568.400000,,,69.40518188,-90.14850616
568.450000,,,69.40539551,-90.14838409
568.500000,,,69.40560913,-90.14826202
568.550000,,,69.40582275,-90.14813995
568.600000,,,69.40603638,-90.14801788
568.650000,,,69.40625000,-90.14789581
568.700000,,,69.40646362,-90.14776611
568.750000,,,69.40667725,-90.14764404
568.800000,,,69.40689087,-90.14752197
568.850000,,,69.40709686,-90.14739990
568.900000,,,69.40731049,-90.14727783
568.950000,,,69.40752411,-90.14714813
569.000000,,,69.40773773,-90.14702606
569.050000,,,69.40795135,-90.14690399
569.100000,,,69.40816498,-90.14678192
569.150000,,,69.40837860,-90.14665985
569.200000,,,69.40859222,-90.14653015
569.250000,,,69.40880585,-90.14640808
569.300000,,,69.40901947,-90.14628601
569.350000,,,69.40923309,-90.14616394
569.400000,,,69.40944672,-90.14604187
569.450000,,,69.40966034,-90.14591980
569.500000,,,69.40987396,-90.14579010
569.550000,,,69.41008759,-90.14566803
569.600000,,,69.41030121,-90.14554596
569.650000,,,69.41051483,-90.14542389
569.700000,,,69.41072845,-90.14530182
569.750000,,,69.41094208,-90.14517212
569.800000,,,69.41114807,-90.14505005
569.850000,,,69.41136169,-90.14492798
569.900000,,,69.41157532,-90.14480591
569.950000,,,69.41178894,-90.14468384
570.000000,,,69.41201019,-90.14456177
570.050000,,,69.41222382,-90.14443207
570.100000,,,69.41243744,-90.14431000
570.150000,,,69.41264343,-90.14418793
570.200000,,,69.41285706,-90.14406586
570.250000,,,69.41307068,-90.14394379
570.300000,,,69.41329193,-90.14382172
570.350000,,,69.41350555,-90.14369202
570.400000,,,69.41371918,-90.14356995
570.450000,,,69.41393280,-90.14344788
570.500000,,,69.41414642,-90.14332581
570.550000,,,69.41436005,-90.14320374
570.600000,,,69.41457367,-90.14308167
570.650000,,,69.41478729,-90.14295959
570.700000,,,69.41500092,-90.14283752
570.750000,,,69.41521454,-90.14271545
570.800000,,,69.41542816,-90.14259338
570.850000,,,69.41563416,-90.14247131
570.900000,,,69.41584778,-90.14234924
570.950000,,,69.41606140,-90.14222717
571.000000,,,69.41627502,-90.14209747
571.050000,,,69.41648865,-90.14197540
571.100000,,,69.41670227,-90.14185333
571.150000,,,69.41690826,-90.14173126
571.200000,,,69.41712189,-90.14160919
571.250000,,,69.41733551,-90.14147949
571.300000,,,69.41754150,-90.14135742
571.350000,,,69.41775513,-90.14123535
571.400000,,,69.41796112,-90.14111328
571.450000,,,69.41817474,-90.14098358
571.500000,,,69.41838074,-90.14086151
571.550000,,,69.41859436,-90.14073944
571.600000,,,69.41880035,-90.14060974
571.650000,,,69.41901398,-90.14048767
571.700000,,,69.41921997,-90.14035797
571.750000,,,69.41942596,-90.14023590
571.800000,,,69.41963959,-90.14010620
571.850000,,,69.41984558,-90.13997650
571.900000,,,69.42005157,-90.13985443
571.950000,,,69.42025757,-90.13972473
572.000000,,,69.42046356,-90.13959503
572.050000,,,69.42066956,-90.13947296
572.100000,,,69.42088318,-90.13934326
572.150000,,,69.42108917,-90.13921356
572.200000,,,69.42129517,-90.13908386
572.250000,,,69.42150116,-90.13895416
572.300000,,,69.42170715,-90.13883209
572.350000,,,69.42191315,-90.13870239
572.400000,,,69.42211914,-90.13857269
572.450000,,,69.42231750,-90.13844299
572.500000,,,69.42252350,-90.13832092
572.550000,,,69.42272949,-90.13819122
572.600000,,,69.42293549,-90.13806915
572.650000,,,69.42314148,-90.13793945
572.700000,,,69.42334747,-90.13781738
572.750000,,,69.42355347,-90.13769531
572.800000,,,69.42375946,-90.13757324
572.850000,,,69.42395782,-90.13745117
572.900000,,,69.42416382,-90.13732910
572.950000,,,69.42436981,-90.13720703
573.000000,,,69.42457581,-90.13708496
573.050000,,,69.42478180,-90.13696289
573.100000,,,69.42498016,-90.13684845
573.150000,,,69.42518616,-90.13672638
573.200000,,,69.42539215,-90.13661194
573.250000,,,69.42559052,-90.13648987
573.300000,,,69.42579651,-90.13637543
573.350000,,,69.42600250,-90.13626099
573.400000,,,69.42620087,-90.13613892
573.450000,,,69.42640686,-90.13602448
573.500000,,,69.42660522,-90.13591003
573.550000,,,69.42681122,-90.13579559
573.600000,,,69.42700958,-90.13568115
573.650000,,,69.42721558,-90.13556671
573.700000,,,69.42741394,-90.13545227
573.750000,,,69.42761230,-90.13533783
573.800000,,,69.42781830,-90.13522339
573.850000,,,69.42801666,-90.13510895
573.900000,,,69.42821503,-90.13499451
573.950000,,,69.42842102,-90.13488007
574.000000,,,69.42861938,-90.13475800
574.050000,,,69.42881775,-90.13464355
574.100000,,,69.42901611,-90.13452911
574.150000,,,69.42921448,-90.13440704
574.200000,,,69.42942047,-90.13428497
574.250000,,,69.42961884,-90.13416290
574.300000,,,69.42981720,-90.13404846
574.350000,,,69.43001556,-90.13392639
574.400000,,,69.43021393,-90.13380432
574.450000,,,69.43041229,-90.13368225
574.500000,,,69.43061066,-90.13356018
574.550000,,,69.43081665,-90.13343811
574.600000,,,69.43100739,-90.13331604
574.650000,,,69.43120575,-90.13319397
574.700000,,,69.43140411,-90.13307953
574.750000,,,69.43160248,-90.13295746
574.800000,,,69.43180084,-90.13283539
574.850000,,,69.43199921,-90.13272095
574.900000,,,69.43218994,-90.13260651
574.950000,,,69.43238831,-90.13248444
575.000000,,,69.43257904,-90.13237000
575.050000,,,69.43276978,-90.13225555
575.100000,,,69.43296814,-90.13214111
575.150000,,,69.43315887,-90.13202667
575.200000,,,69.43334961,-90.13191223
575.250000,,,69.43354034,-90.13179779
575.300000,,,69.43373108,-90.13168335
575.350000,,,69.43392181,-90.13157654
575.400000,,,69.43411255,-90.13146210
575.450000,,,69.43430328,-90.13134766
575.500000,,,69.43449402,-90.13124084
575.550000,,,69.43467712,-90.13112640
575.600000,,,69.43486786,-90.13101959
575.650000,,,69.43505859,-90.13090515
575.700000,,,69.43524170,-90.13079071
575.750000,,,69.43543243,-90.13068390
575.800000,,,69.43562317,-90.13056946
575.850000,,,69.43580627,-90.13045502
575.900000,,,69.43599701,-90.13034058
575.950000,,,69.43618774,-90.13022614
576.000000,,,69.43637085,-90.13011169
576.050000,,,69.43656158,-90.12999725
576.100000,,,69.43675232,-90.12988281
576.150000,,,69.43693542,-90.12976837
576.200000,,,69.43712616,-90.12965393
576.250000,,,69.43731689,-90.12953949
576.300000,,,69.43750000,-90.12942505
576.350000,,,69.43768311,-90.12931061
576.400000,,,69.43787384,-90.12919617
576.450000,,,69.43805695,-90.12908173
576.500000,,,69.43824005,-90.12896729
576.550000,,,69.43842316,-90.12886047
576.600000,,,69.43860626,-90.12874603
576.650000,,,69.43878937,-90.12863922
576.700000,,,69.43897247,-90.12852478
576.750000,,,69.43914795,-90.12841797
576.800000,,,69.43932343,-90.12830353
576.850000,,,69.43950653,-90.12819672
576.900000,,,69.43968201,-90.12808990
576.950000,,,69.43985748,-90.12798309
577.000000,,,69.44003296,-90.12787628
577.050000,,,69.44020844,-90.12776947
577.100000,,,69.44038391,-90.12766266
577.150000,,,69.44055939,-90.12755585
577.200000,,,69.44073486,-90.12744904
577.250000,,,69.44090271,-90.12734222
577.300000,,,69.44107819,-90.12723541
577.350000,,,69.44125366,-90.12712860
577.400000,,,69.44142914,-90.12702179
577.450000,,,69.44160461,-90.12691498
577.500000,,,69.44178009,-90.12680817
577.550000,,,69.44194794,-90.12670135
577.600000,,,69.44212341,-90.12659454
577.650000,,,69.44229889,-90.12648773
577.700000,,,69.44246674,-90.12638092
577.750000,,,69.44264221,-90.12627411
577.800000,,,69.44281006,-90.12616730
577.850000,,,69.44298553,-90.12606049
577.900000,,,69.44315338,-90.12595367
577.950000,,,69.44332123,-90.12584686
578.000000,,,69.44348907,-90.12574768
578.050000,,,69.44365692,-90.12564087
578.100000,,,69.44382477,-90.12553406
578.150000,,,69.44398499,-90.12542725
578.200000,,,69.44414520,-90.12532043
578.250000,,,69.44431305,-90.12521362
578.300000,,,69.44447327,-90.12510681
578.350000,,,69.44463348,-90.12499237
578.400000,,,69.44479370,-90.12488556
578.450000,,,69.44495392,-90.12477875
578.500000,,,69.44511414,-90.12467194
578.550000,,,69.44526672,-90.12457275
578.600000,,,69.44542694,-90.12446594
578.650000,,,69.44558716,-90.12435913
578.700000,,,69.44573975,-90.12425995
578.750000,,,69.44589996,-90.12416077
578.800000,,,69.44606018,-90.12406158
578.850000,,,69.44621277,-90.12396240
578.900000,,,69.44637299,-90.12387085
578.950000,,,69.44652557,-90.12377167
579.000000,,,69.44667816,-90.12367249
579.050000,,,69.44683075,-90.12358093
579.100000,,,69.44699097,-90.12348175
579.150000,,,69.44714355,-90.12338257
579.200000,,,69.44728851,-90.12328339
579.250000,,,69.44744110,-90.12318420
579.300000,,,69.44759369,-90.12308502
579.350000,,,69.44774628,-90.12297821
579.400000,,,69.44789886,-90.12287140
579.450000,,,69.44804382,-90.12276459
579.500000,,,69.44819641,-90.12265778
579.550000,,,69.44834900,-90.12255096
579.600000,,,69.44849396,-90.12244415
579.650000,,,69.44864655,-90.12233734
579.700000,,,69.44879150,-90.12223053
579.750000,,,69.44893646,-90.12212372
579.800000,,,69.44908142,-90.12202454
579.850000,,,69.44922638,-90.12191772
579.900000,,,69.44937134,-90.12181854
579.950000,,,69.44950867,-90.12171936
580.000000,,,69.44965363,-90.12161255
580.050000,,,69.44979095,-90.12151337
580.100000,,,69.44992828,-90.12141418
580.150000,,,69.45006561,-90.12131500
580.200000,,,69.45020294,-90.12121582
580.250000,,,69.45034027,-90.12111664
580.300000,,,69.45047760,-90.12102509
580.350000,,,69.45061493,-90.12092590
580.400000,,,69.45075226,-90.12083435
580.450000,,,69.45088959,-90.12074280
580.500000,,,69.45102692,-90.12065125
580.550000,,,69.45116425,-90.12055969
580.600000,,,69.45130157,-90.12047577
580.650000,,,69.45143890,-90.12039185
580.700000,,,69.45156860,-90.12030792
580.750000,,,69.45170593,-90.12021637
580.800000,,,69.45184326,-90.12013245
580.850000,,,69.45197296,-90.12004852
580.900000,,,69.45210266,-90.11995697
580.950000,,,69.45223999,-90.11987305
581.000000,,,69.45236969,-90.11978149
581.050000,,,69.45249939,-90.11968994
581.100000,,,69.45262909,-90.11959839
581.150000,,,69.45275879,-90.11950684
581.200000,,,69.45288849,-90.11941528
581.250000,,,69.45301819,-90.11933136
581.300000,,,69.45314026,-90.11923981
581.350000,,,69.45326996,-90.11915588
581.400000,,,69.45339203,-90.11906433
581.450000,,,69.45350647,-90.11898041
581.500000,,,69.45362854,-90.11889648
581.550000,,,69.45375061,-90.11880493
581.600000,,,69.45386505,-90.11872101
581.650000,,,69.45397949,-90.11862946
581.700000,,,69.45409393,-90.11853790
581.750000,,,69.45420837,-90.11845398
581.800000,,,69.45432281,-90.11837006
581.850000,,,69.45443726,-90.11828613
581.900000,,,69.45455170,-90.11820221
581.950000,,,69.45465851,-90.11812592
582.000000,,,69.45477295,-90.11804962
582.050000,,,69.45487976,-90.11797333
582.100000,,,69.45498657,-90.11789703
582.150000,,,69.45510101,-90.11782074
582.200000,,,69.45520782,-90.11775208
582.250000,,,69.45531464,-90.11767578
582.300000,,,69.45542145,-90.11759949
582.350000,,,69.45552826,-90.11752319
582.400000,,,69.45564270,-90.11743927
582.450000,,,69.45574951,-90.11736298
582.500000,,,69.45585632,-90.11728668
582.550000,,,69.45597076,-90.11721039
582.600000,,,69.45607758,-90.11713409
582.650000,,,69.45618439,-90.11706543
582.700000,,,69.45629883,-90.11698914
582.750000,,,69.45640564,-90.11691284
582.800000,,,69.45651245,-90.11683655
582.850000,,,69.45661926,-90.11676788
582.900000,,,69.45672607,-90.11669159
582.950000,,,69.45682526,-90.11661530
583.000000,,,69.45693207,-90.11653900
583.050000,,,69.45703125,-90.11645508
583.100000,,,69.45713806,-90.11637878
583.150000,,,69.45723724,-90.11630249
583.200000,,,69.45733643,-90.11622620
583.250000,,,69.45744324,-90.11614990
583.300000,,,69.45754242,-90.11607361
583.350000,,,69.45763397,-90.11599731
583.400000,,,69.45773315,-90.11592865
583.450000,,,69.45782471,-90.11585999
583.500000,,,69.45791626,-90.11579132
583.550000,,,69.45800781,-90.11572266
583.600000,,,69.45809937,-90.11564636
583.650000,,,69.45819092,-90.11557770
583.700000,,,69.45827484,-90.11550903
583.750000,,,69.45836639,-90.11544037
583.800000,,,69.45845032,-90.11537933
583.850000,,,69.45854187,-90.11531067
583.900000,,,69.45862579,-90.11524200
583.950000,,,69.45870972,-90.11518097
584.000000,,,69.45879364,-90.11511993
584.050000,,,69.45887756,-90.11505890
584.100000,,,69.45896912,-90.11499786
584.150000,,,69.45905304,-90.11493683
584.200000,,,69.45912933,-90.11487579
584.250000,,,69.45921326,-90.11481476
584.300000,,,69.45929718,-90.11476135
584.350000,,,69.45938110,-90.11470032
584.400000,,,69.45945740,-90.11463928
584.450000,,,69.45954132,-90.11457825
584.500000,,,69.45961761,-90.11451721
584.550000,,,69.45970154,-90.11445618
584.600000,,,69.45977783,-90.11438751
584.650000,,,69.45985413,-90.11432648
584.700000,,,69.45993805,-90.11425781
584.750000,,,69.46001434,-90.11419678
584.800000,,,69.46009064,-90.11413574
584.850000,,,69.46016693,-90.11407471
584.900000,,,69.46024323,-90.11400604
584.950000,,,69.46031952,-90.11394501
585.000000,,,69.46039581,-90.11388397
585.050000,,,69.46047211,-90.11382294
585.100000,,,69.46054077,-90.11376190
585.150000,,,69.46061707,-90.11370087
585.200000,,,69.46068573,-90.11363983
585.250000,,,69.46075439,-90.11358643
585.300000,,,69.46082306,-90.11352539
585.350000,,,69.46089935,-90.11346436
585.400000,,,69.46096802,-90.11340332
585.450000,,,69.46103668,-90.11334991
585.500000,,,69.46110535,-90.11328888
585.550000,,,69.46117401,-90.11323547
585.600000,,,69.46124268,-90.11317444
585.650000,,,69.46130371,-90.11312103
585.700000,,,69.46137238,-90.11306000
585.750000,,,69.46144104,-90.11300659
585.800000,,,69.46150208,-90.11295319
585.850000,,,69.46157074,-90.11289978
585.900000,,,69.46163940,-90.11283875
585.950000,,,69.46170044,-90.11278534
586.000000,,,69.46176910,-90.11273193
586.050000,,,69.46183014,-90.11267853
586.100000,,,69.46189117,-90.11262512
586.150000,,,69.46195221,-90.11257172
586.200000,,,69.46201324,-90.11251831
586.250000,,,69.46208191,-90.11246490
586.300000,,,69.46214294,-90.11241150
586.350000,,,69.46220398,-90.11236572
586.400000,,,69.46226501,-90.11231232
586.450000,,,69.46231842,-90.11225891
586.500000,,,69.46237946,-90.11221313
586.550000,,,69.46244049,-90.11215973
586.600000,,,69.46250153,-90.11211395
586.650000,,,69.46255493,-90.11206055
586.700000,,,69.46261597,-90.11201477
586.750000,,,69.46266937,-90.11196136
586.800000,,,69.46273041,-90.11191559
586.850000,,,69.46278381,-90.11186218
586.900000,,,69.46283722,-90.11181641
586.950000,,,69.46289825,-90.11176300
587.000000,,,69.46295166,-90.11171722
587.050000,,,69.46300507,-90.11166382
587.100000,,,69.46305847,-90.11161804
587.150000,,,69.46311188,-90.11156464
587.200000,,,69.46316528,-90.11151886
587.250000,,,69.46321869,-90.11147308
587.300000,,,69.46327209,-90.11141968
587.350000,,,69.46332550,-90.11137390
587.400000,,,69.46337891,-90.11132812
587.450000,,,69.46342468,-90.11128235
587.500000,,,69.46347809,-90.11123657
587.550000,,,69.46353149,-90.11119843
587.600000,,,69.46357727,-90.11115265
587.650000,,,69.46363068,-90.11111450
587.700000,,,69.46367645,-90.11106873
587.750000,,,69.46372223,-90.11103058
587.800000,,,69.46377563,-90.11098480
587.850000,,,69.46382141,-90.11094666
587.900000,,,69.46386719,-90.11090851
587.950000,,,69.46392059,-90.11086273
588.000000,,,69.46396637,-90.11082458
588.050000,,,69.46401215,-90.11077881
588.100000,,,69.46405792,-90.11074066
588.150000,,,69.46410370,-90.11070251
588.200000,,,69.46414948,-90.11065674
588.250000,,,69.46419525,-90.11061859
588.300000,,,69.46424103,-90.11057281
588.350000,,,69.46428680,-90.11053467
588.400000,,,69.46433258,-90.11048889
588.450000,,,69.46437836,-90.11045074
588.500000,,,69.46442413,-90.11040497
588.550000,,,69.46446991,-90.11035919
